category_id,category_key,entity,expense_type,category_label,is_uncategorised,transaction_rows,transaction_value
55,0ac0ba70ee4afb0c5b5b5c50599d88cc7418938c4cf27a5cd2e2b4528ab709e4,Manchester City Council,Househld Ins Premium,Manchester City Council — Househld Ins Premium,false,1,933.22
208,216460de9a92ff030a5b491310b36e449ac17347c61c62b229a5ac021bd73308,City of York Council,Professional Fees,City of York Council — Professional Fees,false,4695,15635838.17
233,26cb906a4264dc22b1fd8e0a3fc6b91c8c9cf13a9de0a3204e94782af6bed572,Ministry of Justice,EXP - PURCHASE OF GOODS/SERVICES - TELECOMS - Maintenance - non-mobile,Ministry of Justice — EXP - PURCHASE OF GOODS/SERVICES - TELECOMS - Maintenance - non-mobile,false,15,986901.06
242,285b5917f8532fdcde35ce9aad7454e0311fce288592b08e4aa77997880b5ae5,Manchester City Council,Residential Care Homes Payments,Manchester City Council — Residential Care Homes Payments,false,6087,72934119.43
257,2aa25f576fe7e5b89555045414e038b7529bcb139ac504e13d09d271d0536ece,Department for Transport,Mail Collection/Delivery Costs,Department for Transport — Mail Collection/Delivery Costs,false,24,5078947.23
259,2ae257b577ff89ded7cc05ca9090da1d93e165be7bbc3d1734f9d3ac99567736,Department for Transport,Navigational Warnings,Department for Transport — Navigational Warnings,false,1,64000
267,2bbdc2b5d792ff5ef15a033a34bf64353601a393b60b97c67110785e0b233107,HM Revenue and Customs,Camera lenses,HM Revenue and Customs — Camera lenses,false,1,16233.92
434,454b29f736dac9e5e83a41e075db2010e55f4d4eb6bdcf7431a1e6ba6636e595,Department for Transport,IT EQUIPMENT CAPITAL COST,Department for Transport — IT EQUIPMENT CAPITAL COST,false,8,1474488.51
486,4ee3aed59afa5ec96785cca2365f615398b8b1982d23b2d9fd0591c7de94b3dc,Department for Transport,Subsistence UK,Department for Transport — Subsistence UK,false,8,605212.05
601,603796ea764e1299a718a8daf5a0e7d1a4ce1dae735580f8537c123893cdca12,Department for Transport,Subscriptions,Department for Transport — Subscriptions,false,1,27125
726,7368671020cac231af75824e80668e2618d621ff789b4a0cb9bf87cb6cfbe67e,HM Revenue and Customs,Facility rental,HM Revenue and Customs — Facility rental,false,35,4120986.36
730,73b7b0c911be0ddad33b1c29c3a89b6f97660f3ef6611da33f8f9507e7a7dc23,Manchester City Council,Perm Nurse Home Care,Manchester City Council — Perm Nurse Home Care,false,331,-1300795.52
766,7891fb89d3928c735052620e9cceeef278814955f0fea7780f7dcc3664b046db,Bristol City Council,Client Transport,Bristol City Council — Client Transport,false,190,635095.45
825,816d5810ba650db49d6c68c0df88dbbe13269d85e6cf4f0b6788a2ce835be302,Manchester City Council,Professional Fees,Manchester City Council — Professional Fees,false,810,7144464.71
1080,ab5691a2740286003733d41f4ac91266c851d21c2de496e1f70f8f7ff414c886,Department for Transport,BANK CHARGES,Department for Transport — BANK CHARGES,false,15,2328677.15
1144,b59e88673a95d6c46067252fcf3d7f4e3c2f311c96666694dd2009b39019e590,Ministry of Justice,EXP - PERMANENT UK STAFF - BASIC SALARY - STAFF RECHARGE - RECOVERY,Ministry of Justice — EXP - PERMANENT UK STAFF - BASIC SALARY - STAFF RECHARGE - RECOVERY,false,1,44484.2
1247,c55dabc56e85856d48101c724d4e8b2f1ec7f40c8f657a3658f098eae46b8fcf,Department for Transport,Commercial Partner: Non staffing,Department for Transport — Commercial Partner: Non staffing,false,9,600242.83
1252,c5efdf01c0734c077e089f15ee846b15022003c547d1f709893e3d3500dc047b,HM Revenue and Customs,Professional Services - Property Services,HM Revenue and Customs — Professional Services - Property Services,false,1,35958
1286,cacb32d9b0e229c2cd6e8791874e21e7ce978db4e31a5f893203e4973c314895,Department for Transport,Business Services,Department for Transport — Business Services,false,154,79079249.26
1491,ea7f42c0f8fd52bf9d2c37de2ed22977bff56203a4bee9ebe3a97c6ffd38f1c1,Department for Transport,Postage,Department for Transport — Postage,false,8,308901.46
1499,ec151b197f2aefc38f3adf2551c3609f53634742a9956aafe756f5fe8ddae800,Department for Transport,Direct Weather Services,Department for Transport — Direct Weather Services,false,4,855863.4
1517,ef70050fdd5c97ddae799657f90b4878ab72fb54dfa20a848d2b1aa41d273988,Bristol City Council,Marketing \ Non-staff advertising,Bristol City Council — Marketing \ Non-staff advertising,false,261,340161.3
42,083076f347fc0def9f21daddb25bda94f07193f20d3b25d56325b0a5a0794d3c,Ministry of Justice,EXP - CURRENT GRANTS TO PRIVATE SECTOR - NON PROFIT INSTITUTIONS SERVING H'HOLD,Ministry of Justice — EXP - CURRENT GRANTS TO PRIVATE SECTOR - NON PROFIT INSTITUTIONS SERVING H'HOLD,false,172,34485675.11
74,0d3ea5d87502a414f883361e0990965f650df859ac5d088e88c848a22fdc4a83,City of York Council,Residential Care,City of York Council — Residential Care,false,12050,68729833.21
76,0d9333b94050596368fceddb119ac5ecef07eed6de97111406e9d878b2164d39,Department for Transport,New Assets for Capitalisation,Department for Transport — New Assets for Capitalisation,false,12,1335967.16
94,0f94088eb2415d77b54bb3927ce40157dbc39b9c54ea74fb29c09f46d618330d,Department for Transport,Auc - Plant & Machinery,Department for Transport — Auc - Plant & Machinery,false,6,379556.16
126,15312d4a33a2589a500efa69463df606791a8f485573e0c2840270310e949048,Ministry of Justice,Exp - Purchase Of Goods/Services - Consultancy,Ministry of Justice — Exp - Purchase Of Goods/Services - Consultancy,false,102,29811963.48
237,2767bb561817a285766be9f8494ad4c997cb990e5bdb1888c35841fa8e57d243,Ministry of Justice,EXP - PURCHASE OF GOODS/SERVICES - ACCOMMODATION & BLDNG MANAGEMENT - FM - Hard Variable Costs - £750 to £5k,Ministry of Justice — EXP - PURCHASE OF GOODS/SERVICES - ACCOMMODATION & BLDNG MANAGEMENT - FM - Hard Variable Costs - £750 to £5k,false,1,96316.85
295,30429c57e76f661df96efb331708faa3d7d6b60de51feece26f8ce10d6e74609,Department for Transport,Secondments,Department for Transport — Secondments,false,31,1591738.34
300,30706c5c65d8071f4f8d9ec839419d6c8325294ea6b355b85554974c6e41db14,Manchester City Council,AGMA Contributions,Manchester City Council — AGMA Contributions,false,2,1912414
313,3250426dc347f2396b282568a3277afc39359835bad6c2e4f148f3b2c7780bee,Department for Transport,Technical Partner: staffing assistance,Department for Transport — Technical Partner: staffing assistance,false,33,9367447.35
427,442a5eac0167c397c9fba25bbfefa61c4595a45219bc44c24dabc8017d7aee9a,Department for Transport,P&M CAPITAL COST,Department for Transport — P&M CAPITAL COST,false,2,259284
549,585d58226f220c80c0c1e9f75ded803f2e5b61e5213f18ae697020cb6c4034fb,Department for Transport,STATIONERY (NON-STOCK),Department for Transport — STATIONERY (NON-STOCK),false,2,52692.38
614,630f33ff86e59367f1a827e0fafd0a2b2617555f348fa1a5411301cfe7131102,HM Revenue and Customs,Mail/pickup/del serv,HM Revenue and Customs — Mail/pickup/del serv,false,14,669809.41
647,68ab7c2906b438119e7ce6e62898dec30765040e1ac23f5dbacd615004432a90,HM Revenue and Customs,Consultancy - P&C,HM Revenue and Customs — Consultancy - P&C,false,16,679267.34
651,6928b699bbc01646e322ade01e0a55fe1c721f65a07e1e4fcf3690e18df5f823,Bristol City Council,TPP - Sports Facilities,Bristol City Council — TPP - Sports Facilities,false,27,3683007.09
698,6f180286e6d1fab72a3e3de418be7b87c5211d6f51223009236b493f2dc1437a,Department for Transport,Software,Department for Transport — Software,false,22,2459722.12
713,714b66c0eee204f3dd8a54253b9e1bee11f2ebf53a9c2a2a753d0cc44a10fd7c,Department for Transport,Facilities Management Charges,Department for Transport — Facilities Management Charges,false,37,8755945.08
731,73dc430bfda0255c014eaf8b11bf5bd138443503c0bcc1326ea6080312de4dde,Department for Transport,RECRUITMENT ADVERTISEMENT,Department for Transport — RECRUITMENT ADVERTISEMENT,false,2,80820.07
796,7c1c33c183bcffda963573b12739eed5614808e2b9517b1150949d33ae65da9b,Manchester City Council,VAT Input Tax,Manchester City Council — VAT Input Tax,false,90,-543390.1
801,7ddea6cf5040582ba9504af67ad12fd3f1bef0ca994fd17e283708103e02d7bb,HM Revenue and Customs,Soft Licen Off Bespo,HM Revenue and Customs — Soft Licen Off Bespo,false,22,2861909.66
807,7f190a7d50467d3d5e1f79227d1e09de928c54d4c570fa5e6da5e87f7e8d76f3,HM Revenue and Customs,Laser printers,HM Revenue and Customs — Laser printers,false,6,268366.44
828,81d010820af0d75abc34ef59f02d2588075bd0380153d6d08c76140d33eb9a9a,Bristol City Council,Vehicle Maintenance - Accident Repairs,Bristol City Council — Vehicle Maintenance - Accident Repairs,false,119,219614.58
930,9263c4a4bfca3d4fcf00d80df771d1af76cbe46be1d6a4b700a035dd0ddad191,HM Revenue and Customs,Publications,HM Revenue and Customs — Publications,false,4,47782.02
960,993a506c073974fb9c7202fbbec5d238d5c9fa0f4871b725d3b6d64dd49b8466,Department for Transport,Payroll Contract,Department for Transport — Payroll Contract,false,4,180476.24
969,9b00ec2a2e292505fb1dc4c548cf6ae652451ed98023ae38b90a4d2118a483e1,Department for Transport,Computer Consumables,Department for Transport — Computer Consumables,false,1,41760
978,9c8d9b686ced96d5107aa76d20ee88c2a55a9f61b6961424716afc80f06db78c,Manchester City Council,Vehicle contract hire and leases,Manchester City Council — Vehicle contract hire and leases,false,1,625
1001,9fa5391e0d725d5c64b7558cb3b420cd8f93355b692c2e845b5e1e95896e250f,HM Revenue and Customs,Tablet computers,HM Revenue and Customs — Tablet computers,false,3,9999658.02
1023,a3ac762b06fcb604ce7e8a1f62f54eb696b89e1b594eb6643a9b34992548344f,City of York Council,Vending Machine Supplies,City of York Council — Vending Machine Supplies,false,1,353.83
1174,b9b434db3626863d663b20f6db531f23521daf553cd53dc57c340617b53e6aeb,City of York Council,Transport Allowances Repayment,City of York Council — Transport Allowances Repayment,false,85,64600.32
1194,bdb266db963a7fa06dbb231328cecf50b1ac59871d1c5313176156cbce4d1615,City of York Council,PRS,City of York Council — PRS,false,4,29904
1272,c89433642d5417ccc4e8922e8a0bde7e4cc72ab647614d92cdedde0ead2508f8,HM Revenue and Customs,Prop. Man. (Ir VAT),HM Revenue and Customs — Prop. Man. (Ir VAT),false,63,6050537.59
1301,cdafd1ece4adcafab4b253732cafbf3ad59d2343812860cba4656953e457dd41,Department for Transport,Hotel Accommodation,Department for Transport — Hotel Accommodation,false,4,931638.57
1461,e69fbe0681d629e2e7c190587fcbd4ef627ed8e6aa41fdad7873b115521725ec,HM Revenue and Customs,Data Purchases,HM Revenue and Customs — Data Purchases,false,3,342311.04
1508,ed28aeafc425b9cdb1721d4d0af30d482e9230e320d6727fe7934d6382236131,Manchester City Council,Foster Payments,Manchester City Council — Foster Payments,false,20481,33576524.47
1535,f20f8287c5b0539342e38f6de79ed0678e1ed0dbd3c4bfcd853df6d390460f1c,City of York Council,Staff Hospitality and Refreshments,City of York Council — Staff Hospitality and Refreshments,false,7,3877.83
1551,f41256594f497ab49e0ecb2cd021e14f920844151580475c5ab977e216750694,Department for Transport,Legal advice,Department for Transport — Legal advice,false,12,478222.92
1595,fa2049c1ca49c7a53b6e32ec513b1d2749d1a9c816e9933b9681956b8c355a66,City of York Council,Staff Bus Travel,City of York Council — Staff Bus Travel,false,8,3864.37
22,04b5e3d4501af1b8be2ec210b43202f4f0e3799f724ae1084c4d6ac24afcf22a,Department for Transport,MOTORCYCLE MAINTENANCE,Department for Transport — MOTORCYCLE MAINTENANCE,false,2,100507.61
111,1266d9148168246d9a177ffe48bfaba4260550a91ce91406941c35e5ef58ac6c,Department for Transport,Cleaning Contract - Buildings,Department for Transport — Cleaning Contract - Buildings,false,2,155412.84
117,134017a7b9a86be2d9e90b1ee4efb10437a213a96678ce0b38c2571a50b97cd0,Bristol City Council,Acquisition of Land,Bristol City Council — Acquisition of Land,false,3,248344
158,1b3727dcc9b19e2b176595d149ab83d894257de1be5af466969eabbb42ea376c,Manchester City Council,Printing,Manchester City Council — Printing,false,390,1250800.57
183,1eea2bdaa5e08e83262640d5a8036f174f940f31d99be0354fe60bb55ab0cb74,Bristol City Council,Internal Trading Charges - Accountancy,Bristol City Council — Internal Trading Charges - Accountancy,false,21,1050
187,1f4c5e34a64febc240e5cb38e5cc34856d8f330160c65c8d19a4f43a580761fb,Manchester City Council,Travel Season TLS,Manchester City Council — Travel Season TLS,false,92,96999.37
211,224afd177dbecab313ba1d70ffbc0e0a6bcaf9a9fe1474c2eeca761896dadede,Manchester City Council,Charges for Home Car,Manchester City Council — Charges for Home Car,false,5,-58645.97
238,27dfcabcb5f7fa55d5014050965a483d699c5599d808c8dc16bc22b6c0116488,Ministry of Justice,EXP - PURCHASE OF GOODS/SERVICES - OTHER PROFESSIONAL SERVICES - LEGAL SERVICES - THIRD PARTY LEGAL COSTS,Ministry of Justice — EXP - PURCHASE OF GOODS/SERVICES - OTHER PROFESSIONAL SERVICES - LEGAL SERVICES - THIRD PARTY LEGAL COSTS,false,53,5364474.14
275,2d4f32a28c0ae264bff0b5110cce95bf96a13f296eafaed1b752dc4ccf15fb8a,Department for Transport,CP - Equipment Storage and Maintenance,Department for Transport — CP - Equipment Storage and Maintenance,false,16,662411.96
277,2d87a136d1e3ba058e4efcab49aed49d158412d7b085d3694601520876dcf94e,Ministry of Justice,"EXP - PURCHASE OF GOODS/SERVICES - OTHER - Judicial Books, Newspapers and Stationery","Ministry of Justice — EXP - PURCHASE OF GOODS/SERVICES - OTHER - Judicial Books, Newspapers and Stationery",false,35,8926235.78
291,2f8dffeaf040a985613d7af3616e74e7963a321a0acf43b672606c8997b8e4ce,Department for Transport,RM Cost Reimbursable,Department for Transport — RM Cost Reimbursable,false,672,49154718.03
320,334842cbabb8e0564dd213e47543f796cbdf9f9f06ca5300f04c75c3728f48ec,Department for Transport,Enterprise Telephony,Department for Transport — Enterprise Telephony,false,2,271916.4
455,495eaa900296cbeab515989f47192181734cbdf3ca8c20cf0868991be85dec97,Bristol City Council,TPP - Short Term support (Respite Care),Bristol City Council — TPP - Short Term support (Respite Care),false,4,9196.77
566,5adf4ca2a4e9404e4305091d5f92ee1484a6af50e55c26eff94074b521054d3a,Manchester City Council,Car Allowance Claims,Manchester City Council — Car Allowance Claims,false,44,285746.66
628,65f210afc251975e6e0ae7b0f5c9fd57ab1f922fc6dc063d524db98fabc22540,Department for Transport,Machinery Rental,Department for Transport — Machinery Rental,false,3,100184.54
631,6673b864edbe249790d460d7bf559c9b7bdb5024b4b361eacc97b3c0ecd9e857,Department for Transport,Other external training costs,Department for Transport — Other external training costs,false,50,2389908.79
653,69651b3a32b68c5b425769614dd0da94d774a28267eb11b232fc84849e9cb102,Manchester City Council,Construction Works,Manchester City Council — Construction Works,false,889,25308593.03
664,6a88f0dc6673cb3f1f3cb1c79781077a6d9544fa2b401029ed257d6cbb74f3bb,Manchester City Council,Bed & Breakfast Acc,Manchester City Council — Bed & Breakfast Acc,false,894,6194477.32
684,6c093d6676baa1ece43c620e2c7bc19623d17f43536361aa3a650de1e26b4f8e,HM Revenue and Customs,Desktop Managed Serv,HM Revenue and Customs — Desktop Managed Serv,false,18,5166636.21
741,753bdabc1e400d91bb165d15afa4e1795fea2d3587218b65eb2ec5b8ab7b4c21,Department for Transport,L & P Partner: staffing assistance,Department for Transport — L & P Partner: staffing assistance,false,12,911726.42
767,78c79b90b87dc3ec8243aa4466563cb710a88eea07125d19a533f58f2f3d81f8,Department for Transport,Improvement Works (Non Cap),Department for Transport — Improvement Works (Non Cap),false,12,3020911.26
858,87d17cdb97e1e14e60e694b0d22adc225c69b78c5004e31b577a48629181b1b2,City of York Council,Funeral Services,City of York Council — Funeral Services,false,58,98716.1
867,8877da0c5e615124f0ee6c9244a579dbce59ea42136be921d3a75aefce850d67,Manchester City Council,Fees,Manchester City Council — Fees,false,237,146642.57
915,8efe6711d50675cb9539f2fdd5f334d5c2158f7089b925062771dd242a3749c8,HM Revenue and Customs,Projects,HM Revenue and Customs — Projects,false,24,22703155.77
1042,a552d4f824f8bc0ec61ab9752f6ff72d95274966cf03c1ae37b5bca694af2be0,City of York Council,HRA Estate Improvements,City of York Council — HRA Estate Improvements,false,30,23431.46
1130,b43120ca579b8fd415b86ae5a0b777f6af08d9d0c21c6ead7d7e0b15c2d61b38,City of York Council,Operational Equipment,City of York Council — Operational Equipment,false,1952,2036432.25
1156,b7583a0d66011e26d80d455ff206bfd07119d0dacc3ac1eff1ccc1aaef9717bf,HM Revenue and Customs,Conferences,HM Revenue and Customs — Conferences,false,25,941513.24
1196,be190b781ba2c274f3c239930b0f5312cc21083d738ee39614ff16b66fd4067e,Bristol City Council,Vehicle Purchases,Bristol City Council — Vehicle Purchases,false,19,292038.33
1351,d57d8b169ac8154deff90a042b69b830e924b6a2476a3d4c07c15df400db6414,City of York Council,Capital Furniture & Fittings,City of York Council — Capital Furniture & Fittings,false,58,32016.79
1462,e6bf2cf09f0aba6346c3516356e694631672a45ecdae7a0673e1e6143fd908f9,HM Revenue and Customs,Travel Service Booking Fees,HM Revenue and Customs — Travel Service Booking Fees,false,7,11.28
50,0987987d5dce739482c56f5cd0e75771f73d6a08b4f8b74e718d3c72965a5408,Manchester City Council,Court Fees,Manchester City Council — Court Fees,false,82,770406.26
80,0da229bb03a8ae11448da1827e6b2097424ca9c285e2dd32288e949b62ad6379,Department for Transport,External training leading to qualifications,Department for Transport — External training leading to qualifications,false,3,219150.65
119,13c8b3373122ee3d04a17c1ce9905790e4999e0f16d573a4354d25c564e808bc,Department for Transport,EU Cap Grt NDPBs,Department for Transport — EU Cap Grt NDPBs,false,2,104450.97
152,1a16d2aa6fbd2f03f82d1ed9492ed845528b2e5bb5decb0bcc4fada1cb5cfc19,Department for Transport,PRINTING,Department for Transport — PRINTING,false,3,103544.42
214,2390546a9c5f0a69ee56be161b97416ac9d15aba7b2f1bb8f0ab6820f432c61d,City of York Council,Bailiffs,City of York Council — Bailiffs,false,90,16348.13
316,330fd9dd3a6c4946b26f1f9e6c115d2e58cd38e59d356c4012493044d4fe2231,Department for Transport,CG - Vehicles Maintain/Repair,Department for Transport — CG - Vehicles Maintain/Repair,false,18,928644.76
339,35baff01e54315eb5871b13eeeb85684e5bafc790ff5feae1318038a3475abd4,City of York Council,Gas Maintenance Contract,City of York Council — Gas Maintenance Contract,false,6,1903.82
391,3ef7982b422ef7d2e8cad2ea54cf02d23e7ce13a2a162331b0ed466a099cf1ed,HM Revenue and Customs,Computer accessories,HM Revenue and Customs — Computer accessories,false,5,184270.03
419,42fe0cd01a08e855786c8dab25b4c08a0959006151f9dc040cd46553fb35de78,Manchester City Council,Transport Taxis,Manchester City Council — Transport Taxis,false,104,893617.26
458,4a3622d3db5ed9a172b9a0589180b8f9ba07720d2e47ea2c5e335d45a93dfb54,Manchester City Council,Telecoms Maintenance,Manchester City Council — Telecoms Maintenance,false,3,8448.52
507,52588b05580b13a762ffeff1f4b6b81c70130dc6d1aa31f1f03da75f93560258,City of York Council,Housing Disturbance Allowances,City of York Council — Housing Disturbance Allowances,false,3,3813.93
528,54f415f8ef5449791fcbd89ec0dd9a0a894407b966a4aa83505a2e26ea4f6bf4,Department for Transport,Hire Of Premises,Department for Transport — Hire Of Premises,false,2,90204.86
571,5c1827ae7870b99a7d634ed550e29036ef95dded89181182c5532b3c2196c429,Manchester City Council,VPF&E Fees,Manchester City Council — VPF&E Fees,false,1,3220
580,5d7e8ccb0f74b24495a4980918766fcbb6037e865326bd91bcab1d3bf732bfc5,Department for Transport,Agency Memberships Subs.,Department for Transport — Agency Memberships Subs.,false,2,77357.73
609,62a84329deb676b7115fe756d972418e7bdc393b1c510f09938e0dd8d7b4702f,Department for Transport,Spoc Fib Intel Checks,Department for Transport — Spoc Fib Intel Checks,false,3,106540.34
688,6c7e5756e17874299347121fc3b6e569a04b976c0de9ef8e737e433b6e9c6585,Department for Transport,Publications & Printing,Department for Transport — Publications & Printing,false,1,27149.76
746,75ffe7c9e3a284206d01e240669632b3d519d7aefd07bda760d04c6bd18a0b82,City of York Council,IT Hardware Purchase,City of York Council — IT Hardware Purchase,false,148,1962121.36
753,7698951ae8d412a2d584f117bab1955bf069c56174c8e1fb6fcf5b58ddb77e63,Manchester City Council,Communications,Manchester City Council — Communications,false,3,4401.89
754,76a8cf280ebe541566d25e8d82380a55f0f4656280ec3aaf2eb00a8cae04d0a8,City of York Council,Decoration,City of York Council — Decoration,false,13,14674.06
770,7972ff53fc997841a86ab1aaec480a83aba9b8b587cfdc4c6f86fd6ad3510d4c,City of York Council,Fire Insurance Repairs,City of York Council — Fire Insurance Repairs,false,1,280
877,89cf09c03a222ab10871435548493cd4b69e6b6a549578eb63eff9604cd23529,Bristol City Council,TPP - Recycling Contract,Bristol City Council — TPP - Recycling Contract,false,1,592.5
895,8c081544cc3532c427651b1f1d0ba457fa2787fa9227d2c0f2fa67e8ea503cdf,Department for Transport,Insurance,Department for Transport — Insurance,false,2,92481.36
1052,a71317eca438cab682a90f5ef0bd131d5bb5ea19200cf1b00d782fee8d8f3140,City of York Council,Superannuation (APTC),City of York Council — Superannuation (APTC),false,8,23336.28
1061,a7e29bf568dffc6b8e0e2f3b72fa51ee3981bad942f2d0dd89ccc64464bbec51,City of York Council,Vehicle Running and Maintenance Costs,City of York Council — Vehicle Running and Maintenance Costs,false,33,65976.5
1067,a8f3b249688b0d30fb0d7529905155a6c33966b6ed8fb87a8e89586254a56405,Department for Transport,Navtex Support Services,Department for Transport — Navtex Support Services,false,14,1171647.61
1170,b947df9dc62b13515143426ab23ce47ff174d8c5ef2fb8e1d7c16d92a6d9c38d,Manchester City Council,Grounds Maintenance,Manchester City Council — Grounds Maintenance,false,204,904011.9
1222,c0ed357ca9fe5bd8ce95a2f8519ee77b4656a6d279ef1343eafdaf1d4b04f609,HM Revenue and Customs,FIS Specialist Opera,HM Revenue and Customs — FIS Specialist Opera,false,1,40176
1255,c62bee2f0cedcdb660983ffcaec1cd7708e92c5b7e897e136022126ba6f5540c,City of York Council,Concessionary Fares,City of York Council — Concessionary Fares,false,1,10007.9
1297,cd482aa11ec8468d75cc20b26e300a68da7ee5f43d29d91300434e1151b9c3d6,Bristol City Council,R&M - Departmental planned (external),Bristol City Council — R&M - Departmental planned (external),false,2292,6781788.37
1299,cd851b9736547d0ce88d020a5a80a4d68d9c13cfb71701ebdb4fb0beaa552429,HM Revenue and Customs,Project Development,HM Revenue and Customs — Project Development,false,148,75920160.52
1333,d28122628e9e2b0b6c0e560cfabc88fa9c42af96b921b1e9a4d809602332e94c,City of York Council,Tyres,City of York Council — Tyres,false,277,122399.64
1412,defc3b4947fca6e8fcb186b581814ebc5c609389a14e3184aee74f68b5a3536a,Department for Transport,Telephony,Department for Transport — Telephony,false,1,33280.2
1430,e29be260159b525834b60dc6e97e4db009695b4386bb20e0ba5dbde2d5349c55,HM Revenue and Customs,Contin Labor Build,HM Revenue and Customs — Contin Labor Build,false,177,77435382.48
1459,e640ccd809714fce460896d82528889145ce5dc748b58f56684c341da3f099b1,Department for Transport,Aviation Ancillary Costs,Department for Transport — Aviation Ancillary Costs,false,1,57155.04
1473,e7e33cd3e0c4a525ba1b22f96e7827319991552aa5bc2922a72c061058d83b74,Department for Transport,OTHER PROFESSIONAL FEE,Department for Transport — OTHER PROFESSIONAL FEE,false,5,797278.61
147,196e4317deb3ca65ee71eff653f7760272e02ead6edcd042513704b00f3769d6,Manchester City Council,"Consumable items eg Toilet rolls, soap etc","Manchester City Council — Consumable items eg Toilet rolls, soap etc",false,843,958772.71
150,19b0971db88d26701c26df5e3248019442d5918fc8bcc5b553a3b20f4b9c57df,City of York Council,Staff Advertising,City of York Council — Staff Advertising,false,55,38643.48
279,2dfd2b1f2f3d4c5b6b221f6164743193b41d13b5965a23ea605a581798ae7a7d,Department for Transport,Office Buiding Services Charge,Department for Transport — Office Buiding Services Charge,false,8,785076.24
338,35a80e5c8a69fb27bebf3fd21465317e3500b5dd32af11a1f5541170df10530e,City of York Council,Planning Fees,City of York Council — Planning Fees,false,4,3221
398,3feea670aded5169332e8412e0e43eb1e9d47abb8c3df81d42f5388205f02094,Manchester City Council,Engineering Ins,Manchester City Council — Engineering Ins,false,2,97499.99
408,418aeb716a6423bc5c8b5ed0e65458aa8e4773e746d229ec956a333eb3b5f629,Ministry of Justice,EXP - PURCHASE OF GOODS/SERVICES - OTHER PROFESSIONAL SERVICES - Claims Management,Ministry of Justice — EXP - PURCHASE OF GOODS/SERVICES - OTHER PROFESSIONAL SERVICES - Claims Management,false,1,865129.38
421,431ebfffdaa735f986db4b77cbfa95f6cc90886dc774dec66b3781ca4fe67ec1,Department for Transport,Marketing & Communications Consultancy,Department for Transport — Marketing & Communications Consultancy,false,14,531407.18
428,44b5332554f94b7dc28ee4f287eaa62b4e5da1634a7c1743d7fbfad749d5ce1e,Ministry of Justice,EXP - PURCHASE OF GOODS/SERVICES - END USER SOFTWARE AND HARDWARE - Printing,Ministry of Justice — EXP - PURCHASE OF GOODS/SERVICES - END USER SOFTWARE AND HARDWARE - Printing,false,3,474749.68
480,4e1cb0c6d5aaf9802d620b715b45bb64256663a71411b779641a76f8790c6767,Manchester City Council,New Share Capital,Manchester City Council — New Share Capital,false,1,6863
502,51b8da306f80da40680cc97402b8cf182406d1e6cb0f60dc97da5ff198384140,Department for Transport,CurrGrt LAs out AEF/,Department for Transport — CurrGrt LAs out AEF/,false,122,23158250.09
531,557fb95eaee616d9c45852d0728dfe251a6bfa0be96ebe7a3b89b4e6c4c9bce5,Bristol City Council,Solid Fuel,Bristol City Council — Solid Fuel,false,2,9998.7
582,5e1de4fd04b630e743b1c572cfc02f019b35e2c7b7ebd4d93f54f0d1f05f46c4,Department for Transport,Financial Consultanc,Department for Transport — Financial Consultanc,false,25,1945472.15
608,620cef056713af791b014ad8bc31b18118c023cce9fcfe37476fbb9e6b4af752,City of York Council,Quantity Surveying and CDM,City of York Council — Quantity Surveying and CDM,false,97,249795.78
638,676b53b1edad562ed7c4c61081942f6473daaba1dccb0ac8149a62e71f50a979,Department for Transport,TOCOpCosts(Pub),Department for Transport — TOCOpCosts(Pub),false,245,8972014025.84
659,69fba06d87056b6874f9df6ece5dafab3f8390c5ec1004acfc694d527bf33788,HM Revenue and Customs,License or Reg fee,HM Revenue and Customs — License or Reg fee,false,2,46068.48
667,6abce7286bfaa92cc70c9f289ebf3595a27cd278858b0336636d3a50c3584244,Bristol City Council,Bonds - Fairlawn Road - S38 Deposit,Bristol City Council — Bonds - Fairlawn Road - S38 Deposit,false,1,3140
745,759a3035f741a1047a59d1d2243856b53c57f7f3533df89582c8646d1ee640c4,Department for Transport,Storage & Distributi,Department for Transport — Storage & Distributi,false,4,323042.82
870,889e7897dd641be0e219f40e0bb246fa54c3a6072fd654ceec7f357e9857665d,Department for Transport,Comp H/Ware - Non FA,Department for Transport — Comp H/Ware - Non FA,false,3,251222.42
912,8e4cde275c9f424f173b31854bd8010e49066e29ec075f2a05cfa0be8fea6541,Bristol City Council,Furniture packs,Bristol City Council — Furniture packs,false,222,414880
926,90e6de9a52d1137d8ab8441c9fa3910c7e4d7a4159b76fc35cd79067f68128b5,City of York Council,North Yorkshire CC,City of York Council — North Yorkshire CC,false,50,14155616.4
968,9af088bb51e2217ef8f474c442f7f1ffabfd5f8497677d21b3e1af38da3ae1f8,Manchester City Council,Cont Oth Local Auth,Manchester City Council — Cont Oth Local Auth,false,2,10223.05
1002,9fc0dcb9b0e238cd60433391ed3b040b41e16a3e75c5369125c982240bfe4996,Bristol City Council,Heating Oil,Bristol City Council — Heating Oil,false,16,26867
1009,a148cf85af6759a14db58e8b808b655484e163b5d68159a8856c82941e8eb311,Department for Transport,CG - Rescue Equipment,Department for Transport — CG - Rescue Equipment,false,6,245677.6
1021,a38fd52c538f33996992f0bb7b5ee4245ee1a1fd94ad6db7bab9c2663b9268cc,HM Revenue and Customs,PROJECT Mandays HMRC,HM Revenue and Customs — PROJECT Mandays HMRC,false,388,56787598.9
1029,a42ed82f490795115245a8badf59d7cf7d77b8e4463a2974af631da5d56739d2,Department for Transport,Apprentice Levy C/A,Department for Transport — Apprentice Levy C/A,false,11,807292
1055,a752174ad8ef01fd627e418b7f998b470a07a1abd86497281dbfeb05817e2710,Bristol City Council,R&M - Departmental planned (internal),Bristol City Council — R&M - Departmental planned (internal),false,121,900459.3
1096,ad5cc5fd92760fc897869a81a94b5e544c543251ee88863f49c48778a8133429,Manchester City Council,Works and associated costs for Land and Buildings,Manchester City Council — Works and associated costs for Land and Buildings,false,1955,230625021.49
1189,bc45670f2cceaa52c9bf5d90a9a0ba825fa35d75dfcc7fdfeba58731911ce0bb,Department for Transport,IT Consultancy - Other,Department for Transport — IT Consultancy - Other,false,6,279587.9
1363,d716ec4a60401b7f3e46a3a341ee6df1ad0c64beb04d74a89b03035ba5ea8e8c,Department for Transport,UK - Hotel/Apartment,Department for Transport — UK - Hotel/Apartment,false,6,288197.15
1368,d809f8758cd5e76bb80bea72c6831b8f15464a77a90a4b7478c40cfba2085394,HM Revenue and Customs,Accommodation,HM Revenue and Customs — Accommodation,false,8,329964.8
1385,dae3da516f55169f38fa59c846cdea3dd0894ff51e273ad086cd9fa1788a21f8,Department for Transport,Estates PFI Unitary,Department for Transport — Estates PFI Unitary,false,13,9839184.92
1407,de115540ee18a1f1438400380bf985faaf7d5d311186f1f1fcea419eb2e0a3d7,City of York Council,Operational Materials,City of York Council — Operational Materials,false,1978,2643281.75
1453,e58b3f267ec8ad1a89f5f788b2d85399b146c119866383129d66a333f142cb20,Department for Transport,Abortive Fees - Cap & Fa Adjs,Department for Transport — Abortive Fees - Cap & Fa Adjs,false,2,121857.11
108,11c4d953ed5106995fc3d2cb29b7bcba3216ee56962c2e9b48d6cee68912b188,Manchester City Council,Internet access,Manchester City Council — Internet access,false,1,531.17
351,37c7dc73c10128c88a718ed9ac4afaf3f85006333919a83069b229dd872a9e60,Department for Transport,Payroll / Healthcare Cash Plan,Department for Transport — Payroll / Healthcare Cash Plan,false,1,25381.88
406,413e77e331935f7885d48269d02b8d02d30c1ea648fba3881ab9952bf6d65b57,Manchester City Council,Infrastructure Fees,Manchester City Council — Infrastructure Fees,false,15,424136.42
468,4c7ecb3d4fb3028f2e0c9570a85d658666553ca99609c5d1e2db8586fadf5f45,HM Revenue and Customs,Equipment & machiner,HM Revenue and Customs — Equipment & machiner,false,3,107944
520,53ad08cd4567b001967eda1679691c9dc8f58cca68d7fff652934954b085d6ff,Manchester City Council,Refuse Collection,Manchester City Council — Refuse Collection,false,372,23842724.51
564,5a85b30a4ec4ab36fdfdbf0d1a16748961e8df81d989f78a982a4d8d60adf6df,HM Revenue and Customs,Telephones-Landline,HM Revenue and Customs — Telephones-Landline,false,5,397642.14
596,5fb1564b668e29b774416b434f910e04e750ffce16a7045d0ecd05b7cdf8de7b,City of York Council,Contract Capital Works,City of York Council — Contract Capital Works,false,2470,75471760.98
624,653df0f6fad55cbe5b45a0252c4b11953e922ee395df6e4fdfe2e638ec377285,Manchester City Council,Elec Carl-Class1A NI,Manchester City Council — Elec Carl-Class1A NI,false,1,20492.45
669,6ad73b7edc9cd83dd363b2cae671e2b747eedc41e4254d704b6eeb193c4f8501,HM Revenue and Customs,Lab adapters,HM Revenue and Customs — Lab adapters,false,1,29277.78
670,6ad7d1e2da34496d9cb5a5fb4a76ceb3a0bac1da1f3ea9ae343fca37cb86669e,Bristol City Council,TPP - Grounds Maintenance,Bristol City Council — TPP - Grounds Maintenance,false,41,123378.13
685,6c0eb1cecec2e00bbb6daeb0fab423d6848eea1e7094db07f08d72e7a3193da9,HM Revenue and Customs,National postal EVAT,HM Revenue and Customs — National postal EVAT,false,43,54285025.83
720,7229454c2726fba9c6a1c4a6be80a80de71c6d66f77403790421e40feb089ff5,Bristol City Council,Books,Bristol City Council — Books,false,14,23965.2
906,8d9678ff23023756aeb2b06b60c98e2fa3085c25202faf36384da6850e22f454,Department for Transport,Corporate Travel Contracts (Finance Only),Department for Transport — Corporate Travel Contracts (Finance Only),false,22,4052092.89
908,8d9ea760e41f9be59af682bd4fcb11dd322d8953d9be04a00416ab0b8bc908d5,Department for Transport,TECH SVC SUP (TSS),Department for Transport — TECH SVC SUP (TSS),false,9,781085.17
965,9a138170dcff8750b2c1d1161b9c8aef859c03f58802ab2416b92ba68cf93bff,City of York Council,Customer Compensation,City of York Council — Customer Compensation,false,30,41835.35
1050,a6ce62a143e7502d7477f000a8da4cc4d035545dec16c2cb6e56a6b3b3280f67,City of York Council,Trade Union Duty Refunds,City of York Council — Trade Union Duty Refunds,false,15,171454.47
1074,aa98abb6d9083084d25fdbaa964a7f9a9b1888bd5d2f55e8e83e4ec8181ab178,Department for Transport,OCCUP HEALTH SCHEME,Department for Transport — OCCUP HEALTH SCHEME,false,1,31015.85
1114,b24d2ba415914cc55aa6eeb55578fee7bb7214869d4f104f46e5f4bf677c3e48,Ministry of Justice,EXP - PURCHASE OF GOODS/SERVICES - PERSONNEL RELATED - Staff Health and Safety,Ministry of Justice — EXP - PURCHASE OF GOODS/SERVICES - PERSONNEL RELATED - Staff Health and Safety,false,96,8893658.92
1132,b43d5204fd9ae01a050f534d43baef51360940dc5ebdc304e47ae1a1da3c1ad2,HM Revenue and Customs,Digital cameras,HM Revenue and Customs — Digital cameras,false,1,120
1141,b5297a8c04fea3f2ea34ba906b0a699cee6590d5cc324f8a93d25b9c0faabc33,Department for Transport,CM - Lump Sum Fees,Department for Transport — CM - Lump Sum Fees,false,905,93895819.33
1188,bc1f45683af1a70a2ba14b919d4feeae683c9eeee52bf0a0188ffd8e386c91a9,HM Revenue and Customs,I.T.-Hardware Maintenance,HM Revenue and Customs — I.T.-Hardware Maintenance,false,2,2826059.16
1203,be66586064709977c9fccb0133b17b0112af2c068bb8bc1a671aae3620cca081,City of York Council,Electrical Repairs,City of York Council — Electrical Repairs,false,76,30904.55
1211,bf6ff663cabbc8cf7d7f6403dd3dc8963c10b8bf16dfee0b3952c2b00a59de2c,HM Revenue and Customs,Phones - LL Rental,HM Revenue and Customs — Phones - LL Rental,false,2,14879.9
1278,c9a4e51de5950491a690646651c3fb8556f5b39d5e64c46b529bd6a7b07daf76,Department for Transport,Consultants Costs,Department for Transport — Consultants Costs,false,234,20988669.57
1311,cf6f82887048f720037ffaf324085ae4ba565526a68eb4687c39b1631bddcb36,Ministry of Justice,PPE - POA & AUC (OWNED) - COST - ADDITIONS - OTHER,Ministry of Justice — PPE - POA & AUC (OWNED) - COST - ADDITIONS - OTHER,false,15,2829595.15
1332,d2490ec6dfa95ae745119c4af2f2ce8aba785f248a4effb5f6bfb93a40a9ca98,Department for Transport,CG - Vehicles Fuel/Oil,Department for Transport — CG - Vehicles Fuel/Oil,false,11,371875.05
1338,d3043eb2f91cc57247d8c62cd5404d06a6d51fd2bc90242c00ac0b54bc488878,Department for Transport,Mobile Phone Contracts (Finance Only),Department for Transport — Mobile Phone Contracts (Finance Only),false,11,376324.65
1397,dc04a64b58ecb9e34e83c314ea0e292169abcc43f77230b4ddf7ff262b4315a4,Department for Transport,MACHINERY MAINTENANCE,Department for Transport — MACHINERY MAINTENANCE,false,2,59429.02
1422,e1411739a8b13b23109e4c0f1658d045c142fd433e2b9cf5bb758d0b271fbbdc,Ministry of Justice,EXP - PURCHASE OF GOODS/SERVICES - ACCOMMODATION & BLDNG MANAGEMENT - Other Occupancy Costs,Ministry of Justice — EXP - PURCHASE OF GOODS/SERVICES - ACCOMMODATION & BLDNG MANAGEMENT - Other Occupancy Costs,false,11,1742735.8
1488,ea2932ab05f01c79923f3a967aeed67f1a56956a4421bbb655ae0a0af81d66d7,Department for Transport,Third Party claims costs,Department for Transport — Third Party claims costs,false,5,403186.74
1545,f3743bea585581558181875a324c99c41420e9267bd86b84d209a87088c700e8,City of York Council,Purchase-Hire Of Exhibits,City of York Council — Purchase-Hire Of Exhibits,false,29,21448.69
1572,f6ad15f101ca214651c3e640ddc978a683fab04d51e401c3f964f83697288986,Manchester City Council,Security,Manchester City Council — Security,false,784,11507582.66
13,0215a18f4eca2ba3730773fc6296aeb2475146ab677b4d717643d78f8ffaae0e,Bristol City Council,Services - Bank Charges,Bristol City Council — Services - Bank Charges,false,1,15
25,052b7ff9c5aa2881eb885f0f55b573168648a1cb24901dbe68f8dff7e7de68cd,Department for Transport,Internal Audit Fees,Department for Transport — Internal Audit Fees,false,3,174900
54,0a4441db0ca6d99a34ded905daa4d3449405e422e9ab93772164f49f50998a28,Department for Transport,Electricity,Department for Transport — Electricity,false,55,12237271.03
63,0bbf6201757f12cd9c01b7b7e761acc2477161632a2b5ccb0ad0fff6d44fb8e6,HM Revenue and Customs,FIS Spec Req - Cap,HM Revenue and Customs — FIS Spec Req - Cap,false,1,19663.68
75,0d6657dbcc6b8cc04bf371bc008edf810f004bf9aa2e88020cc934cb35b5ac29,Manchester City Council,Meeting Refreshments,Manchester City Council — Meeting Refreshments,false,1,2043
124,14e5763feadda5740025b8410f5a77bb9aaafbf6670b358b2f130a12522e4a3a,Department for Transport,Other Prosecution Costs,Department for Transport — Other Prosecution Costs,false,13,917493.23
181,1e725821b10aac39854e2fae890f7425ca214274bd8cd9aa626d8b19fba1040f,Ministry of Justice,EXP - PURCHASE OF GOODS/SERVICES - CATERING & HOSPITALITY - Events and Conferences,Ministry of Justice — EXP - PURCHASE OF GOODS/SERVICES - CATERING & HOSPITALITY - Events and Conferences,false,108,4480442.93
382,3c23ed05e13f5be5252da4fc9aec2834ef5f1ec19a336975023819f0f747cf1b,Ministry of Justice,EXP - PURCHASE OF GOODS/SERVICES - OTHER PROFESSIONAL SERVICES - Pension advice & administration,Ministry of Justice — EXP - PURCHASE OF GOODS/SERVICES - OTHER PROFESSIONAL SERVICES - Pension advice & administration,false,93,9483375.38
392,3f096b79c3511ed9c4b9d7dbace05b288057324f2448832f467fc998de0b4fd0,City of York Council,GM Trees,City of York Council — GM Trees,false,126,114689.26
460,4a69918456a32c0cf963da325cc1db64ba22243f06b299957b2c16a5c1cc538c,Manchester City Council,Storage Costs,Manchester City Council — Storage Costs,false,104,167579.21
511,529a0f8addba8e63f54d60f5ccf5bd98d45c65fb18b1cb2a1cd5192135c21896,Manchester City Council,Subvention Payments,Manchester City Council — Subvention Payments,false,19,3386046
587,5ecba6ef983f2771b9dd217bb75b242309bd7489a9b2bfe0d7769260fedfb583,HM Revenue and Customs,Cycle to work scheme,HM Revenue and Customs — Cycle to work scheme,false,2,48063.6
603,60f14bc067049cff631a75434ebb4f73b0982914787d2c5be92291cb81e44f7e,Manchester City Council,Vehicle Plant Furniture and Equipment,Manchester City Council — Vehicle Plant Furniture and Equipment,false,174,1707601.96
654,697e0b6af124807ce4d65d29e4fa5239897e8b15c0a1af2e346c82bf755f46c9,Department for Transport,Information Technology (Owned) - Cost - Additions,Department for Transport — Information Technology (Owned) - Cost - Additions,false,84,15918444.12
686,6c244507a3bd9f89438c23237044e7b7edc4ee0ecd72bf5ffae8dbd2b8a76cca,Department for Transport,Telephone Calls,Department for Transport — Telephone Calls,false,3,139827.4
711,712bd371488ef8fdd7cfbd15b40bbc7abf49049130cf443babd27f7adb206f1a,Department for Transport,Hire Of Consultants,Department for Transport — Hire Of Consultants,false,14,754659.99
774,79b779cef1b79926942b32e187f5957b0a1306e9130b8d8b00183585b48f2116,Department for Transport,Engineering Services,Department for Transport — Engineering Services,false,1,26673.85
818,804f4edab7e3afbe4e96d79b690a49195d1deeda2afa44925c907b6232ee668a,Bristol City Council,"Plant, Equipment & Machinery","Bristol City Council — Plant, Equipment & Machinery",false,62,2288040.36
844,84f724f276d03e74a6727bdafd2bfc73077afdd02313f40d9249eca6c5e19803,Manchester City Council,Vehicle Hire Costs,Manchester City Council — Vehicle Hire Costs,false,142,1939052.26
853,86330b9277febc104147897351692dc1ed58b984f02ae311a7e02e7ae723705c,Department for Transport,OFFICE EQUIPTMENT (NON-CAPITAL),Department for Transport — OFFICE EQUIPTMENT (NON-CAPITAL),false,1,26685.9
982,9d6f4e95baf916bd4ac41f7aead577ec2b51bf846f11837a43662a148fd82c6e,Department for Transport,Small Software,Department for Transport — Small Software,false,53,6675672.42
985,9dd7127a2421d22aff6308c7cbb530b8728119102cea570f8e7174b8962befe7,Department for Transport,Corporate Travel Suspense Account,Department for Transport — Corporate Travel Suspense Account,false,12,769493.84
1043,a56a52c82d0cd9ef8ac5198c4913f8f1ea292147099f9e896e6f7b427a53d9e6,Department for Transport,Estate Legal Advisors,Department for Transport — Estate Legal Advisors,false,1,56524.9
1044,a5906098a7983144e7f1955f217f1c5dadd7a20920dd1fd7d4e905aab7454005,Bristol City Council,SUC - Residential Care independent sector,Bristol City Council — SUC - Residential Care independent sector,false,99,-19237.8
1115,b278cfc9fbf5b1bf45f0f598082296d9359a748cb33f8c35817bdc680a143878,Manchester City Council,Bank Interest Rec'd,Manchester City Council — Bank Interest Rec'd,false,3,-2505.6
1161,b7c6e9d6a21dcd0be3825ce64894815aa9f65cbec7e6ac4ec36f99ce51d02640,Manchester City Council,Postage,Manchester City Council — Postage,false,233,2718586.13
1179,ba9d1d796bab8a4112ea5c5feae73253aec340da835e8f0d54327bf02d3c384f,City of York Council,Bus Passes,City of York Council — Bus Passes,false,74,151437.7
1236,c3b62e700e80a9da00daaf69e15c4d652249a764c117c1894afcb21d3aed6636,Department for Transport,OCCUPATIONAL HEALTH SCHEME,Department for Transport — OCCUPATIONAL HEALTH SCHEME,false,3,243907
1282,ca28f9f997da360e8bff1f1f148336892011332261bd6bee2f306ce851b893ef,Manchester City Council,Licences Purchase,Manchester City Council — Licences Purchase,false,170,4566014.25
1304,cdf1ee718717f2603c6247486b9618e07d40509ff5d1ae9338026ddd893387c1,City of York Council,Abandoned Vehicles,City of York Council — Abandoned Vehicles,false,17,12296
1310,cf6e865e1a8c5010fd71fd475bb8a6ff07c770ae6544b5acb27272208c36e597,Ministry of Justice,Legal services,Ministry of Justice — Legal services,false,10,8149200
1320,d1adaac96897f39dceebfeb27955252462ffa8257635264ce2d423062d995c60,Manchester City Council,Motor Insurance Prem,Manchester City Council — Motor Insurance Prem,false,1,820.84
1335,d2c0099db51fd5265f434a1124254faca3364ab7bdee1d27768f0abc3ffd6448,Manchester City Council,Home Care,Manchester City Council — Home Care,false,10208,24384058.74
1344,d401584738e31d8701f522e001ec9f5a329bb1f87b3ff6edd201054113e15c77,City of York Council,R&M IT Hardware,City of York Council — R&M IT Hardware,false,182,2893684.45
1465,e71d239d8c0b5f91bcc3c3f4f2a35f043d8a716370471cafd0efd81cc115db6d,City of York Council,Fees,City of York Council — Fees,false,59,776386.84
1501,ec41ba3d0f7b3f73dacc8862fc09adc58b9d0d477d0acebf36368b0b604a0434,HM Revenue and Customs,Computer servers,HM Revenue and Customs — Computer servers,false,3,342491.26
1542,f321f3e06310cb09faf46d2d510eef19f777f678d3b90256d7e2a3e2ae6977ce,Department for Transport,Water,Department for Transport — Water,false,2,85590.48
1590,f9224f9115542d47c4acc2bfba2f57b5583b66916942138ad3409ffc8575c188,City of York Council,Multiple Placements,City of York Council — Multiple Placements,false,7,893.88
9,01a71a5577db4fc042e0a8902ea8b3372a7fb14fabf8a68cb0d04b6b86832109,HM Revenue and Customs,OGD costs,HM Revenue and Customs — OGD costs,false,11,2024471.97
96,0fad4f3c7eb455d3c3eb4308607262b0b8cd88dbb167fdfdc75a42b4e7c652af,Department for Transport,CP - At Sea Equip,Department for Transport — CP - At Sea Equip,false,5,841792.8
241,2854bdc6a39d3e36c3c4be453d5ab4ac8b7ea1802b1de125c8b2d0317fa70961,HM Revenue and Customs,Cross Government Ser,HM Revenue and Customs — Cross Government Ser,false,30,3789021.91
356,384ed07e2f5551b65bca88fad78b5f3f339b2f2c875cbbb698ad66ee99309412,Department for Transport,Other Accommodation and Building Management Services,Department for Transport — Other Accommodation and Building Management Services,false,2,71662.5
362,39714a64a8fc240c079ad4f8fe0d19ed1feab5422ffff020e4c8022eeb77a465,City of York Council,Non Staff Bus Travel,City of York Council — Non Staff Bus Travel,false,7,4950
422,4341ed34381817dc2e84f00372e7d707683a4b98048ddd0833940f433e5d8204,Department for Transport,Non-stock Printing Purchases,Department for Transport — Non-stock Printing Purchases,false,3,200213.95
483,4e7feceec77a895b80d32b1fc9fc0c63ce1992cef7d3dd0283a729dd3b939686,City of York Council,Unallocated Expenditure,City of York Council — Unallocated Expenditure,false,42,98396.37
510,52665ccfd6c23766ea57a22856ac8b9b5367ba832644d43648c02054e469d9e4,HM Revenue and Customs,Legal Solicitors fee,HM Revenue and Customs — Legal Solicitors fee,false,36,3783838.03
650,68e884b53b23859c6615902166d811bbfcb02c71acdedcd6a32fe81bcca80765,City of York Council,Allowances,City of York Council — Allowances,false,81,3146.41
652,69470152e1e116119907c762ec87781a6cf3becc992c1c2ae9e4681b436aa58b,Department for Transport,Radio Licence Fees,Department for Transport — Radio Licence Fees,false,1,174525
762,77ea9100a437ad028a5a333195817ae45be30abfc0eb8f8e6167b941cc2a0e06,Bristol City Council,Computing - Licences,Bristol City Council — Computing - Licences,false,37,586923.73
779,7a41750a4acb31795f19a82a420346aafc87594c3fbe66b270f70dca1e087733,Department for Transport,Conferences/Exhibitions/Events,Department for Transport — Conferences/Exhibitions/Events,false,14,1324074.06
861,880dcfde410209d2df866c3f8535f673a99783500be0317b1f5f340f6d3ae6ae,Manchester City Council,Sanitary/Medcal Wast,Manchester City Council — Sanitary/Medcal Wast,false,4,4679.86
1071,a9e073a68f30a0673aba06f914ddfa337a6a8eacfdd108a4c504844854771e34,Manchester City Council,Professional Services Provision,Manchester City Council — Professional Services Provision,false,3,126266.67
1116,b27fa25764c9b9abfd2b3ba1cd7a218f81b5ce1e9251b179dfd9b8810f92c39c,Manchester City Council,IP-Adaptations,Manchester City Council — IP-Adaptations,false,2,76772
1126,b3a18f472b5bdff62d05b7884c31b9a2af275bd276292362c7f4a5941819e0e1,Manchester City Council,Peaks & Plains Mgmt,Manchester City Council — Peaks & Plains Mgmt,false,12,52431.02
1146,b64f699372f791515243bd467207575aabe0bc860dd52fc642b67383a85869d3,HM Revenue and Customs,Legal Ser. (ZR VAT),HM Revenue and Customs — Legal Ser. (ZR VAT),false,4,1349736.78
1201,be4900793a3deb2b305bde665f60a06c32da0e1295ccdfc1a6bda7161f06fe8b,Department for Transport,Utilities - Electricity,Department for Transport — Utilities - Electricity,false,36,2716580.85
1242,c48060576ac098b9c9e7b5c740a6910eb7b7e48ce2eecd53d425a0c05cdc154f,Manchester City Council,Third party payments relating to Voluntary Organisations,Manchester City Council — Third party payments relating to Voluntary Organisations,false,7939,61130182.72
1268,c7e2b8514342be9570ff1c73842ba493418cd2ad1ff03d91d47f04db91e48584,Manchester City Council,Vehicle Fuel Costs,Manchester City Council — Vehicle Fuel Costs,false,185,1652485.67
1313,cfb7ac73a5dc4146c444d559c7a1cf81ab0bd2402c392723d75b61edae29152d,Department for Transport,Information Services,Department for Transport — Information Services,false,6,258974.1
1317,d15fe01d76a75f34f5f78d46553a9168eea0d40f7b2f3d9d89b9e5b61bc45bba,City of York Council,Direct Payments,City of York Council — Direct Payments,false,842,355272.35
1321,d1b3fcfa8ef89bbbf68b7bac1acff3617b6f3557db7b5a9b3e6d3d0a7c7aca77,City of York Council,Storage Costs,City of York Council — Storage Costs,false,86,56494.76
1339,d31fa02607f1e8f9b1b0fee634cfc87e87965c64a989c9b5f1ff423393768958,Bristol City Council,Printing,Bristol City Council — Printing,false,270,4635341.22
1377,d97c6e54273a894a908eeb0ab183e6d8aede87fdd1839b9568bda4ff6170124e,City of York Council,Capital Grants & Contributions,City of York Council — Capital Grants & Contributions,false,742,14665556.51
1433,e3048e6433c46cf8998701d86f8bf2614f5fd8860f919f4c766978240b509988,Manchester City Council,Penalty Chrge Notice,Manchester City Council — Penalty Chrge Notice,false,2,238989.53
1436,e37a74c7872530f9292ece36d489550b487508fb429f67a463abb1f6c36e3661,Department for Transport,Commercial File Storage,Department for Transport — Commercial File Storage,false,2,220685.9
1518,ef71e31959a16712982e3cb40874b1cc28205974a51c7c12f42bb4044ba15465,Manchester City Council,Computer Licenses,Manchester City Council — Computer Licenses,false,3,25589.61
1560,f511865d6b477fc850b788be0e57d437ad9a07fadceda68a587b8b9ee83a1e1d,City of York Council,Incentives Fees,City of York Council — Incentives Fees,false,20,27857.86
1573,f6e7090afd570255f04651f866f3d1e583948c6e6d0f89b0bb794a038ed5bcba,City of York Council,Incidental Payments,City of York Council — Incidental Payments,false,61,15948.19
1604,fb29646376c181974a284e3d4c39b5e614b5c36f98bfe562c798ca6b3e77c38b,Department for Transport,SharesAdditiPublCorp,Department for Transport — SharesAdditiPublCorp,false,2,1132000
27,059c46984807f0689f599895d76c44e31ffdff7cc91f8a7d6dfdffeb9d423475,Manchester City Council,Expenditure re Internal Trading Ordered Externally,Manchester City Council — Expenditure re Internal Trading Ordered Externally,false,76,378579.83
36,0755724275858fb59fde0a5e31dc65218430b413279e31165f5e50934c70391d,Manchester City Council,Other Fees & Charges,Manchester City Council — Other Fees & Charges,false,1,1230
62,0bb5884cdc67223a9f8258140c1751823a8f69e26e40ae5b5e0039ae93d07ef4,Manchester City Council,Floral Decorations,Manchester City Council — Floral Decorations,false,7,8016.7
65,0bf581e836b46e2c06084eea2fddae49c6534f21c5a3e698cca01f425fa0851a,Manchester City Council,BRP Top Up Payments,Manchester City Council — BRP Top Up Payments,false,12,47707446
99,1012ee3b4d19d30c20834e8fca07ac915e630e7c3d2acfbb8e12896e11ea97c4,HM Revenue and Customs,Hardware maintenance,HM Revenue and Customs — Hardware maintenance,false,20,3604752.38
246,28b9a4d805fccf79131251b8ab5c018fadca416e07d872e754daaee17b6d7f63,City of York Council,Agency Services - Education Support Staf,City of York Council — Agency Services - Education Support Staf,false,72,124393
381,3be0ce88515597f6c11988ba93c6d8c541a56048da763d8065d2afae611bb616,Department for Transport,SMarT Grants - Ancillary Payments,Department for Transport — SMarT Grants - Ancillary Payments,false,3,85760.87
413,421d848a06c88a402c570bc3de2b5724be0bf78a12ff515b35d1c51403d77c5b,Ministry of Justice,EXP - PURCHASE OF GOODS/SERVICES - AUDIT SERVICES,Ministry of Justice — EXP - PURCHASE OF GOODS/SERVICES - AUDIT SERVICES,false,4,1682177.7
472,4cfb8bc84c2db9976bc6d53df9ca8c489e898510062d43475e11d3a632cb23cf,HM Revenue and Customs,Media Monitoring,HM Revenue and Customs — Media Monitoring,false,3,156108.33
514,52a3991f9390589e0c476d697553b4e32c6fa36c1af6694a67566de2b0a61ac2,HM Revenue and Customs,Building management,HM Revenue and Customs — Building management,false,1,27135
649,68e063674d1993a7d24709ed9dd6f30e3d0251390af230ea04e7b4869e3a662f,Department for Transport,TECHNICAL SERVICE SUPPORT (TSS),Department for Transport — TECHNICAL SERVICE SUPPORT (TSS),false,3,540807
756,76c48c17710d53e2be8d892bab9f28952a3e9f1a8b9b4d7399d5aa8071bab5b7,Manchester City Council,Cleaning Equipment,Manchester City Council — Cleaning Equipment,false,26,44632.77
786,7b5c7fb3ae8d9ba4e8f7bf800cc0e69bfb823f278d7257caa95bc087cf697905,City of York Council,Basic Scale Allowance,City of York Council — Basic Scale Allowance,false,18,3705.76
829,81d0981261eb8bf9dc9c77dab0238aec92284ed06886a9b9a000ba161010a925,Manchester City Council,Tracing fees,Manchester City Council — Tracing fees,false,15,79546.42
922,90374787f1e4272e5ec2f1d96be6514f37e4c0e703528c626b4cc87b9cebf827,City of York Council,Recruitment Pool Debit Charge,City of York Council — Recruitment Pool Debit Charge,false,35,8963049.39
954,984ef41417ed621423a3145486e55678f306963ec843ca26c36bd654da040a6c,Department for Transport,It Hardware Maintenance,Department for Transport — It Hardware Maintenance,false,16,1911197.25
975,9c1e939de4817414f66b2222dfbce57669f37f3446c7dcb11223266892c3e646,Department for Transport,ICT Hardware Maintenance,Department for Transport — ICT Hardware Maintenance,false,143,13972791.71
1041,a55227b3a718e73076eacb1e9d57a40208ee75e57c23ad718bae7baf2d4edd0b,Department for Transport,Building Maintenance,Department for Transport — Building Maintenance,false,1,26203.78
1083,abc992eb87d226e9dbd4ddeb06edccbc7d5d97db21749cf68de228ad7c7bf28a,Department for Transport,Broadcast Monitoring Services,Department for Transport — Broadcast Monitoring Services,false,4,298218.2
1154,b70f80b68f62c201525d63d765acca2f60575ae80820ad0c22421bfee2af9eac,City of York Council,External Home Care,City of York Council — External Home Care,false,32512,22726742.41
1160,b7b9ea15afdde57a6e748fbc0b41b62fb354d12d2ae765acfde4530b9e40c51e,Department for Transport,Telephones & Telecommunications,Department for Transport — Telephones & Telecommunications,false,9,1895433.33
1234,c3754d476c880d2e7f95700e27a2184ddb151cb2a4738e0dedc5390d35d27c5d,HM Revenue and Customs,Events management,HM Revenue and Customs — Events management,false,1,22507.5
1276,c98e9d3be1193b9814b1b9774951d8839c52de30f11837afdfdf1ae0a201f7cc,Manchester City Council,Bank Charges,Manchester City Council — Bank Charges,false,15,153568.44
1315,d0891cc0af117b6ae13ce6fecc448fb873ef9fd84ba1ff7572cbbfba02ca2656,HM Revenue and Customs,Training/Tuition/Edu,HM Revenue and Customs — Training/Tuition/Edu,false,3,311805.16
1326,d20394158474a66a9d28fdb67b25a7141b6646df0ae9e522fad1ed3b5812cb64,Manchester City Council,CTax-Overpayments,Manchester City Council — CTax-Overpayments,false,2,2202.44
1423,e14dca43bf397fb56d4f3439d7983ad0b0ed854df981c11c673c917bb724c971,Manchester City Council,Childrens Allowances,Manchester City Council — Childrens Allowances,false,167,119011
1440,e4106cf0601fb1ad326702890cddd74974a1f276263cc255927db9d9f75de107,Department for Transport,SOFTWARE LICENSE CAPITAL,Department for Transport — SOFTWARE LICENSE CAPITAL,false,1,156109.5
1531,f12e630403ad38855600538546ced680ccd7d69c930ade986a4ef204bf7cd149,Department for Transport,Corporate Subscripti,Department for Transport — Corporate Subscripti,false,1,297734.99
1540,f30cd64de23d78514d5866b764b69b5a341bf7e59b8ad021381617b16694263a,Department for Transport,PROTECTIVE CLOTHING,Department for Transport — PROTECTIVE CLOTHING,false,8,544168.67
1552,f42e6e215e8c23ff92efceb30931cade25c71cf4e7fb158749cb32316dd4dea8,City of York Council,EV charging costs,City of York Council — EV charging costs,false,37,140505.65
1558,f4e9dfaff0298d341c08dda74413469fca13d9f74ace10e6a82a7820eb0c9c19,HM Revenue and Customs,Business Rates,HM Revenue and Customs — Business Rates,false,80,44259452.43
60,0b5838b132f774df854c5cfeb1567523472af56f1901fda21d782a1ea36c88ed,Bristol City Council,Equipment - Lease,Bristol City Council — Equipment - Lease,false,1,675.36
86,0e284db01279ef771363ccfd8ba6526eb1f965f10c77b77d7b77eb68b42cc9db,Manchester City Council,Heating Oil,Manchester City Council — Heating Oil,false,1,17330.94
93,0f5d5d628f503cb8ad1e932780e1f3a368c381ce53b4e9bb799441812e57cbcc,Department for Transport,PFI Service Payments,Department for Transport — PFI Service Payments,false,283,694911137.9
102,110a11d16a0354a5a0f95ec4f60ef22ec888a1254859756ec352a4ce0bd97d45,City of York Council,Carer Arrangements,City of York Council — Carer Arrangements,false,191,244672.88
133,16ee991f7ec822de1757d214d01f12d0ea64d5d127050734d1369fcdb8b164e6,Department for Transport,HE Passport,Department for Transport — HE Passport,false,1,28103
224,2563fd226c1c2403f6ab8d3c2b4f35863c183f4e6305b7e73fdf79491a8fad80,Ministry of Justice,EXP - PURCHASE OF GOODS/SERVICES - OTHER - OGD FUNDING CONTRIBUTIONS (OUTWARDS),Ministry of Justice — EXP - PURCHASE OF GOODS/SERVICES - OTHER - OGD FUNDING CONTRIBUTIONS (OUTWARDS),false,25,25160205.46
284,2ea34755fc95d911730deb7ead8b4399c6f176a293a25afb78d6b8d6aa175b8c,HM Revenue and Customs,Managed Data Transfer Service,HM Revenue and Customs — Managed Data Transfer Service,false,1,27000
329,345ec0808c2f8e43b0e33ca53bb518c926e2dd741c830dd85326d0733afd20d5,HM Revenue and Customs,Contingent Labr-Adm,HM Revenue and Customs — Contingent Labr-Adm,false,1,1650806.21
397,3f9953d01b75e66fdcb65df41c0e70475e38dff50e95773b23c3a075571d3a68,City of York Council,Non Employee Insurance Claims,City of York Council — Non Employee Insurance Claims,false,4,816780.88
490,4f3f9c39c4d0296c7b550665500bf1cf467e3491afcdd3c6e6d164220cd2ed99,Department for Transport,General Es,Department for Transport — General Es,false,17,3671785.06
529,550a52800f9a8f6e34babd7439c373ef5fdabfe0c9f59c2b07f18a940ab69853,City of York Council,Rents Payable,City of York Council — Rents Payable,false,231,1117624.18
599,5fe9cab35dc10035fe83988489930c7882cfd5973888119a816d7652b945855b,HM Revenue and Customs,Other Non PFI Services VAT Recoverable,HM Revenue and Customs — Other Non PFI Services VAT Recoverable,false,3,99831.96
743,757d3a4e8c0afc710cdf0a66a150fddba5ebfe006ffdb9424aca092357d13bb1,Manchester City Council,Sundry Recoverables,Manchester City Council — Sundry Recoverables,false,2,5602.58
819,805d41752d2d63562cad69fa9df8d98399f1eb5696607e48e128df49ff386f2d,Ministry of Justice,EXP - PURCHASE OF GOODS/SERVICES - NETWORKING - Networks VVI,Ministry of Justice — EXP - PURCHASE OF GOODS/SERVICES - NETWORKING - Networks VVI,false,208,22208281.45
892,8baf65dfc2a9339351d590adaa2e5b50e67a42d5746f2ebc9cd760c1ff852a3e,City of York Council,Solicitors Practising Certificate,City of York Council — Solicitors Practising Certificate,false,2,7107
910,8e0aa89f2e5f0ece594eb02509db07030269ec50d63f381aee045eb8a3f490c7,Ministry of Justice,EXP - PURCHASE OF GOODS/SERVICES - ACCOMMODATION & BLDNG MANAGEMENT - Security,Ministry of Justice — EXP - PURCHASE OF GOODS/SERVICES - ACCOMMODATION & BLDNG MANAGEMENT - Security,false,2,640692.53
967,9ad0502252b0acc88414dfa6611ed7e121f871663de74494d2d866eb9e42df18,City of York Council,Weekly Allowances,City of York Council — Weekly Allowances,false,1459,3246637.88
1087,ac46831abca9a8961e4e19b0824c770072a8abd6abb78c4ad1c15f1ad1892a47,Manchester City Council,Vehicle Costs,Manchester City Council — Vehicle Costs,false,53,127776.49
1112,b1fd82aa4287c22c50c558c5605fcaf8e2dceba023cb57b9d4becb9be536cc43,Manchester City Council,I T Provision,Manchester City Council — I T Provision,false,548,7084174.95
1209,bf0b6255db4a4fa1c0dd88844b07f3b57255da73ecf4f5c4f3c70996aeb5f228,City of York Council,Fire Safety Servicing,City of York Council — Fire Safety Servicing,false,183,88381
1232,c3640a74e773485bc3fed1de35611c375d6b00a1421f2b14b5496d8a3dd8ae07,Manchester City Council,Recycling Facilities,Manchester City Council — Recycling Facilities,false,12,234967.58
1265,c77004ca4aa13472b1fb884bc9c4a58a2e6f174829cfc5d2cd1a45ae7b75abed,Department for Transport,SMarT Funding - MCA,Department for Transport — SMarT Funding - MCA,false,12,16452794.2
1382,da908fe0efd4dfc1465c8a575e1ee24ed62696a5285da7e507dad12b4fdcfe8a,City of York Council,Leeds City Council/LCR,City of York Council — Leeds City Council/LCR,false,6,9891813
1431,e2bf5c64b20702495c2ad009e76795021893df56edb86b968b4584625dfb5d12,HM Revenue and Customs,Mobile call charges,HM Revenue and Customs — Mobile call charges,false,7,334439.96
1445,e4bc5eabd053bba82021f2456d63bbc2ef44b01bac79c4dde87948d502e625c8,City of York Council,Stationery,City of York Council — Stationery,false,1078,123326.12
1454,e598ec25415803f11f0cb46e3c2f045c5705e8904bc6afd98e090e0fee9c2888,Department for Transport,Furniture and Fittings (Owned) - Cost - Additions,Department for Transport — Furniture and Fittings (Owned) - Cost - Additions,false,2,69866.54
1492,eaafcfb1b82f08d5a0bc251da8c0631867a415ca3c769c77845d0aeb49f67695,HM Revenue and Customs,Consultancy – IT,HM Revenue and Customs — Consultancy – IT,false,66,5197726.46
1511,edda52d038b3f275fa7a18b876cfa93e4b6919625c6f3a4b32fa3dad96f90878,City of York Council,Professional Subscriptions,City of York Council — Professional Subscriptions,false,4,5298.35
1516,eeed61bd99f95abb45f6f6e993f244fe03f70dfaf777d298ae2999e2b83bbd65,Manchester City Council,Med Mal Insurance,Manchester City Council — Med Mal Insurance,false,1,23708.16
1566,f5d36f37b547d3e08795ec865a6b1ffff9636390fe51088bb1e9e67af4107492,Department for Transport,Prog&ProjMgmt Consul,Department for Transport — Prog&ProjMgmt Consul,false,98,5315143.38
1598,fa785ce8634397cbadc94c5b7a6bf22187bfa4f044faa580c803b52c4e5f4fe3,Department for Transport,Mobile Phone charges,Department for Transport — Mobile Phone charges,false,8,826053.37
57,0b1c134c428e8e2fae6e7c4595423554b032df0b29a3ce69a803e9edf1a61fa3,HM Revenue and Customs,Recruitment,HM Revenue and Customs — Recruitment,false,1,44000
72,0cdc5198f16e6ae82f213335569421eafdb6fb3054821046f15988c7475ac2e4,HM Revenue and Customs,SW Lic Sup Bespkd,HM Revenue and Customs — SW Lic Sup Bespkd,false,18,15245385.67
91,0f133c25bd728b4dd2e89d145ad462c57ad7f2cc07fbcb3c248f79fcde790aeb,City of York Council,Premises Service Charges,City of York Council — Premises Service Charges,false,260,758300.04
125,14e60e085f3323229c9fbd23b65328f1e3a752c134513f12ce5a86bc78ebc2c6,Bristol City Council,Vehicle Maintenance - Repairs,Bristol City Council — Vehicle Maintenance - Repairs,false,74,121231.95
169,1c800e5f59993386d0444d59696794a5ba60c12695bfa26167bbd5f3deb8b1dc,City of York Council,Special Vehicle Contracts,City of York Council — Special Vehicle Contracts,false,1,1860
197,201bd1e28eb7fef588687e0bc47ea7ad1162d468c52932433644047d85afe360,Bristol City Council,TPP - Grants,Bristol City Council — TPP - Grants,false,2578,24185970.07
201,209920e10465965696745d887e8cd37901eed9af16f462b40db4f5aa2909e079,Department for Transport,Security,Department for Transport — Security,false,7,883364.93
217,23dcbd0014d3f848fb7342666935081306d763612f7a61f258f67f0a5b0dacd0,Department for Transport,Auc -Int-Licenses,Department for Transport — Auc -Int-Licenses,false,1,40667.4
273,2ced3f1785765a28d945018fdedf5b7106dc17b9f79569c31efe84bcec96f918,Department for Transport,Aviation Standing Charge,Department for Transport — Aviation Standing Charge,false,123,164690886.45
361,39691a5ff92e35c5dd188e4b6db2c284b05e28fbe77dd50d1e12793d272316a4,Bristol City Council,Direct payments - Short term support,Bristol City Council — Direct payments - Short term support,false,1,4956
437,45c5a7bf0cec8eab67b08953a4b590cca46f50556aee4a4ee74a2e64bac23177,Department for Transport,Data Charges,Department for Transport — Data Charges,false,12,425455.92
509,52629e72443dfa6586c788a417745f717a3dd87ab45077362a2c07e9e4d059a5,Department for Transport,Office Accommodation,Department for Transport — Office Accommodation,false,4,302212.48
513,529fffa8961d57a3e4605e6739b0d6c758c31564f4d0da7eebaa6e4ad4253cd9,Department for Transport,Job related training,Department for Transport — Job related training,false,1,42264
530,5545101e794b0a86a424b8e55a024ac5a2f6e0ce7e28d7918300be939d2b59fb,Department for Transport,TOCSeasnTickts(Pub),Department for Transport — TOCSeasnTickts(Pub),false,35,27410646.47
542,569488276650dcf2214523958f06dc1c35254351b50a520e64d9a73c89cac8f6,Department for Transport,Allocations General,Department for Transport — Allocations General,false,12,2187508.08
546,57b567c9714ee468f5c6efbad2f43178e6a33bd316f8d796bb4c1eccfb9000ca,Ministry of Justice,EXP - PURCHASE OF GOODS/SERVICES - OTHER - Judiciary training,Ministry of Justice — EXP - PURCHASE OF GOODS/SERVICES - OTHER - Judiciary training,false,27,731096.73
644,67be8b8c4c07e6ae38626aab102325d70f51bab74b0e0e2e98b5b73a6d79dcca,HM Revenue and Customs,Consultancy - Organi,HM Revenue and Customs — Consultancy - Organi,false,15,6572371.24
723,732ea5b32f7f0bbb88d20eaa97de3f5a684a85ddaa9dce2878719e7aea0ac64c,Bristol City Council,Compensation Payments,Bristol City Council — Compensation Payments,false,11,16859.37
783,7a94a6e512cb75a20d6aa956c4acd0a5760c5895ffdbdd0de4b2d67cfd4194de,City of York Council,Training Course Fees,City of York Council — Training Course Fees,false,820,1025243.63
810,7f4acb109ad7523ce4891145d8f98b9cfc5f5ecbc94a5f6bcd7df9ab2975826d,HM Revenue and Customs,Professional Services - Legal Services,HM Revenue and Customs — Professional Services - Legal Services,false,3,1251494.94
852,86312e4d78bf49f9f8f4f84a8ff2a205db0b5810080b1df8bd17825b9877e149,Department for Transport,Recruitment,Department for Transport — Recruitment,false,10,2017885.48
991,9e5a2e7b21fdf0573bc2f4b24df04a666fcbd6b73c90b12f77a6035e2f85f66a,Bristol City Council,Hire of Other Vehicles,Bristol City Council — Hire of Other Vehicles,false,1145,942541.79
1022,a39398e48a11d4163835ec080cd5bddb679f03b65b6e4ef8ce8cbd6388dd5919,Bristol City Council,CCTV replacement,Bristol City Council — CCTV replacement,false,55,570599.2
1024,a3bbe3b29f311ee21fd5a53b97e268736bc5fc708c80b484c1dffeb3e397be8e,Manchester City Council,Cash Collection,Manchester City Council — Cash Collection,false,50,493366.94
1076,aaef25c3650ee5d78a339851b3ffe718f1298afce34219e75ba027d482c386d8,Department for Transport,TA Cost AUC – Non SRN,Department for Transport — TA Cost AUC – Non SRN,false,1254,168566104.21
1102,aedb65b568f7bcd16112347462862e533667fccfef0e0978389ea6cee360942e,Manchester City Council,HH Support Fund,Manchester City Council — HH Support Fund,false,152,4758182
1124,b37170002a380df5a54a7587a752e7aab01142155dec64d263019fbd22fc757b,HM Revenue and Customs,FIS Spec. IT Equip,HM Revenue and Customs — FIS Spec. IT Equip,false,2,160122.3
1150,b6d1bf2871e639ca33c37eb06c80edbefc8669ad8dddc9bc2a682fc9b990bdb8,City of York Council,PH - Other Providers,City of York Council — PH - Other Providers,false,152,6161831.58
1183,bb2d3a5f72a377a95c9a5c76af42bd12a94462de5cea9d0f9e79a2eb2ebe955c,Department for Transport,Building Service Cha,Department for Transport — Building Service Cha,false,47,7914117.05
1185,bb7e415a2dc48780381f8626746d7669484cdb589d7947f9a1f199d0c751dfb0,Bristol City Council,Internal Trading Charges - Capital,Bristol City Council — Internal Trading Charges - Capital,false,2,842451
1198,be217a8b3e31d844c7b3d2c57b4f27038ea2fce251af401d02e0d5aace04ff3e,City of York Council,External/Partner Hospitality,City of York Council — External/Partner Hospitality,false,82,75278.73
1213,bf9bee980770c88bb74182afa36ab41eefa41ed4e7a79023d9f40655feca7c21,Manchester City Council,Training-IT Courses,Manchester City Council — Training-IT Courses,false,1,1600
1233,c3695e5b2fecf1193772c0a1eb7ffbddf378c9139ce75378040a288be2c49c56,Manchester City Council,Building Materials for direct delivery,Manchester City Council — Building Materials for direct delivery,false,483,990591.96
1235,c39d3bc8184b47506e7661e0a8cccca63575725f225347e141ddfeade6c2c922,HM Revenue and Customs,Dilipidations,HM Revenue and Customs — Dilipidations,false,2,423693.88
1302,cdb7c9b9ae5ff66252bca1c95b8e7371c04ede08d5c8378981c6f96b09a4afaf,City of York Council,External Solicitors,City of York Council — External Solicitors,false,340,738489.37
1309,cf5cbd0c272ab22afdafd45b80695790528abaca2754f36f2e10a647100f052d,Department for Transport,Disposal of Royal Fish,Department for Transport — Disposal of Royal Fish,false,1,47300.64
1350,d56d7bb81256d757792ec6b68b7a42fcad4432e5bca2c5dd31fd63860a8b8efb,Department for Transport,Audit Fees (cash),Department for Transport — Audit Fees (cash),false,3,1612500
1415,dfd23bb347cee1c5b2dc81428c55b1b8d5a1531f2c9699d8eabe3ac7e58b88d7,Bristol City Council,Services - Assistive technology,Bristol City Council — Services - Assistive technology,false,2,78900
1485,e995ab6afed89520850f3e549caba643f75f191151518f6314125c177741785a,Department for Transport,CP - Anciliary Services,Department for Transport — CP - Anciliary Services,false,2,481280.11
1493,eafe41611b7ab9d8abd8896a8be4515fbf1240ede2300419167bc101c391c350,HM Revenue and Customs,Plumbing sys. const.,HM Revenue and Customs — Plumbing sys. const.,false,1,727693.43
1637,ffc3175fe0c9702772ddc7a01c1b67aa03a166f8e8d8d50d640d3795a0b40ffc,Bristol City Council,Services - General Licences,Bristol City Council — Services - General Licences,false,12,90090.04
77,0d9ec1e6818e3431f7f22c54fbf4206ac49d7475ae52c341f7b6a9542d4c3831,Department for Transport,CM - Compensation / Variation Costs,Department for Transport — CM - Compensation / Variation Costs,false,33,6018888.59
151,19ded14bb481a770c7161a78e53044a2ded71e24298b84efb22e905192f87f6b,Department for Transport,Aviation Flying Charge,Department for Transport — Aviation Flying Charge,false,119,35959814.27
171,1cca82b9a8e4bc44933f3446196cec91f8db13c6ab6e43732f3702f9961e837b,City of York Council,Mobile Communications,City of York Council — Mobile Communications,false,158,340835.17
179,1e014661327abd19bb2b93a907ded4ab44c24adc13f9eb4df6bec94076c1d545,Department for Transport,Management consultancies on admin projects,Department for Transport — Management consultancies on admin projects,false,7,319336.23
206,211e64c370158753a48b54f4ce119c9d49f004cf03def0caec06c91bd0e11905,Manchester City Council,Computer Ins Premium,Manchester City Council — Computer Ins Premium,false,2,33652.64
310,31c0e4bd26034062f3c9be13734f8dbd3b22a765bd09e276c4daa476fd25dd03,Ministry of Justice,EXP - PURCHASE OF GOODS/SERVICES - OTHER PROFESSIONAL SERVICES - Managed Accounting Service,Ministry of Justice — EXP - PURCHASE OF GOODS/SERVICES - OTHER PROFESSIONAL SERVICES - Managed Accounting Service,false,8,686686.8
369,3a29f654bffa2776b0fcf536a1e2e5c15644bb48d62248e2c3baefb6990960ca,Department for Transport,AGENTS FEES,Department for Transport — AGENTS FEES,false,19,2851565.82
376,3afccb8de0f6ec02fbf515b60cf2c7fe7e1f0196300fca045934b9ab81b3f3e9,Department for Transport,HR CONSULTANCY,Department for Transport — HR CONSULTANCY,false,1,90000
425,43e28c1881a8565c93ac70ba23b2a1c1319ab0f10e71a45b78bb328ffad655ab,HM Revenue and Customs,Project support,HM Revenue and Customs — Project support,false,98,14948864.83
429,44cd2c16bbaf460cdac3e52287658bed1c82c88ae9f39f5b19f4b1925fb0d713,Bristol City Council,Insurance - Employee,Bristol City Council — Insurance - Employee,false,2,215671.74
431,44ef7710a1258f588efb5aff9b13d1dd34da079191e7b034c1912f49b665df40,Department for Transport,Engineering Services - Systems,Department for Transport — Engineering Services - Systems,false,5,1346848.35
473,4d354dbcc572195664c8ebdd5712a5fb5a363ea34579eff33f9567ef5edc45b2,Department for Transport,VEH HIRE/LSE ST <1YR,Department for Transport — VEH HIRE/LSE ST <1YR,false,1,162754.14
493,4f92a50d48df0244099a0ddc785a27730ac684f5202acf63c70e85d90320ae9f,Department for Transport,Memberships & Subscriptions,Department for Transport — Memberships & Subscriptions,false,12,475137.8
627,65ca6c74503d3068aa4f34a8251a0663fb79ac36e4b9f1fd5615fb0bc2bbd756,Manchester City Council,Reuse credits,Manchester City Council — Reuse credits,false,42,222208.87
737,74e65d3ef2db2e29d8a02e0d7540a9a64d6d18cbc850e8a6e36d01e8a293e0cc,Department for Transport,"Contingent Labour,","Department for Transport — Contingent Labour,",false,37,2110433.44
803,7e3681bf30c897971649f7e2718fccce8010edeefaa893376ea9104ff5bd7853,Manchester City Council,Income - Notices,Manchester City Council — Income - Notices,false,1,601.5
806,7f134b62712256fb00628c489f9746893e01e3fbde7c851f1ff999a4645d03b6,City of York Council,Recruitment Consultants,City of York Council — Recruitment Consultants,false,7,32656
963,99ae85de484b63231f8bedf6bb04bb4958058e2c9a4b65c3b7d9686aee871953,City of York Council,Awards,City of York Council — Awards,false,1,863
971,9b951d61c83cab32a3b05ae6ea05a2525d882cc467556b820a42b5afad4ad598,HM Revenue and Customs,GBS Operational bank,HM Revenue and Customs — GBS Operational bank,false,13,14567790.91
1005,a05abe5c11a10c2f2b5bf40d002cf42898218ed06e6ea9ef15d6a54da257ebb9,City of York Council,Other Local Authorities,City of York Council — Other Local Authorities,false,36,754285.5
1054,a735d4671df83fab3f46594f37feb5d7182ab79b2e2f3301a7559075f2ef9dcf,Manchester City Council,Rents,Manchester City Council — Rents,false,1565,30655450.03
1086,ac1d0289d71bfafb35accead1314ecab062bb86568bdfacf4dd96ae906677129,Department for Transport,Input VAT,Department for Transport — Input VAT,false,26,22782954.36
1131,b431bb86bb8279c9dca267c593ad194ab8ff91b9039848201d8da07f4cdc99f5,Department for Transport,Prepaid expenses - admin,Department for Transport — Prepaid expenses - admin,false,130,21563433.89
1177,ba7c1b8033b64265a8deedabcfc8f09016bcd3ccbb5e5395c7748d6de23ea26e,City of York Council,Statutory Service Grants,City of York Council — Statutory Service Grants,false,5265,30633785.08
1238,c439b9ca8f5fef867cf16e585768180b8a307e6b13d757ab7adcc7cbfd3074ea,Ministry of Justice,EXP - PURCHASE OF GOODS/SERVICES - SUPPORT - APPLICATION DEVELOPMENT,Ministry of Justice — EXP - PURCHASE OF GOODS/SERVICES - SUPPORT - APPLICATION DEVELOPMENT,false,100,14594265.05
1283,cabc60597025bb620291b3a89d5eace49ebfe27aecea778605bc0eecf69c9354,Department for Transport,Environmental Services,Department for Transport — Environmental Services,false,115,12486926.63
1343,d386823ee761b942f5238344c1acd48be8091ec5913069d65e8ee415697d6ce5,City of York Council,Translation and Interpreting Fees,City of York Council — Translation and Interpreting Fees,false,150,75700.72
1352,d5851fd46308bdb2c68cad71e19d03716944f0572dd9ab19efa2725900ade392,Ministry of Justice,EXP - PURCHASE OF GOODS/SERVICES - OTHER PROFESSIONAL SERVICES - CAFCASS Commissioned,Ministry of Justice — EXP - PURCHASE OF GOODS/SERVICES - OTHER PROFESSIONAL SERVICES - CAFCASS Commissioned,false,3,283879.92
1401,dca7467c82334b74dbfdb01841ac51f2802678c3695efd8592aea219db4f5010,Department for Transport,Vehicles Cap Cost,Department for Transport — Vehicles Cap Cost,false,13,633114.1
1444,e4b1a67c43f110c289c4e9d855676113a57ee2decc088e4f24b53a1ef2383c06,City of York Council,Miscellaneous Expenses,City of York Council — Miscellaneous Expenses,false,769,533130.25
1447,e4e5ef8046da184d5a0cb911367eddb53876bc31ca5b8f83df9e7bbb3065024a,Department for Transport,TESTING/TRAINING- CA,Department for Transport — TESTING/TRAINING- CA,false,1,37187.5
1494,eb35e80f2b4c72922a514fc689e01d24e520ff05d7733d5189059f9cec1c678f,Department for Transport,Commerical Secondees,Department for Transport — Commerical Secondees,false,7,691399.5
1498,ebfc43529a5ed0f07669ac837f482e690c025dcf3967f8cb655469cff14d66d8,City of York Council,Clothing and Uniforms,City of York Council — Clothing and Uniforms,false,529,150194.36
1601,fae7eb12aa8984bcd0f65f8830c2bd7be8a4790fbed1e9c42704d65a3f49da25,Ministry of Justice,EXP - PURCHASE OF GOODS/SERVICES - SUPPORT - APPLICATION MAINTENANCE AND SUPPORT,Ministry of Justice — EXP - PURCHASE OF GOODS/SERVICES - SUPPORT - APPLICATION MAINTENANCE AND SUPPORT,false,241,30598352.24
1627,feb0f443e5d9d7fb12fd7e1896e2cd4318fcb8ac36c68917ea1d6b2531aa1d09,Manchester City Council,Other Insurance,Manchester City Council — Other Insurance,false,15,106566.74
8,01632c6c73acf816dafb91ffe74e12cd4d4be0b69556f341a9d916e75ac9bf6e,Department for Transport,IT Security,Department for Transport — IT Security,false,11,540584.4
35,07482ca3ff22b07239196f786fe19d186337ee4d65bae341b141023bfa31fc45,Bristol City Council,Payments to BCC-Maintained Schools/Children’s Centres,Bristol City Council — Payments to BCC-Maintained Schools/Children’s Centres,false,941,30542971.38
88,0e90c9b42c1eaf00672da2fe1d0948dd197b390ea7dc687f94b0b16c104b96a8,City of York Council,Artists and Performers Fees,City of York Council — Artists and Performers Fees,false,9,6164
219,2463ab423f1d482d63b02a11402b2bad855afac42c907dda1eb536e71ec6373b,Manchester City Council,Disposables,Manchester City Council — Disposables,false,12,1107509.5
235,27355c4ff885282013d6dde3a7f4f36b22f0769ce0a936ac1f70bf12022a312e,Department for Transport,SECONDMENTS,Department for Transport — SECONDMENTS,false,3,170296.27
281,2e6ff112ef3336a62ff37ed57b1d8388d0eb6113922f4e45046a5d7cbcbf3c6f,HM Revenue and Customs,Facilities Management -Hard FM,HM Revenue and Customs — Facilities Management -Hard FM,false,1,37615.6
384,3c5b1f4f29459d5605e611d3b695274dd6df77ef54e4af16c2b46ac885ea65aa,Department for Transport,Engineering Works and Construction Works,Department for Transport — Engineering Works and Construction Works,false,2,62253.52
400,4041f3262b8ebbced5a4ce3f772c1453e4406ce85385f1656b260bb7ce9d8f3f,Bristol City Council,R&M - Departmental response (Internal),Bristol City Council — R&M - Departmental response (Internal),false,174,471660.28
444,46e534e10bba72079579464a45dca8d1b4af6dc767f0bd2babbe6b27e7adfc47,City of York Council,Relocation Expenses,City of York Council — Relocation Expenses,false,2,5897.45
476,4d567052a61d839484db3148e93a8b3edda91601d6b13d120189fb71441a6f3d,City of York Council,External Temporary Staff,City of York Council — External Temporary Staff,false,1085,2781021.23
812,7f8e45e9f15fc85c1c63239900719632a849a8dd4b848cb56eb9859a6e2f1e71,Department for Transport,Conferences / Exhibitions / Events,Department for Transport — Conferences / Exhibitions / Events,false,1,33088.32
836,83b2a405a5cf9ec555a6fde5b371246f84a866ee9929aaebc84242842770a273,Department for Transport,Other Government Entities,Department for Transport — Other Government Entities,false,6,746562.98
859,87d6530dd681cb43bf66211ffc8a5a37d96c34c07af1624c57b4134358dcb786,HM Revenue and Customs,Outhousing seized goods,HM Revenue and Customs — Outhousing seized goods,false,11,3748468.75
873,8912e596ee992edc4796aa1463bb5f584f6a876e12f11e6f1cd980a46a01fc22,Department for Transport,Publicity,Department for Transport — Publicity,false,68,7721109.5
920,900974742e949192b456e122447cd228cdefb2dd2e6e03fb6eb30d3ef2e2c29f,Ministry of Justice,EXP - PURCHASE OF GOODS/SERVICES - ACCOMMODATION & BLDNG MANAGEMENT - Management fee,Ministry of Justice — EXP - PURCHASE OF GOODS/SERVICES - ACCOMMODATION & BLDNG MANAGEMENT - Management fee,false,60,27656040.06
986,9e07058a2b96343ce4eeb86711f8172813b1ddc102d375510aa5def05a6227e8,Department for Transport,Income Accruals,Department for Transport — Income Accruals,false,1,25000
1028,a40ed06a89758a83550bd4028f0ddf79f3e97daa642a6507db5962904034aabd,Department for Transport,Conferences/Seminars,Department for Transport — Conferences/Seminars,false,4,266999.83
1094,acdab1feffdac9a44bf2d9f6ca97c7162c15b07098ed926dc16f87889fcb5b3a,Department for Transport,Services provided by OGDs,Department for Transport — Services provided by OGDs,false,2,954178.77
1182,bb260ed7bf07354693d49d554eb531bf3e2e04428410ebd31cfb2233c9439d27,City of York Council,Repairs and Maintenance (Roads and Fwys),City of York Council — Repairs and Maintenance (Roads and Fwys),false,1084,1796668.51
1193,bd96493fde99946acb8323628eb8a2a29a458f9cc56ebb3ca5cec86569318e46,Manchester City Council,Counsel Costs,Manchester City Council — Counsel Costs,false,1060,1653981.8
1280,c9b75d5407a9d4b6786ff87eb0859a779d3f0ec9364e0cff38c98d9c07c7e4fd,Department for Transport,Audit Fee,Department for Transport — Audit Fee,false,2,55941.75
1356,d5fefb9132852400328c127ad7d435bd86903ef8dad5ca4510d5100b23207ea1,HM Revenue and Customs,Radio Vehicle Instal,HM Revenue and Customs — Radio Vehicle Instal,false,1,28278.01
1386,daf9f391dc9c3e00febd51c25f98196fad972f47443359324290680413fe65a6,Manchester City Council,Non Housing Rent Receipts,Manchester City Council — Non Housing Rent Receipts,false,11,375080.28
1503,ec7d6326cc751efd1552aa6c53c08eb78ab3a7c1a407bc0efbd2ec2cec56c1ea,Bristol City Council,Spare Parts,Bristol City Council — Spare Parts,false,49,486215.99
23,04d3c8661c1b8794a743f7b6415da535b3c236a1e34a516dab57b600ceca953f,City of York Council,IT Consumables,City of York Council — IT Consumables,false,19,4526.35
33,06eff0e13cc80283c571c7c7239d3a86d60ab4817e3f08ebe3645e02789e3a13,Department for Transport,RESEARCH,Department for Transport — RESEARCH,false,13,901994.5
122,1486594656f98ff7ff3519b189fc5949db6d71cc9c8da5ca15605ae480649927,Bristol City Council,Government Grants Within AEF,Bristol City Council — Government Grants Within AEF,false,2,92425
123,14a4303a85999fa3970df5818a11381123d32e885e1ecd165631a9aa7cea1b2f,Department for Transport,Non-CPO L&P Payments HS2,Department for Transport — Non-CPO L&P Payments HS2,false,8,465638.02
163,1bb3bfa10fd4775817d7198f309b96b7ca00e572140b4b0a2062034e6960c4a7,City of York Council,Member Travel and Subsistence,City of York Council — Member Travel and Subsistence,false,3,350
251,293657edff17cd02e03f904a3f70da6a5dddbc8107569cd49e793ae785304d11,City of York Council,Regulation and Inspection Charges,City of York Council — Regulation and Inspection Charges,false,10,23729.21
294,302622e8fcb7456d0615eff156b2ea16863a8055928d1d92e55b2a4bd94af816,Department for Transport,Cap Grt Pub Corp,Department for Transport — Cap Grt Pub Corp,false,2,2505649
326,341b83d8ca8c0be2da66176bd7aea5cef998b703a8e877811268e3a74eaf6e5e,Department for Transport,RM - Electricity costs,Department for Transport — RM - Electricity costs,false,84,60752432.46
364,39e2571c69ac6ba8c6211c730c10eaf13b620423d98159f6232c5912816556d9,Manchester City Council,Council Dwelling Fees,Manchester City Council — Council Dwelling Fees,false,227,2577633
365,39fce46d85e9311be750c31045cb1a66b23428a3c4070baa16da6a2ec18bfad2,Department for Transport,Lands Costs,Department for Transport — Lands Costs,false,33,7706698.19
461,4a70e459966e57df0bda68836b2741013271090dd66b4d8939fb01bf19b3d7c8,Department for Transport,GAS,Department for Transport — GAS,false,8,346137.68
632,6686ded1373eb1f4c5ea5af93df4396733921bc007da12b896bf26ce3b9395c6,Manchester City Council,Goods purchased for resale in Council outlets,Manchester City Council — Goods purchased for resale in Council outlets,false,267,425611.24
682,6bc044409f0248a4963a4fec43968024e9bec93b1f45bfe208e320b4e3c4171c,Manchester City Council,First Home Grant,Manchester City Council — First Home Grant,false,88,59832.48
787,7bae236fa1e9f5fbf857f10b075487ea5bed299a47753fc995cb824d70a32123,Department for Transport,Exhibitions,Department for Transport — Exhibitions,false,2,95512
798,7ca0450fdb364f2323a2070c7314f86af35ee0e8bf9f4e46835fe77b195074a7,Bristol City Council,Materials,Bristol City Council — Materials,false,1022,8092414.56
805,7e7d3cb2a479266675595294c92df84291d4a765075d957bf5345cbf65a25e0a,Department for Transport,CARS  MINOR DAMAGE REPAIRS,Department for Transport — CARS  MINOR DAMAGE REPAIRS,false,1,163973.02
839,8474a9677b07000e3782bf50803f1f95ab06a789055d3ea133a68259a354929b,HM Revenue and Customs,PROJECT Mandays Supp,HM Revenue and Customs — PROJECT Mandays Supp,false,5344,614757310.35
940,949732e21cbdca44dddf68e3b05fa79d46f3ada98d63bd40ff8dfae84b64e15b,Bristol City Council,Lease Cars - Lease Charges,Bristol City Council — Lease Cars - Lease Charges,false,38,243614.69
962,99ae70cac959b7a583583299ca39ebb8a7bb3eba686b375006cd8524364962a1,Bristol City Council,TPP - Payments to Local Authorities,Bristol City Council — TPP - Payments to Local Authorities,false,686,8930466.08
983,9d905ab8556e74a4989df4358a9e57ff533694131db970b68056f086924c32cd,Department for Transport,CHINA SALES TAX,Department for Transport — CHINA SALES TAX,false,1,25487.58
995,9f0dc3065437298eeaf7484755a8fe9d03e769e765457740f7cf9c57d901566a,HM Revenue and Customs,Off mach strge accs,HM Revenue and Customs — Off mach strge accs,false,1,47604
1073,aa31bbc0af76f8660d5b8a2e436a2cf29e36a677f7a93573a246dd0765c593db,HM Revenue and Customs,Property services,HM Revenue and Customs — Property services,false,11,891299.53
1081,ab9b44b0f3db389d902c39841b3bc73f5e2be11c289f33e6736a83f1a328ffcc,HM Revenue and Customs,Vehicle leasing,HM Revenue and Customs — Vehicle leasing,false,6,381574.3
1137,b4ac49a57ba0af686bfd5e5bdbbd5c22259bcfcbca0e46db885135ce6ff3096f,City of York Council,Kerbside Recycling Disposal,City of York Council — Kerbside Recycling Disposal,false,26,1455423.3
1253,c5f14540c121d2400029570a96f37d6197240bf562359d1688c14d03df2d71dc,Ministry of Justice,EXP - PERMANENT UK STAFF - BASIC SALARY - STAFF RECHARGE - COST,Ministry of Justice — EXP - PERMANENT UK STAFF - BASIC SALARY - STAFF RECHARGE - COST,false,16,1170406.92
1372,d8e6ff678207dd812e9367dd51630324a06c1c6b709a31edfa592eae45c33e91,Manchester City Council,ClothsUniformLaundry,Manchester City Council — ClothsUniformLaundry,false,76,62289.52
1442,e435aad08d51b48d1a4d0aa57a2f1560ec9907e18daceef9f0e55d920b653fe4,Ministry of Justice,EXP - PURCHASE OF GOODS/SERVICES - SUPPORT - SECURITY,Ministry of Justice — EXP - PURCHASE OF GOODS/SERVICES - SUPPORT - SECURITY,false,38,5297663.5
1456,e5f9612abe49adb67b2a0634746ee7be15ff3fb08dd7ae376366f5836fbec84a,City of York Council,Gifts,City of York Council — Gifts,false,2,858.34
1513,ee51aa62100c349926c596adaf569948c187b9a0d2ee205be7bb6e143a998c8e,Manchester City Council,Public Transport,Manchester City Council — Public Transport,false,135,613678.38
1549,f3a0ff22ddf5577b0cf1db6d6acce55f4a0da63460de977ba7537a6a7ca04cce,Department for Transport,Auc / Non Infrastructure,Department for Transport — Auc / Non Infrastructure,false,1,119961.6
10,01b693e478531386791cee24c79402ff56574c91f370e618753c003cf599b52a,City of York Council,Other Agencies,City of York Council — Other Agencies,false,1506,16792795.46
20,043c1099997ed84d9d96eb9e9d123f80eefa9f857bced99e4ac748dfe1357506,Manchester City Council,Contribution to PATROL,Manchester City Council — Contribution to PATROL,false,5,36105.6
173,1d18674bbbace02fd32782584b3725d94483a3d0b97f2888e52b3fc6f06fa302,Department for Transport,TESTING/TRAINING - MOTORCYCLE,Department for Transport — TESTING/TRAINING - MOTORCYCLE,false,1,74021.26
319,332b8d236e30fac00d98027e27925fc07f24114df07e469b401419fdcce85613,Manchester City Council,Internal Repairs and Maintenance for buildings,Manchester City Council — Internal Repairs and Maintenance for buildings,false,78,5115422.79
330,34908a5e5a4743029ef118c12f92d357b028ec8ad949b48b1252dc72ca80c878,HM Revenue and Customs,Insolvency Services,HM Revenue and Customs — Insolvency Services,false,38,3983645
379,3bcaf40494276f2b1719aafbc849632c501061f9d991b0015253556530dd2835,Department for Transport,TELECOM EQUIPMENT,Department for Transport — TELECOM EQUIPMENT,false,1,56270.7
426,442695cff53973c0876d512ee38050f713f2f5fe0dc08f697681fff5a3357315,Department for Transport,Air Fares,Department for Transport — Air Fares,false,1,31438.01
464,4acfb930280d114937b16b176be420f89c4d54402114ba5b2b8c90ab093bdb11,Department for Transport,Property Service Charge & Rent,Department for Transport — Property Service Charge & Rent,false,1,26524.22
495,5017f1bf4c68d2908294836a23a6ccaf61d6f4dd0439e2291768e67878fbaa71,Bristol City Council,Computing - Internet,Bristol City Council — Computing - Internet,false,34,55085.52
512,529dba71fd25956149f7384e1f8cb5fe0388f08c4c00577a677a6837332834c4,City of York Council,Court Administration Costs,City of York Council — Court Administration Costs,false,66,298625.55
548,5824a573214cbf0273e888682227599e2df7f06be399b542000bad2a9eda6834,Ministry of Justice,EXP - CURRENT GRANTS TO CENTRAL GOVERNMENT,Ministry of Justice — EXP - CURRENT GRANTS TO CENTRAL GOVERNMENT,false,14,989180.33
562,5a29a6a0a5beb92bd3a228117322ea69edb0dea7be1d08bc291ab0f83b7ecaf3,Department for Transport,IA - Information Technology - Cost - Additions,Department for Transport — IA - Information Technology - Cost - Additions,false,5,609326.64
618,63c4fe5c293c6265c98062d6447d2e73884f31bff819873fc9633c994182dbf3,HM Revenue and Customs,Non-EU supply - Irr,HM Revenue and Customs — Non-EU supply - Irr,false,2,198920
790,7be356180e98425ec530e5e3a42f76997b7695245dd4bca3936dfc325b8e8d0a,Department for Transport,Vehicle Maint & Servicing,Department for Transport — Vehicle Maint & Servicing,false,15,8785626.79
881,8a7a378263e3289cff9be2f6e2636c7b8170e919bb2dd6e985c53f9ecf22027c,Department for Transport,Car Parking Fees,Department for Transport — Car Parking Fees,false,3,248744.4
929,91dc2f0c058be8efef870fe4855c09af60a5d26a2bb1129ee4996b8eac9bd4c0,Bristol City Council,Debt Management,Bristol City Council — Debt Management,false,16,66469.94
948,9761cbdd461a3c4f96417cc76ef7eab6c11d3bb9c6b61661579cea83afcc00c8,HM Revenue and Customs,OHS,HM Revenue and Customs — OHS,false,29,3628052.75
1045,a5aed53dbd1c007bfdb9d8d62391811f2ea69f68976c5e9386016f07c9dab653,HM Revenue and Customs,Desktop computers,HM Revenue and Customs — Desktop computers,false,2,257940
1103,aee6b6d3f276af5ca5e5687914c4dfeb0a788a91c8906ff1c4bdc8c8ae8b3192,Ministry of Justice,EXP - PURCHASE OF GOODS/SERVICES - END USER SOFTWARE AND HARDWARE - Laptops,Ministry of Justice — EXP - PURCHASE OF GOODS/SERVICES - END USER SOFTWARE AND HARDWARE - Laptops,false,9,3957682.77
1105,af6921383ab85c10da1e73519de5f59a5cc75b832be3c9ab323a3eeff0623c6b,Bristol City Council,Publications,Bristol City Council — Publications,false,1,2238.36
1165,b844c7119edb0dd3e13ee931a080fdd3320372ef7ef60da005c54072b69079bf,Ministry of Justice,EXP - PURCHASE OF GOODS/SERVICES - OTHER PROFESSIONAL SERVICES - other than legal,Ministry of Justice — EXP - PURCHASE OF GOODS/SERVICES - OTHER PROFESSIONAL SERVICES - other than legal,false,20,6654329.6
1245,c50f7a8ca51310989820cdfe910d5fa73148fb189d061b105a0f56bcf81103f5,City of York Council,Staff Taxi Travel,City of York Council — Staff Taxi Travel,false,6,4045.89
1292,cc2e42feba5899e9b1186b0b611f912ecba7cbee38f772378cc7145c81541bb2,Department for Transport,Equip Purch - Police  (Noncap),Department for Transport — Equip Purch - Police  (Noncap),false,4,122304
1298,cd74e0d93966a9bbbce52ea773b49038d5e1a9c3e6626c127db8ff53865c2404,Department for Transport,CP - Fuel,Department for Transport — CP - Fuel,false,8,243932.87
1346,d4a5d25fcbc7f662c532e6d4b8c86087c84f10b44fd542499d343097c4309b49,Manchester City Council,Supporting People Payments,Manchester City Council — Supporting People Payments,false,227,2700194.87
1421,e11cf8c57d36875b473a72d6225e43c167e4aa19a632992dfbb8bf48fb996afe,Manchester City Council,InsPrem all risk,Manchester City Council — InsPrem all risk,false,1,131380.13
1439,e3f0369e98695d97cd1617242d0a4ebf7d34066f15572cf7327e709996e5753b,City of York Council,Staff Hotel Costs,City of York Council — Staff Hotel Costs,false,33,41041.04
1509,ed68c5d44f40f752ec08763417d865decd18b54e3c788f92b8fc430be4224a23,Department for Transport,IT / Outsource,Department for Transport — IT / Outsource,false,10,532913.31
1565,f5c5ff8586b2dd34c3cda01bfe5d8af6a6a9f26d055896153e82846c317f85ce,HM Revenue and Customs,IT Software Licenses and Support,HM Revenue and Customs — IT Software Licenses and Support,false,116,62828275.37
1567,f5e8e27f78b2b32fc4a85a9b5c913c2ce646065212712d7e2c7af8375612e73e,City of York Council,Fuel,City of York Council — Fuel,false,190,1356181.56
1580,f76f605a246c8c593008f5cdf63fae2a1343896359e03a97d7bc9e7d23dd9c86,Department for Transport,Legal Consultancy,Department for Transport — Legal Consultancy,false,164,10964534.23
1588,f8ad1d8e61620e34ee3fb83b832551b63ea3b5fc801bf5b9f1fc088f13095253,Manchester City Council,Service recharges,Manchester City Council — Service recharges,false,4,75404.87
1591,f9454312bd4259bd3fdbc2c43a7f85709283916c2b6a3a3aed24f1dec4d60070,Ministry of Justice,EXP - PURCHASE OF GOODS/SERVICES - OTHER PROFESSIONAL SERVICES - Press Cuttings Service,Ministry of Justice — EXP - PURCHASE OF GOODS/SERVICES - OTHER PROFESSIONAL SERVICES - Press Cuttings Service,false,1,34788
1614,fc41ccff83d1b0ea93191bdd58cc568f776bdf28948f75510a64b642dd593a7a,Manchester City Council,Library Materials Acquisition,Manchester City Council — Library Materials Acquisition,false,175,358976.24
19,040e0217736b74581598d5d311949d13e985bc869b6621c81908dbbb4869ae48,HM Revenue and Customs,Building mngment,HM Revenue and Customs — Building mngment,false,8,410901.76
52,09d426f9f643d8919ec460cc4911a613a41b48d1247ad9c488d66ecb7d210bf4,Manchester City Council,Temp Care- Resident,Manchester City Council — Temp Care- Resident,false,601,2379528.81
81,0da3558416ae3658f4855a0b8a10e8c5ea0711930cad9f3398a8efa8994ed327,HM Revenue and Customs,Business Continuity & Disaster Recovery,HM Revenue and Customs — Business Continuity & Disaster Recovery,false,12,568382.98
87,0e8af365be6c4ee9b9283689f0453bcac1d1744ca5d67da34834ab52faaa2d78,HM Revenue and Customs,Govt inf services,HM Revenue and Customs — Govt inf services,false,1,52450.8
135,16f337bd989591581711adf2338c10f17536fe249306ba5ab43722bbf714c347,City of York Council,Street Lighting,City of York Council — Street Lighting,false,107,983730.18
178,1dea3d728a76a3d41664b9a432cefca29d1bce08f07025c58025bb2f9cade5ef,HM Revenue and Customs,Soft Licen Integral,HM Revenue and Customs — Soft Licen Integral,false,85,47399169.74
209,21a0e4061bca63df95322d1f6b85d2450e497f72894bfdd8f0155218aeb5dbf8,Department for Transport,Non-CPO L&P Payments,Department for Transport — Non-CPO L&P Payments,false,3,500214.37
301,307248509bc5262a572d9799a0b62ada1642a51e8267c92d6761c2ddd57b813d,Bristol City Council,TPP - Other,Bristol City Council — TPP - Other,false,691,42350221.58
331,34bee7d3cc421cb0288d07058e992fd831e0e47d87039f583e8ff8df5dd61e16,Department for Transport,THEORT TEST VARIABLE CHARGE,Department for Transport — THEORT TEST VARIABLE CHARGE,false,4,4260637.56
360,3935c1d94f77876eddfda7698c9d204af08e41dc771e844a3b8a64981dbac453,Department for Transport,Court Costs/Warrants,Department for Transport — Court Costs/Warrants,false,3,299706.5
442,469150ce82f7352ac7da8aa0d9f668bce2e85f02e068ee7d1c5c6f65cbde562d,Department for Transport,Transport user research,Department for Transport — Transport user research,false,26,1463032.4
537,55d4cdac33618e8acd77e07c7c4ec04306017deae7abb921d299e07cfdb636f2,Manchester City Council,CAMC/Not assigned,Manchester City Council — CAMC/Not assigned,false,55,108962.48
558,5960560345fd05ec343e5c3c8504c1b769fa1d3ddfb284ccae9453c9616a98c1,HM Revenue and Customs,Nat Pst Del Ser(VAT),HM Revenue and Customs — Nat Pst Del Ser(VAT),false,23,2170134.7
567,5b1f4d3f187e025949cf25155a4e3176acb1e695e72517920b060773cbf0dee3,City of York Council,Security Services,City of York Council — Security Services,false,264,2444491.12
579,5d73dd4e2a0cd6646b4fb76cb7595a2267da468b603767b616ee47ac462bc273,Department for Transport,CurrGrtOth to NDPBs,Department for Transport — CurrGrtOth to NDPBs,false,64,1798882554.15
581,5e01d2fab43824ab8423ac778c5cfd5855d4ce219a8fdd0f2225dc083f10551e,Ministry of Justice,EXP - MISCELLANEOUS EXPENDITURE - Extra statutory and extra regulatory payments,Ministry of Justice — EXP - MISCELLANEOUS EXPENDITURE - Extra statutory and extra regulatory payments,false,1,34058
615,63218dd2c1f7aad1dc59b0231242a4a612ae1e33b2416189798b981766e2c089,Department for Transport,Machinery Maintenance,Department for Transport — Machinery Maintenance,false,3,176870.42
622,6487e06be27b914397e090532fef3c00f31c856fea54533b806e8551a377a612,City of York Council,External Consultancy,City of York Council — External Consultancy,false,379,1234787.89
625,657cf0d49743d8287e3f29462564a141c8151737fcdbd9bbf56dfcb971417f51,HM Revenue and Customs,Camera assemblies,HM Revenue and Customs — Camera assemblies,false,2,24986.24
633,66bf7af9a4f8f9d7845591cd194f04477998853f0ac1c8a78196b964d02ba817,Department for Transport,Agency Staff,Department for Transport — Agency Staff,false,3,99079.98
676,6b68ea9b8229192cf3976a234e7909dc2a5a38ced6f389bf5a3a134430f7e218,Manchester City Council,Special Event,Manchester City Council — Special Event,false,313,4880121.92
683,6c016af91dbabf3ff3f091a27a95aa36db699d13d3caa1e1764a3a7ff7b676cc,Department for Transport,Engineering Services / Systems,Department for Transport — Engineering Services / Systems,false,1,233734.88
804,7e3a6e9bdff8d1cd4d2267dadb651cd7aca75b520b112d978c8a6d5216518dec,Manchester City Council,Child Care Vouchers,Manchester City Council — Child Care Vouchers,false,4,1614.39
824,815a711f5950a1b22ae17a2300ab1e9ea11bc430e769ee6641ac3fcbc636654a,Bristol City Council,Water Services - Unmetered,Bristol City Council — Water Services - Unmetered,false,6,13354.85
868,888c2d44ae62975aa10e20bce379deee010209ad614c977013c9ec9bdb16f2ea,HM Revenue and Customs,Same Day Del. Sched.,HM Revenue and Customs — Same Day Del. Sched.,false,2,42176
902,8d0fee9e8081574c5784478e26de5f18d3339f75004336e29db7396cb2caf517,Department for Transport,SAAS,Department for Transport — SAAS,false,111,25637003.35
980,9d4be9682eb3a111ef0ec104e9263269898c6466d98bb55a6351f0cecf485814,HM Revenue and Customs,File archive storage,HM Revenue and Customs — File archive storage,false,23,1413297.96
1206,beac114b43a819c0a3f86dd06351170bd1582f547bd1120673718863b9d1eb5d,Manchester City Council,Grant and subscriptions awarded,Manchester City Council — Grant and subscriptions awarded,false,1791,28540647.25
1319,d17a378c1fab8c4677a8bad7cb9d797d92880c692ac127aa2adfffd8033110b0,Manchester City Council,Payments for services,Manchester City Council — Payments for services,false,2295,19550422.18
1359,d667048eb26296943ddf29ebf860b47d2af208f50ac3b5eae5668241e03e0f50,Ministry of Justice,EXP - MISCELLANEOUS EXPENDITURE - Compensation payments - third party,Ministry of Justice — EXP - MISCELLANEOUS EXPENDITURE - Compensation payments - third party,false,2,148617.5
1589,f9132e7fa24a5c5a20920ce50822ec3c976b465980e9c7d5dd7bc7150c4ab0d3,Department for Transport,Subs To Outside Bodies,Department for Transport — Subs To Outside Bodies,false,8,646093
1610,fbdb950922fe314da48bac807318e22deb2622495f7922b7cf0384023714f4d5,Bristol City Council,Other Library purchases,Bristol City Council — Other Library purchases,false,19,125383
39,07a25d2c348bf8956c9c7d79dc7e76a792dc96901a962b0a33f1f337b76b0c82,HM Revenue and Customs,Translation services,HM Revenue and Customs — Translation services,false,5,199118.42
97,0fb28a756e5e69e6266fc9e08799a54c8dd7929efe1bc51655905ae45143924f,Department for Transport,CP - Contracts,Department for Transport — CP - Contracts,false,2,333565.37
144,195150cbff7e2d2bb72dac9869d0419c951623001a08e30b15553726d3c94aed,City of York Council,Staff Car Hire,City of York Council — Staff Car Hire,false,25,288612.11
164,1bfe937991260c8486338274a435bcbc3f8cf22009aef23a798c709be11b2798,Manchester City Council,Occupational Health services,Manchester City Council — Occupational Health services,false,7,75420.33
180,1e1605be6a220e071ac4521d4724953d114f725e8b5ec1d6bbdec27c1b546a3e,Department for Transport,PURCHASING CARD CHARGES,Department for Transport — PURCHASING CARD CHARGES,false,11,575211.02
311,31db3e771de2ed99f953cb502a8d7b8c43be0c533b0b1605067248287861e1af,Manchester City Council,Multi Media and open learning packs,Manchester City Council — Multi Media and open learning packs,false,2,3200
344,36c901ad3d6a257ad25b3a614652a8de35891f8754fd8721cf6f77a15b2cd38f,Department for Transport,Computer Consultancy,Department for Transport — Computer Consultancy,false,12,788121.86
346,374d9871ae5f2dee049cb408c06682eb3c7555152421b964dd4895f514d45057,City of York Council,Equipment Rentals,City of York Council — Equipment Rentals,false,15,17340.12
370,3a31cb21fcb54391f6673fa9b2334e8769efed79b06fa6fa5a22b2c979b87268,Department for Transport,Electric Vehicle  Deductions,Department for Transport — Electric Vehicle  Deductions,false,11,884890.03
411,41e62fcebd67239d5bfa2ed74b864c6a8a817d48d041f3e7e0697a58936e250b,HM Revenue and Customs,Projects VAT irrec,HM Revenue and Customs — Projects VAT irrec,false,59,93154622.97
522,53bbde8d994003a4e5715d8153e30bcf91953108c18abaaa205988209a16016f,Department for Transport,Software Lic Cap,Department for Transport — Software Lic Cap,false,27,2625266.11
616,636292f207bdba6f5590c5669264a8e359d49200ff73ae5d7533030afe4b44fd,Department for Transport,CP - Dispersant,Department for Transport — CP - Dispersant,false,1,129912
619,64461e57415f0337f50a4e417005c0c84fbacbba4c45a813e13024c1e2a1604e,Manchester City Council,Funeral and coroner related services,Manchester City Council — Funeral and coroner related services,false,224,1119856.94
658,69f6ef65cc83ff22f7b53733eed8b376fde4effbd8afa0e04c43ab8565f4c9cc,Manchester City Council,Coroners witness sum,Manchester City Council — Coroners witness sum,false,1,615
674,6b1e908c2caffed35145351dff451821ed4b16509951a5d7a6029d0166de1fe7,HM Revenue and Customs,CS Org Dev & Des.,HM Revenue and Customs — CS Org Dev & Des.,false,1,1978789
884,8b1ea3b29639fcbc17964e10c106d597a2948bb904042ea27a6bd514ec9f93e7,Department for Transport,Rent & Property Service Charge,Department for Transport — Rent & Property Service Charge,false,1,26524.22
890,8b7a6afef75d69b8c24e0e3bef61251f469bd5c8e11cf17c28244d173154576a,Department for Transport,IT Applications,Department for Transport — IT Applications,false,1,63600
951,97e26009e36aaf76c849f2190ddaa08945db6110bc65d39f04d0deeeb693411b,Department for Transport,PLANT & MACHINARY CAPITAL COST,Department for Transport — PLANT & MACHINARY CAPITAL COST,false,1,193012.5
998,9f5cf7198c13a20d0ae384736ed3e60b8e98bda2c9501b0c49998b8fd8728909,HM Revenue and Customs,IT Security-Cyber,HM Revenue and Customs — IT Security-Cyber,false,2,14550.73
1019,a338dc9c42ceb15408a64e9d4509582f2911216f586b77f8929eca3f0df1e052,HM Revenue and Customs,Professional Fees and Subscriptions,HM Revenue and Customs — Professional Fees and Subscriptions,false,3,128177.61
1049,a6622f6c1644bb86f5e41959b070204471591533a8ec9dc37b5ba7d38194e90a,Department for Transport,P&M Capital Cost,Department for Transport — P&M Capital Cost,false,2,105230.6
1078,ab4a14af8486e66784cf09f2fd685a41b0db8c78d030ebcad62a99f5192fa9ba,Bristol City Council,Comms - Telephone Rental,Bristol City Council — Comms - Telephone Rental,false,41,316033.59
1139,b4f6cdbbdc49ea21b21c2845d58de8490095a3244c921940ff66e93d16c5ba11,Department for Transport,Railway Pension Scheme - Er,Department for Transport — Railway Pension Scheme - Er,false,13,1841402.96
1166,b89ae0b868d1cf7de34d1fcc2412715d00dba3442d1e1c47417f8ddb962416b8,Department for Transport,Promotion And Publicity,Department for Transport — Promotion And Publicity,false,5,303769.92
1167,b8f9dbd69e84a7d0765c8cdc22d1004e4c375899c3ee30ddb8a7ae97cff0d8b8,City of York Council,Licences,City of York Council — Licences,false,22,30874.68
1186,bbab41376669b6670da6d679b56e98f91eb10aab8cedffbe684f5040bfefade5,City of York Council,Staff Salary sacrifice Schemes,City of York Council — Staff Salary sacrifice Schemes,false,340,850045.88
1220,c0ad2f986e69f03ac21c8205242e6c779d21f68adf2d78ea8bd9b7dc7890e2a8,HM Revenue and Customs,Prof membership,HM Revenue and Customs — Prof membership,false,11,414386.32
1227,c2451b5f19b72bfe7d10066ffbfa45a5aa5cca6833cfe91fea06b9535e1a73b2,Department for Transport,Water and sewerage,Department for Transport — Water and sewerage,false,4,292240.15
1260,c6951dba1aab4dabbd4fd535429a9f12cdf74c7ac74038184978c39429e8d3d2,Department for Transport,CG - Maintain Rescue Equipm,Department for Transport — CG - Maintain Rescue Equipm,false,2,50843.49
1396,dbbf8c8a5e07af9261ed35ab5eee934867e17e27c2ab6084fa0c8724aa9f2215,Department for Transport,"Rent, property service charge, rates","Department for Transport — Rent, property service charge, rates",false,1,51874.35
1417,dffc5740de1fe51532730341771110d5f3718a90428402ed85c63ff2550ddab0,Bristol City Council,Electricity,Bristol City Council — Electricity,false,84,5122763.43
1464,e71cfdec6a9e813dff50886eea13b6e1e0015ee664f99080a8e5532a7b31fff0,HM Revenue and Customs,Dilapidations,HM Revenue and Customs — Dilapidations,false,4,1487542.19
1495,eb6a4f0c27150b71baea7662daa3bb1106582ed266406291e279ceadcdaeafee,Department for Transport,COMPUTER EQUIPMENT SERVICES,Department for Transport — COMPUTER EQUIPMENT SERVICES,false,4,214531.22
1502,ec6372ba53aea47b4f835019680ec7f4bb0deee7d54635e301c94eea173c0792,Bristol City Council,Power Purchase Agreements,Bristol City Council — Power Purchase Agreements,false,2,20304.09
1504,ec917c081e30f98ff99f19b0c1bb74bf84684bf81d7b142a1a47ad0d06e71ea7,Department for Transport,Other Telecom Equipment Rental,Department for Transport — Other Telecom Equipment Rental,false,3,93989.76
1532,f153e8e2e4433d4e32e86481ea4f0f21dee5d4d7e4594c94b7963775a12fb719,Bristol City Council,Laundry Expenses,Bristol City Council — Laundry Expenses,false,20,17023.66
1568,f5ff951645a7aea26808566c3f68baf6d5db1035f140609e797ada462e6d59c4,Ministry of Justice,EXP - GRANT-IN-AID TO ARMS LENGTH BODIES,Ministry of Justice — EXP - GRANT-IN-AID TO ARMS LENGTH BODIES,false,4,2200562
38,07883f178c91fe4dc27cebbd22f0f10d6ee11845941f8afb11a9bc09c9ad9f53,Manchester City Council,Tipping - Tonnage,Manchester City Council — Tipping - Tonnage,false,25,1314562.81
61,0b74a8de898c90ca92ddb8180ee78922fdd6ddf0481044972e6c9e6ffff895db,HM Revenue and Customs,IT Software & Supply,HM Revenue and Customs — IT Software & Supply,false,2,78540
194,1fdcd471f5b20d5519cc7d986b7809f8051813db2b777f1f6e5dd80f215ced1d,Department for Transport,China Retainer,Department for Transport — China Retainer,false,2,117022.09
230,26208045d6f951722ee579cbb3882802594015bada632506f33f6c3018e02ecf,Department for Transport,TOCSetmnt&Legcy(Pub),Department for Transport — TOCSetmnt&Legcy(Pub),false,5,59855805.39
407,415d893ec259b5ec58722cf737e61cfd3fe77e4f60ff80f780620bf9f3386e8c,HM Revenue and Customs,Landline call charges,HM Revenue and Customs — Landline call charges,false,1,52393.45
532,558db082c79bc5a6dc1ee84eacb44f5333c5a22c5d7eb7e584f448d33664a647,Department for Transport,Claim - Public Liability,Department for Transport — Claim - Public Liability,false,2,150614.8
557,592f2544bd7563012cde82973968f7d0782b26f6bca4b24de5583654fd7b8dce,Manchester City Council,Elec Car Lease,Manchester City Council — Elec Car Lease,false,78,1916854.29
585,5e4bcd99acd3253372df85ada866c20c4eab72c0b512f88a7c6c0579ff2fe23c,Department for Transport,M&E Contracts,Department for Transport — M&E Contracts,false,1,54290.12
588,5ed68074ef7b83937eca4e048464df74542ee22480fe849d92f1256dfd13e680,Ministry of Justice,EXP - PURCHASE OF GOODS/SERVICES - GAS,Ministry of Justice — EXP - PURCHASE OF GOODS/SERVICES - GAS,false,8,997230.38
677,6b71026870ee749b9d788f09f64b35e70c2f8d2ca4c2168ba5305e07fd3ce0a3,Department for Transport,GR/IR  Secured Stock,Department for Transport — GR/IR  Secured Stock,false,29,1377763.4
744,75809d001630f679a1ac1858ae0f03a43ff5c5229d8d84d4b3a8eb73f6f6934b,Department for Transport,Business Rates,Department for Transport — Business Rates,false,40,12163774.38
811,7f760f403df65a1f4a856d6e50d64d062714fe5f0238e8e83f3a8d00139531b6,Manchester City Council,Apprenticeship Levy,Manchester City Council — Apprenticeship Levy,false,213,634881.8
849,85a2192a358e4093bd21dd587d58d3b88d6574f23099313aab023cc0190cb0d0,Bristol City Council,TPP - Agency Fees,Bristol City Council — TPP - Agency Fees,false,452,2069392.71
927,90fe571680f25672dc2faa6e7ba30f24bbee7c6a90c6aa97f99834895421d158,Bristol City Council,Protective Clothing,Bristol City Council — Protective Clothing,false,44,24326.11
941,9497ab12af70c7bc32c79606db4a618b19d6a49ea7ff2b06913e975a66f7a8e3,City of York Council,Advertising and Publicity,City of York Council — Advertising and Publicity,false,430,1111659.81
943,95ee6c58676ce395c9802e75d7586618905c7f068f77f5ae7e0867e2aca03e8c,Bristol City Council,Rent,Bristol City Council — Rent,false,80,778815.9
997,9f27ab294619e5052cc21f60fd2a68cb3d970254481a65d01e2b1cb9c74e1491,Ministry of Justice,EXP - PURCHASE OF GOODS/SERVICES - OTHER - Grants to voluntary and community service organisations,Ministry of Justice — EXP - PURCHASE OF GOODS/SERVICES - OTHER - Grants to voluntary and community service organisations,false,110,12785416.72
1007,a0a09c4f94761cd15661252cd30a9d37799c100fa9afead7f54ba74315b674ec,Bristol City Council,Gas,Bristol City Council — Gas,false,26,44929.33
1012,a1a6f658f46392f174d6fc8fd8dae889d8dd940fb3fee55d083199cbecc38fb9,City of York Council,Professional Witness Allowances,City of York Council — Professional Witness Allowances,false,4,1535.18
1018,a2ae5b341c2f32059009540d244bb8bbaf759d793c0eee5ae1bd726d5d6768c0,Bristol City Council,TPP – Supported Living,Bristol City Council — TPP – Supported Living,false,192,100877.12
1079,ab4e17d564dbb74d00b3c1c6cbe59716f0d6efd16bfd0aa7ac544d1d6fa04f27,HM Revenue and Customs,Soft Licen Off shelf,HM Revenue and Customs — Soft Licen Off shelf,false,78,87325656
1111,b1f880f20b5e0c851c380339ab9f84672e3f69d74176a12d14c17b0774094e48,Department for Transport,Grt Aid to NDPBs,Department for Transport — Grt Aid to NDPBs,false,59,10788523565
1145,b613051e1d1849539faa8f33d184b5fadcb444c9016890b1267f95cea390213a,Department for Transport,Recruitment Advertis,Department for Transport — Recruitment Advertis,false,3,320019.78
1168,b9138d2298ffccd342a82c0475f7be74ace99822913ad4b77eff510d52499b01,Department for Transport,Buildings (Leased Non-PFI) - Cost - Additions,Department for Transport — Buildings (Leased Non-PFI) - Cost - Additions,false,17,1342314.29
1181,baaac1f4af3a3527f96dc8f5a6f7f0955c217db7a77ccdaa5e649ebf3f162b81,Ministry of Justice,EXP - SHORT-TERM CONTRACT & AGENCY STAFF - FULL COST - Clerical and Admin,Ministry of Justice — EXP - SHORT-TERM CONTRACT & AGENCY STAFF - FULL COST - Clerical and Admin,false,43,1410751.36
1228,c24bd353da1369e7c11bf616c2db83498c55ab525fd4d1985570911e012e2f18,Manchester City Council,WPS Awards,Manchester City Council — WPS Awards,false,776,597099
1264,c73ba46e0590ef4ba4e4b3e26f4c143c4b01bdac4c9dd320e34062ec5c3eb2ce,Manchester City Council,Building Works,Manchester City Council — Building Works,false,668,18303074.05
1364,d72f9673709234f051cf7901a336dc7fee6f0e02a989a15ba583ab0fed97bfb1,HM Revenue and Customs,Web market research,HM Revenue and Customs — Web market research,false,2,144538.13
1380,da69d51f2611cb110397b9f9bc674fdc35e08eb9b0a00cc095c9f530bf2019ac,Department for Transport,Compliments Vouchers,Department for Transport — Compliments Vouchers,false,1,51652.22
1607,fb5b1a83a7d447a4f3ba6796bf691f94c9aef6b33939a80c733ed538a8f4f172,Manchester City Council,Payments to Government Departments,Manchester City Council — Payments to Government Departments,false,1,17133
1613,fc302ac2ad6c7bd7612831e6811745609a1f0201872b018b8e09daf544c61009,HM Revenue and Customs,Internat. Courier,HM Revenue and Customs — Internat. Courier,false,14,1688172.07
83,0dcda458a19e44cd899164ea6c85f48369225feb85d15c306ab8594b11cb006e,Bristol City Council,TPP - Day Care,Bristol City Council — TPP - Day Care,false,625,301885.18
191,1fa9338c56a436a7dc81dc110c3fb8eab7e621847cd513649d1045f7c3ba64aa,Ministry of Justice,Services supplied by OPC,Ministry of Justice — Services supplied by OPC,false,1,460100
221,24a20abfcbb51778e6623ed9ee06ed107cc467b86f3ceda4815223bc615a0d05,City of York Council,Childrens Allowances,City of York Council — Childrens Allowances,false,239,189314.87
508,525a8bf6c248aaa58a7c129ed2a0596ab4411f148d71047449c3a86187deaadf,Department for Transport,Other Consultancy,Department for Transport — Other Consultancy,false,31,1813056.76
551,58ae8adc92392e8c8266a335fee4a7f79fa7eafc23a4ffcf6271f19d8cb7fa21,Department for Transport,IT EQUIP CAP COST,Department for Transport — IT EQUIP CAP COST,false,1,56270.7
574,5cc2868304796c2006df52920791f0437226673348774ea0b3a377c0555ad9e7,Department for Transport,It Software Maintenance,Department for Transport — It Software Maintenance,false,27,5735747.01
583,5e30967935dd934f30fe1206b4eba7383d6086cc040fda58fdf453754140f100,Bristol City Council,Hospitality,Bristol City Council — Hospitality,false,2,3370
666,6aa8e57a72e4782c2540fdd1c031db2b976813d9df3c982121712f2847103872,Bristol City Council,"Education trips, Holidays, Outings & Activities","Bristol City Council — Education trips, Holidays, Outings & Activities",false,2,1196.11
706,70791d102fa631d206a8a2d62c2475c860127dd4600ad5cf227bf3b193c0a72b,Department for Transport,Estate Legal Advisor,Department for Transport — Estate Legal Advisor,false,10,441863.05
718,71bde3b51866b82fd981a2ba456cdfcfa851cccd9e3771cbfcab3a071492bd13,HM Revenue and Customs,Camera bags,HM Revenue and Customs — Camera bags,false,2,467.95
760,774ab6ee35df0bc687ea5a9510f351d6823c7cb035f5522f38d585aaf088506a,Bristol City Council,TPP - Residential Care,Bristol City Council — TPP - Residential Care,false,891,3227698.17
887,8b5ba2852484d6dffc7909be0714de7cd6bc2002dc8d2f34419a76fde9547c6f,Department for Transport,"Subs - SCMS, Environment and Ship Safety","Department for Transport — Subs - SCMS, Environment and Ship Safety",false,1,85140.87
1053,a722caca7f6ba4ecef77198b847627de1d25d00a4160a6d7b3f8f2ce1aa0203e,Department for Transport,Rent,Department for Transport — Rent,false,68,10775809.83
1068,a934fc4e0330fbd54f8e4a2c6edf5a3e213564ef03c3a7142b9bbc710036b2f7,Ministry of Justice,EXP - PURCHASE OF GOODS/SERVICES - TRAINING & DEVELOPMENT - Professional Body Membership Fees,Ministry of Justice — EXP - PURCHASE OF GOODS/SERVICES - TRAINING & DEVELOPMENT - Professional Body Membership Fees,false,5,273410.67
1143,b57e9f39c760ff7ffe515c44642ed11fb807a0a084240e02be17b1c8a682b1cb,City of York Council,Office Equipment,City of York Council — Office Equipment,false,218,226675.48
1158,b777b140de40f659fb9e8b5424c12744636cec0a516cd24c296fa8cc174d648a,Department for Transport,Audit Fees - Non Notional,Department for Transport — Audit Fees - Non Notional,false,1,213000
1266,c7b7007b504de75774d2d1a0dfe8083bf9b30493bc0d518e2859b0d3f5354899,Department for Transport,AUC - Phase 1,Department for Transport — AUC - Phase 1,false,822,7321575485.92
1303,cdd807c215e740f4e9e4112a60d5d93385959d2a09cc32c2eb4de94da39b446d,Department for Transport,Internal Audit Fees for 23-24,Department for Transport — Internal Audit Fees for 23-24,false,1,178632
1312,cf863c8da7940036ceb4fdb4a7430f26a87e141fd0eee26ca5755fc1d1c10fdd,HM Revenue and Customs,Physical Hosting,HM Revenue and Customs — Physical Hosting,false,33,4300024.36
1325,d2020f36df87959d67c101966c629bcd5cc4e91129f571b3906abf25a2ccfc87,Bristol City Council,TPP - Disposal of Vehicles,Bristol City Council — TPP - Disposal of Vehicles,false,3,1603
1336,d2d70822a7d720d0b5f9c82f2dac3a3a63eff0788daa853f2b5bea9d898f8979,Department for Transport,BUILDING WORKS CAP,Department for Transport — BUILDING WORKS CAP,false,2,81037.5
1349,d5299651b7ec198f6026ac751fe107892569ed8e5d876544362c32e01704810f,Department for Transport,Rental charges - Buildings,Department for Transport — Rental charges - Buildings,false,6,530910
1373,d9119e69862e5e23e431706c1d99afe1493d38f0cf00e5d7c96c80539a576edd,Manchester City Council,ICT Sup & Maintnance,Manchester City Council — ICT Sup & Maintnance,false,128,2694541.9
1403,dd059cc4efdb08fe2ec7eb99afc8ab6a803ed69ddd6fcfeca14f154d7ac617bf,Department for Transport,Management Fee - Uniforms,Department for Transport — Management Fee - Uniforms,false,2,584440.87
1411,dee528e1c75161800634403446484af5f9f568f680fac64de45a857492c5b8e3,Manchester City Council,Interest Payments,Manchester City Council — Interest Payments,false,4,34272.34
1469,e7afa6d5224c9cc74fc5721a45356c039f650b8dacca3580cf1a66563d24ce7e,Bristol City Council,Vehicle Maintenance - Contract Additions,Bristol City Council — Vehicle Maintenance - Contract Additions,false,59,61914.01
1576,f6ffbf807fed28fd1b0681002f04a7ada8a548ebfdfab247ac4ab436e5e7853c,Department for Transport,GR/IR  Non Secured stock clearing account,Department for Transport — GR/IR  Non Secured stock clearing account,false,4,250216.65
1616,fc554517a74f38e751b00f4e73f3229df4371cee181882906c343c27fce7ad7d,Department for Transport,COS: CHINA STRATEGY PROJECT,Department for Transport — COS: CHINA STRATEGY PROJECT,false,7,1297341.08
1622,fd55fcddfdb56026e85fbd71e7c204b7298a90662773f90017dc633092fd3c1d,Department for Transport,Post Office Charges,Department for Transport — Post Office Charges,false,24,15493920.18
28,05c8c5776bb251ccaf3f12cdd0dddf5586737e91f3344b755bc4a87590e99efe,City of York Council,Emergency Payments,City of York Council — Emergency Payments,false,25,46810
45,08ac0eff618ce113095246d58cbe628fe33bea718ed40c8eaee17390d5a3da74,Bristol City Council,TPP - Short term support (Re-ablement),Bristol City Council — TPP - Short term support (Re-ablement),false,3,301.56
78,0d9f796e0f81db1b98f54913c63b5403883b07896acc62053e6973c3a1f878a5,City of York Council,Fuel Oil,City of York Council — Fuel Oil,false,7,14013.43
98,0ff5e29d45fadf9085bada6b5601f7b0c58f31076365e1bf065423525dba5666,Manchester City Council,Window Cleaning,Manchester City Council — Window Cleaning,false,26,50362.3
134,16f229ae4672f06b0e38836432197f35f1212931d2ed9f8b5139bbd3fb9eadfb,HM Revenue and Customs,Oth PFI unitary chrg,HM Revenue and Customs — Oth PFI unitary chrg,false,13,41254452.12
274,2d42efa5cd49daf4fe32b95807322b40f62cf976557b5e05507eb8d7d85723ad,HM Revenue and Customs,Vehicle servicing ma,HM Revenue and Customs — Vehicle servicing ma,false,10,592176.1
282,2e8a945111edc17f5d550b2c9e1ed9b2c6c930af7a95de6733395af1208d0613,Department for Transport,Legal - Proceeds of Crime Act Payments,Department for Transport — Legal - Proceeds of Crime Act Payments,false,1,175000
286,2ebf3c3e75c053f45b1a4679c4ab6e8f2d68e7adf4022156b98bb99b366adc7f,City of York Council,Vehicle Hire,City of York Council — Vehicle Hire,false,2002,8330785.88
287,2ec5bae652fa7a8f678a14b07c02f10ead8d2e654565f824cfa405d21b2f8fcf,Ministry of Justice,EXP - PURCHASE OF GOODS/SERVICES - OTHER - Publications & Communications,Ministry of Justice — EXP - PURCHASE OF GOODS/SERVICES - OTHER - Publications & Communications,false,6,298474.68
296,3057f15c8bc91667a532b4f60a218e2d8facd4a6732fd98195071a2aabcbe45b,Ministry of Justice,EXP - PURCHASE OF GOODS/SERVICES - WATER,Ministry of Justice — EXP - PURCHASE OF GOODS/SERVICES - WATER,false,3,157851.49
307,30fcd5cbb3dd5f51f4e52d35cf44d5882d4c54b07b77c483dc27040a0833098b,Bristol City Council,Insurance - Professional Indemnity,Bristol City Council — Insurance - Professional Indemnity,false,2,193.05
328,343e48dc8a446a655975094685cc7945902c37177dd395b3459ec13af1b48996,HM Revenue and Customs,Subscriptions to Pub,HM Revenue and Customs — Subscriptions to Pub,false,5,1936478.04
430,44d9f539037508496cbf71248aafc0ba6c0fc8a0d97e1841991dfc78be24e43f,Department for Transport,Estate Management,Department for Transport — Estate Management,false,17,2813536.05
443,46c1cc19b69ae9303edc6de33fb2e17e312ca959379c6e1a8b49961bf91b6cdb,HM Revenue and Customs,Disposal Seized Gds,HM Revenue and Customs — Disposal Seized Gds,false,25,1912507.81
456,49950c317253fab8bc1e56b1291f635ad3f11ec3654bed9a1d31f5066d260394,Department for Transport,IA - Software Licences - Cost - Additions,Department for Transport — IA - Software Licences - Cost - Additions,false,1,64500
488,4f2eaba9d7f19115e610eae73a6d81dd2b015c9345d4489e93b58592bcd791b9,Department for Transport,TELEPHONE CHARGES,Department for Transport — TELEPHONE CHARGES,false,3,164427.69
515,52a683fbfe36bbf2a45cda5a7ae456421a01250fcb0ec6bb3ca60a17df9ee63b,Manchester City Council,Private Finance and Public Private partnership initiatives,Manchester City Council — Private Finance and Public Private partnership initiatives,false,79,50443952.11
544,56fae3c7b2966f1991d7f90f0b07621557c6f1a4506d389c899a4469126df26b,Manchester City Council,Vehicle Repairs,Manchester City Council — Vehicle Repairs,false,55,171880.75
547,57bf84e66fd7eb16bdbd924da6ab09550396272932482010cb8211d522c0f16d,Department for Transport,Auc - Leasehold Improvements,Department for Transport — Auc - Leasehold Improvements,false,4,3623892.11
694,6d7d54d82e2561d3571cb4c77599426c9af11c978fe5b696cf97d7841ec567fd,City of York Council,IT Hardware,City of York Council — IT Hardware,false,261,1050244.92
728,738c24a2fae1333b563ba860de5fcadb4027bd94047afdacd07a9892cba2649b,Department for Transport,Purchasing Card Charges,Department for Transport — Purchasing Card Charges,false,2,1703996.82
742,7554295b21788783b5679cc8e196e8db0a1de621d1da74a18f1f9a3aca79b11e,City of York Council,Health Authorities,City of York Council — Health Authorities,false,17,437540.31
788,7bb7ff494057d0accdbc57a39c9e66eb402632ca37bb634f446a0300153e30c8,City of York Council,Fixed Line Communications,City of York Council — Fixed Line Communications,false,50,281205.63
822,80d3bc36b399e768b7245864ee492048f6a0fbeb47d5be36cb580ffdac12b7b8,Department for Transport,"Courier Costs, Non Royal Mail","Department for Transport — Courier Costs, Non Royal Mail",false,11,339629.4
837,83c6e0cef8ea33b71da904e8fcf53d29dec7a7b7187413507dd4f1fcc5e68b7f,Department for Transport,Hmic Inspections,Department for Transport — Hmic Inspections,false,1,40000
882,8a827a4ff89ef438356d7f1e822b3b47b02c5d75a13111c1bd16cf9ea9526fa7,Department for Transport,Rates,Department for Transport — Rates,false,22,3561569.89
901,8cbe3e3d8d40c08e2761c6ed177f966d010e45e55727e7b671a4bdad4990810c,Department for Transport,Technical Advice,Department for Transport — Technical Advice,false,9,1720638.79
923,9067073630831cc423579e3d22a9d929e30b594fb54b7c52aa9f83f940c35c7a,Manchester City Council,Subsistence and Conference Expenses,Manchester City Council — Subsistence and Conference Expenses,false,208,1589874.71
973,9beb2dd67a9f339164acb22f9dc4643f1befe3dc35c17c6c66ac0fab581fb136,Department for Transport,SUBCONTRACTED SERVICE,Department for Transport — SUBCONTRACTED SERVICE,false,23,3028347
1026,a3e2bd414a3fd4b9d31f244c1bc158ef4e7e08536c41b08ff3ac016229d67c22,Department for Transport,RENTLANDNONPFIOPLEASE,Department for Transport — RENTLANDNONPFIOPLEASE,false,4,248025.97
1035,a4ac212f808e2ef85f3e322bd9ce6e5247bf93cecf4b5518ba3e52c59d8b0e5b,Ministry of Justice,EXP - PURCHASE OF GOODS/SERVICES - PERSONNEL RELATED,Ministry of Justice — EXP - PURCHASE OF GOODS/SERVICES - PERSONNEL RELATED,false,11,1950841.2
1155,b70fd37637e46f0ae09ca105aa38f84a7cebe8ae3918797e7a44e597b5e74748,Department for Transport,IT SER RUNNING COSTS,Department for Transport — IT SER RUNNING COSTS,false,19,2480056.68
1210,bf2bfa99282ee1b5a2bd3e6d2a496a1b30c7d3063b74065f53b28c626f4bb148,Manchester City Council,Ind Budget Payment,Manchester City Council — Ind Budget Payment,false,443,331205.01
1219,c084a50a1145b1393f1d18872401d7d53a85730ed334e60833ed2565d0d8b54b,Department for Transport,Postage Carriage Or Courier,Department for Transport — Postage Carriage Or Courier,false,1,303219.97
1250,c5b1081fb97774247d607d32307896b9e529c059b4495b9dfef453cf24d98707,Manchester City Council,ISF - Ind Bud ISF,Manchester City Council — ISF - Ind Bud ISF,false,128,346416.36
1262,c6bbaf5092c1ae96154d5ca52bb77a52f49cfec1f44a01243e443ec3d0e706d9,HM Revenue and Customs,Minor Wrks Irrec VAT,HM Revenue and Customs — Minor Wrks Irrec VAT,false,39,2419143.81
1263,c7202c6fde5f3eceea406b4efdfc539c2f4c65f9d276ff4d4bbf4bc97f4955a7,Ministry of Justice,EXP - PURCHASE OF GOODS/SERVICES - OTHER - Miscellaneous,Ministry of Justice — EXP - PURCHASE OF GOODS/SERVICES - OTHER - Miscellaneous,false,2,545229.35
1308,cf56ea74d231fa7663c6330bfe8a07c4a39daa4d4dcd3369efcd2202f1875b94,HM Revenue and Customs,Research (VAT rec),HM Revenue and Customs — Research (VAT rec),false,44,1935149.82
1381,da741bff980a98f9f183240a2a28a3f8db01efc887bfe8b45c95fd5a4a4df182,HM Revenue and Customs,WAN maint or supp,HM Revenue and Customs — WAN maint or supp,false,20,6567558.87
1413,df8bd8ef4282cb3007fa22d8fd1db007fa4afae67a7e047a6105398db272c0b1,Manchester City Council,Refund AR overpaids,Manchester City Council — Refund AR overpaids,false,42,1175679.31
1429,e2837102c59c23b91fe7a488500eed54d37f0564fddef771c898becba82df27f,Manchester City Council,Recruitment Expenses,Manchester City Council — Recruitment Expenses,false,3,11259.71
1450,e52a90db56f9f33ca4c677f300e9a406e760aaa64b398317b883f88d9b5ee155,Manchester City Council,Council Dwelling Adaptations,Manchester City Council — Council Dwelling Adaptations,false,629,13927950.54
1458,e62c7a351b8d4f1bfd241f97a1e8da25ad58e6fd2bd9b9bfb8acf0deac3d1ab5,Department for Transport,Vehicle Repairs,Department for Transport — Vehicle Repairs,false,14,701328.62
1479,e8dbcf943153577933b7f0b61eb399809aac7555352be6270fd92d7b332ac054,Ministry of Justice,EXP - PURCHASE OF GOODS/SERVICES - ACCOMMODATION & BLDNG MANAGEMENT - Professional works advice/services,Ministry of Justice — EXP - PURCHASE OF GOODS/SERVICES - ACCOMMODATION & BLDNG MANAGEMENT - Professional works advice/services,false,2,67554.01
1506,ecc9ef19dcdde8ef82bb7a8ee931d703bb3c01dc86c8171e88cfd8febb0d3305,Manchester City Council,Audit Commission Fee,Manchester City Council — Audit Commission Fee,false,1,116125
1515,eebbbfad32fa6c453c1d5cd989a908d1fd311a17a6ce9ab9297ef56e4a8e6677,City of York Council,PFI Contract Charges,City of York Council — PFI Contract Charges,false,30,4218181.58
1592,f960513d017806759214957f762976fcd6464de5e639269eb20d718e039d2b10,City of York Council,Commission,City of York Council — Commission,false,1,251.61
1594,f9f4582c3b4e587e6a536f5f03c5c9da396507a4ce0017b7853301a5cf72cd2c,Bristol City Council,Comms - Postage,Bristol City Council — Comms - Postage,false,72,100073.7
1602,fb0dd3d3f62a2c87ee712731b995f08aa51a70fb3d83936c04c7a4a34392d56b,Manchester City Council,Taxi Vehicle Materia,Manchester City Council — Taxi Vehicle Materia,false,47,96962.02
67,0c0ffe20c8f5ae49fd2a174ac127ebbb3809f79668facd70e9c076a080923d69,City of York Council,Staff Medical Fees,City of York Council — Staff Medical Fees,false,5,3037
100,1042a0c07f4428a34eb4c8d038d81293f6f3ce9c89bd1980418038c2b1874972,Bristol City Council,TPP - Extra care Housing,Bristol City Council — TPP - Extra care Housing,false,161,44832.13
157,1b24b210026bb38b2dc67a0f826e9cd0de7d6cc8a4a7a3be08a48a80842f190b,City of York Council,DEC Allowances,City of York Council — DEC Allowances,false,82,57698.01
170,1cbc6aa3773b743f3c545c840ce3aba9e117856659d98c0b99b9247344a23100,Manchester City Council,Charges for Supp Acc,Manchester City Council — Charges for Supp Acc,false,207,-817521.98
204,210c32544b44a36d913f93c791a3a6ce4472654ddca0e644f1b2f22d5506e70f,Bristol City Council,TPP - Placement Adoption,Bristol City Council — TPP - Placement Adoption,false,7,107880.3
223,255124baca40a7de0745391a65e5ecc435997a92caecba7ff831141e40a3d086,Bristol City Council,Room Hire,Bristol City Council — Room Hire,false,320,1690220.83
323,33b790fab75729a94dc134ba97a842e6893a9e2214ca44a8e648cd9cd723c828,Manchester City Council,Rtnd Bus Supp Grant,Manchester City Council — Rtnd Bus Supp Grant,false,13,413326.01
347,3754917bc4cec829a19b644430c185ff2736cc0216b3bb21b95edd9f27d98139,Department for Transport,L&B Excl Dwellings,Department for Transport — L&B Excl Dwellings,false,13,2100883.54
357,38605f8f8b5e6d4a904ce949b674dbf7121c5e411afc30a73c1d59db1ab43635,Department for Transport,AUC - Phase 2A,Department for Transport — AUC - Phase 2A,false,31,5660575.3
372,3a49995b55b8c10fe984cd4dac5b0d069d6147bccc272801f691dfa569b1a3dd,Bristol City Council,Public Liability Insurance,Bristol City Council — Public Liability Insurance,false,3,1349996.91
395,3f45dc101a3f9d29e08580249bcfcf333e18fff3008a10b13119cb83e69ec59e,HM Revenue and Customs,CSP Information Reqt,HM Revenue and Customs — CSP Information Reqt,false,1,164904.22
642,67a77f8ec1e95a181b943846f57450ebe837d3f3771b6348591317834b5f1457,Manchester City Council,Machinery and equipment repairs,Manchester City Council — Machinery and equipment repairs,false,23,146957.01
695,6d855abd37b0073041fcc6c06627dee9930e3e3040468a16d3c3025a2d7fdd4a,Manchester City Council,Hire of Machinery,Manchester City Council — Hire of Machinery,false,331,362736.97
749,767a56a3b2c52a435a5bdf2c0fb158341f0fa67081655c676865ce4769f84690,Manchester City Council,Withh'g CIS Tax Deds,Manchester City Council — Withh'g CIS Tax Deds,false,4,3392.03
761,77b41dda78e42868596e99775108d11db4fa516d3f1963a192d736e60eb9b010,Bristol City Council,Internal Trading Recharges - Other,Bristol City Council — Internal Trading Recharges - Other,false,2,148046
765,78668a6627771360fc4bb6bd730c4297070abd9da1211dfb102b11c7899c0c3f,Department for Transport,Train Fares,Department for Transport — Train Fares,false,9,1593715.28
781,7a67e0829d9616f63444c8c20da7a2a7c2b41cd4a329b3c73b3866d85a8bca6b,Ministry of Justice,PPE - INFORMATION TECHNOLOGY (OWNED) - COST - ADDITIONS - Telecom Equipment,Ministry of Justice — PPE - INFORMATION TECHNOLOGY (OWNED) - COST - ADDITIONS - Telecom Equipment,false,4,1650600
909,8dc3f0ad8759801c146cbc28b59ece195f82d2ee3bf6f604234b9359dc0b914d,Bristol City Council,Services - Court Fees,Bristol City Council — Services - Court Fees,false,2,2817.5
925,90dc310d96db9ed3a12db37af46c37b478f906bf08818ebd170e0e3c3a119cf7,HM Revenue and Customs,Construction & Office Fit Out,HM Revenue and Customs — Construction & Office Fit Out,false,1,50603.81
972,9bba424e11edc6863d7755995341e32b628817a0afc30e9e453e0222800890e8,Department for Transport,Temporary staff,Department for Transport — Temporary staff,false,11,363422.83
999,9f5fc7a2d45c4c453d3f4d5a4783067c4b580ef796bf24e1edce507fac65ba85,Bristol City Council,TPP - CIN  Allowance,Bristol City Council — TPP - CIN  Allowance,false,2,819.6
1011,a1a53bd16d6308a0d1697dc5addc6b0091d638f71860a8d0139032dfdb669475,Department for Transport,Support Services,Department for Transport — Support Services,false,352,175957973.21
1038,a50b7973c2ee3dc76e56a30f00642dd9d71239979e7000608f6b06afaa5add72,Department for Transport,RENT - L&B (NON-PFI),Department for Transport — RENT - L&B (NON-PFI),false,4,199952.25
1140,b51a38a4af63b97a6ac646fa71d3e5710177d4164a7536c1f401a5dc3e2a6211,Department for Transport,Market&Comm Consul,Department for Transport — Market&Comm Consul,false,1,32582.6
1273,c8a75270232eb57f62a823e3bd56131e4d213b97157bb36d8ef64e2a96caf516,Department for Transport,RENT,Department for Transport — RENT,false,198,12106618.96
1446,e4ddb2332f23d4d8301aeab2b03d07dd5cae846324d7f8ec007fcbd3ccb333eb,Department for Transport,Subscriptions to professional or learned societies,Department for Transport — Subscriptions to professional or learned societies,false,2,78220
1457,e5fa2630c884a77fab3944b3fc995ade039752d1a5bfbe040059356d2e82092d,Manchester City Council,New Princpl Invested,Manchester City Council — New Princpl Invested,false,2,-5728026.64
1634,ff7fcbc2a6295c08b05dc747f27f39c0a7af008bf846d31d65891776f2cf13d6,Manchester City Council,Vehicle & Plant Ins,Manchester City Council — Vehicle & Plant Ins,false,2,52150.91
1636,ffb8175ea2d0a5deeb6bc45fdbf50187cb376cd3c42d8c800d8c158cee28e050,Department for Transport,Other Professional F,Department for Transport — Other Professional F,false,90,26197101.15
1,0091f81a12d9850543408c52224dbae4f7c7710bfe9379ba2133859ba650c981,Ministry of Justice,EXP - PURCHASE OF GOODS/SERVICES - TELECOMS - DATA COMMUNICATIONS,Ministry of Justice — EXP - PURCHASE OF GOODS/SERVICES - TELECOMS - DATA COMMUNICATIONS,false,2,71130
18,03b939737b492ad40a3ff1b5a6c0347f7bec3dfdc04143825489ebe9bee8864d,Bristol City Council,Equipment - R & M,Bristol City Council — Equipment - R & M,false,259,1223085.72
46,08ff2bcbe83bf819e6bf71e2aa1b5d9f41e8e7ace02cc37866953248cd34368b,Department for Transport,Travel Expenses UK,Department for Transport — Travel Expenses UK,false,3,98250.28
51,09c8494cc4e16e53d259b4c40a4be598b41226f4449fe2b028930941601ac97a,Department for Transport,Comp S/Ware - Non FA,Department for Transport — Comp S/Ware - Non FA,false,22,3296377.64
73,0d3a3721cd8765e0de6bf35029ec1a872dc02095698b33b40d1e89ba72f84986,Department for Transport,Data Supply - TD,Department for Transport — Data Supply - TD,false,9,969767.88
90,0f05956cb16293810885aae98f1407be9a8da865c3453dda03d44ba83f31112a,Department for Transport,Payroll / Private Medical,Department for Transport — Payroll / Private Medical,false,1,71759.6
227,258fab69bafff3af4709d7333e82d117158ec2641b4bae32246b485b5a323e1d,Department for Transport,SOFTWARE LICENCE CAP,Department for Transport — SOFTWARE LICENCE CAP,false,8,1018015.1
243,2885e8394215542f49a6446ab9103b9d3dd920d9ffc1efce3d9a38e8c3e4f890,Ministry of Justice,EXP - PURCHASE OF GOODS/SERVICES - OTHER PROFESSIONAL SERVICES - NS&I CFO Operational Service Costs,Ministry of Justice — EXP - PURCHASE OF GOODS/SERVICES - OTHER PROFESSIONAL SERVICES - NS&I CFO Operational Service Costs,false,12,5580945.09
309,31b6fc5a6888923291b18e22322a447aef36792c371a9dffea15369686e2f6d0,HM Revenue and Customs,Legal Expert Witness,HM Revenue and Customs — Legal Expert Witness,false,1,40612.5
333,35256f99ca489a24f38360ac18204466490a63b0bf9d85e5d1760202ca26a108,City of York Council,Furniture,City of York Council — Furniture,false,15,8122.08
352,37c846778c31fcdfeeec95bb85c7295134f5fd0f472152b5c3bcdbcb5bdf63db,Manchester City Council,Water - Metered,Manchester City Council — Water - Metered,false,817,1253343.2
358,38755aadf50cff514fb1fafe40ddef53c426ea55ff2dff519df3180e27455888,Department for Transport,Other Expenditure (New Product Categories).,Department for Transport — Other Expenditure (New Product Categories).,false,4,931122.69
378,3b9d1623588a3e4b8d03d0b94262b51a2b33a7e4087818a978d935eef39ee1f9,Manchester City Council,Agency staff provision,Manchester City Council — Agency staff provision,false,2446,11161071.39
383,3c421dafc352845f475804406dba97e3bbdeff95b7bd73cba566b46d9fc32346,Department for Transport,Survey of Richard Montgomery,Department for Transport — Survey of Richard Montgomery,false,2,525000
441,468a388a9dd2b7e97d27c64af7ff99bc09d3858fb1e91a94a2412989576640e3,HM Revenue and Customs,Construction fit out,HM Revenue and Customs — Construction fit out,false,1,257919.61
445,4701c9ad2b7b3319097c2c777cc25812371e2136feb1528ab5ac27f352c05fe4,Bristol City Council,Section 106 agreements,Bristol City Council — Section 106 agreements,false,4,34117.82
453,4956603536b0d11c6fc3729965cba92d26b96bb159a89927061d04bcd4e79c3a,Department for Transport,Recruitment Costs,Department for Transport — Recruitment Costs,false,2,82917.6
487,4f024011065155c5a73a9776d4501112462975929a24d2b9f0ec7c0296088b29,Department for Transport,Childcare Voucher Co,Department for Transport — Childcare Voucher Co,false,6,197400
498,510c4dc8351c1db418d12e99814556f0ef7cae71bdc780236fdb64d5fa8bb283,HM Revenue and Customs,Consultancy – PPM,HM Revenue and Customs — Consultancy – PPM,false,1,21907.1
550,58927d3935d777d152e845dac1f9e930e1f3a6d025bc8024d19f62ebe4cea8d6,City of York Council,Legal Fees,City of York Council — Legal Fees,false,92,1328104.81
636,674c95aae2a793899f38d14b5c2b155fff64c6074a5a71d79183ac33513c29dd,Bristol City Council,Pest Control,Bristol City Council — Pest Control,false,38,37651.5
709,70da548d8d52f3cdc48e5f541c26987e95f8f3d67ff1fb8f46581cde452cd190,Ministry of Justice,EXP - PURCHASE OF GOODS/SERVICES - SUPPORT - OTHER,Ministry of Justice — EXP - PURCHASE OF GOODS/SERVICES - SUPPORT - OTHER,false,732,112658148.73
738,74e99084852e4067e3b1f9b7f7c5f775ae570fe8543105dc31ef0c6befacbcbf,City of York Council,Repairs and Maintenance (Proactive),City of York Council — Repairs and Maintenance (Proactive),false,373,825658.91
827,818609ed87d360c0a621ee52f5062e8150c5afc11d5b2f1e55f1413423b623d6,Department for Transport,External seminars and conferences,Department for Transport — External seminars and conferences,false,2,106305.2
855,86d075841be36a4482cddf2852dcf569ed5f90f390879504801b1e3b93c0413c,HM Revenue and Customs,Network ser. equip.,HM Revenue and Customs — Network ser. equip.,false,3,469236.41
917,8fac9a167c70b1fa6bf345debd8ec185e4325d779d839c6751e8542f138951ce,Manchester City Council,HMRC Holding A/C,Manchester City Council — HMRC Holding A/C,false,9,-1012176.29
931,931067dc97a0f9bc4c929ef30846f99d337bf61a62ab5ea6ab3923c30027eb70,Ministry of Justice,EXP - PURCHASE OF GOODS/SERVICES - OTHER - Independent Expert Fees,Ministry of Justice — EXP - PURCHASE OF GOODS/SERVICES - OTHER - Independent Expert Fees,false,2,288750
1118,b2b79b8381126fbdd5f94addf50ebaffaf5e134eb46b5b584b6ab656885686d8,Manchester City Council,Respite Care Costs,Manchester City Council — Respite Care Costs,false,138,167530.5
1153,b703a9544b201aa342b65ea1405ee52510fa38bd14c6203aa59ff2c9f1cae947,HM Revenue and Customs,Staff transfer - Rep,HM Revenue and Customs — Staff transfer - Rep,false,4,1024896
1172,b9591aa68e5ba037e893a9bfb420d16d214c1d56209d3e46a4e09f8a2b386154,Manchester City Council,RNH Permanent Pays,Manchester City Council — RNH Permanent Pays,false,2540,16182750.96
1178,ba96b666df19d36f07a71de1c10d1fa0f1eb1be71766f515b2bfb3d094edde3e,Department for Transport,PROPERTY MAINTENANCE,Department for Transport — PROPERTY MAINTENANCE,false,15,1899562.96
1197,be1cf554afe3bdab4a992b10bd0f2008f51ffdd10c235a716ecaafc23db684ff,Department for Transport,TRAFFIC WEIGHING EQUIPMENT,Department for Transport — TRAFFIC WEIGHING EQUIPMENT,false,9,392870.56
1204,be66766bc7e686a3bb1e9a40cdb3463c3e8b877a7d45db47df793713c894d436,HM Revenue and Customs,Non-IT Contingent Labour,HM Revenue and Customs — Non-IT Contingent Labour,false,125,61807210.39
1348,d50e4bc75b1184af8ace02a9ce89e62dd499f9695de9fac5ad57665a182e5af6,Department for Transport,Subs - Imo UK Mou,Department for Transport — Subs - Imo UK Mou,false,1,80000
1393,db7b9e5e97c8578927f693ec81fa04672c5f06adbfe367e20e9e6329afd7618d,Department for Transport,ETV - Standing Charge,Department for Transport — ETV - Standing Charge,false,13,4135686.68
1452,e5841897e5c6f14c77414556d6ed8a931378be6ad5a16938fd498235f7e12c1c,Department for Transport,CP - Surveillance,Department for Transport — CP - Surveillance,false,40,20701862.69
1466,e72e2ab67f3997478933ee5f4fece0a791136a81f62d87463d242d206d1d4b61,Department for Transport,IT Equip Cap Cost,Department for Transport — IT Equip Cap Cost,false,12,1836916.13
1480,e92aa7939e62c44aaa682aec22121781a30ebb885f3298718579da664fb17d73,Department for Transport,Annual Licences - Tv'S,Department for Transport — Annual Licences - Tv'S,false,1,52476.26
1496,eb7fa4610d2b2799ec64e3ac97bc5f518adfa6323104c5325385d22c6906f6aa,HM Revenue and Customs,Facilities Mngmnt,HM Revenue and Customs — Facilities Mngmnt,false,123,19686904.84
1618,fd0152fca57f46fc9fe011832b1cbc2e038b8b25ee975392cd0387b4c3696818,City of York Council,Interview Expenses,City of York Council — Interview Expenses,false,11,273.15
68,0c49e0533899a608101c0a27c3b503c7b799ebe2ac41312fe3cf4b5abb7f643c,Manchester City Council,Collection Commision,Manchester City Council — Collection Commision,false,23,274908.25
132,16b23599cd292106563b08a1d0e448a91d1c1a45ad62454c73695247ba3d6ac9,HM Revenue and Customs,Camera harnesses,HM Revenue and Customs — Camera harnesses,false,1,118.22
175,1d4c5245fe31938624e84bd39668987cad094c94756fdb61929629a77f3580ac,City of York Council,Contributions,City of York Council — Contributions,false,230,3510721.05
207,212926b410a6b379394bfc6ffc3552e25082811a371c3dae9fabb850bbb3da29,HM Revenue and Customs,Vehicle repairs,HM Revenue and Customs — Vehicle repairs,false,5,195200.72
244,288978f853c63bdcce1c53a3905b264c777347b9a7c41d0e564fbbb9d091b7fa,City of York Council,Contract School Meals,City of York Council — Contract School Meals,false,101,149782.11
290,2f5b47573dd94eab910a19dfd4cfdb50d87e8b1d4b05e9542f0edd4de66ae975,Department for Transport,Fishing Industry Safety Group,Department for Transport — Fishing Industry Safety Group,false,2,250000
368,3a152e74b7f7a00a1e8ad71552ef054d1de1eaff5b3b61c32ffe17034e4d1106,Manchester City Council,Courier Costs,Manchester City Council — Courier Costs,false,15,11213.1
377,3b5b2988c8b6e199928b16c7f5487f852d8babef4895cc4006e658931b2dca04,Bristol City Council,Insurance - Vehicles,Bristol City Council — Insurance - Vehicles,false,1,419754.9
415,42739a4e9f75c503e0b5ede57b9f13819226e2736fffa277bd0d0c118d5a0cc3,HM Revenue and Customs,Landline call chrges,HM Revenue and Customs — Landline call chrges,false,7,158013.51
577,5d46502049c70311b950a6113263d292e176e66245d5ee50eaed81b5da94fd73,Department for Transport,Minor Developments,Department for Transport — Minor Developments,false,1,31620
600,60333b74649af628c04a198fcb7309184cc83335c91ae69b3e7ee11d330eabd8,HM Revenue and Customs,GovDept Serv(VAT Ex),HM Revenue and Customs — GovDept Serv(VAT Ex),false,54,49111333.23
710,70f9e5d090e4defeb9f050619afdf560e6b3d447707bc53eb5aa706b068232ea,HM Revenue and Customs,Govt Commercial Org,HM Revenue and Customs — Govt Commercial Org,false,20,3791936.5
789,7bccc75fa7dc1c829a89459d33f1f856f8f5672e7d064bc9e6de62c547ccd983,City of York Council,Operational Materials (Rechargeable Wks),City of York Council — Operational Materials (Rechargeable Wks),false,515,182303.35
793,7c16366280793b3e9539b15ebff4e33c32dd9871f3da4d31e3f9bb2d448c3ffc,Manchester City Council,Supported Accommodation,Manchester City Council — Supported Accommodation,false,5432,31435344.98
833,83113424db4d01467f3d3660f57018f9f658e5a348aa4680941ddd38ca7b2556,Department for Transport,TV LICENCE,Department for Transport — TV LICENCE,false,1,29500
866,886daa31b4752d434f014e6cf1e6131c1ec58ecf2dae293bab2a3cbb0a89cfb5,Manchester City Council,Long Term Debtors,Manchester City Council — Long Term Debtors,false,2,551265.01
938,9422fe14dd58a2a47766cba780556bca316987d423a4c191590bc3733bb1bdae,Bristol City Council,Property Leases,Bristol City Council — Property Leases,false,25,379468.63
952,97fce87857a5ec127e128abd58ac4e94afa2307859ba15c77ce2183f2b345e05,Department for Transport,Estate Service - Consult Lumpsum/Work,Department for Transport — Estate Service - Consult Lumpsum/Work,false,15,837523.5
958,98e88a01b16c2c9c8eaf5f89d308b94d4fc7870b1d0506e3c15ea872feaa831b,Department for Transport,Transfer Grants & Expenses,Department for Transport — Transfer Grants & Expenses,false,1,47970.45
959,98fbe14fc2b7aec242c502f95c0974e27c3ddfeb701e4cfe34e677d835e120ec,HM Revenue and Customs,CHURN,HM Revenue and Customs — CHURN,false,1,34601.05
976,9c32df5bb60044313e7f5cc53cfb0f41a5bff4d84c8a79ceaa0c75df0ae1e865,Manchester City Council,Paper & Envelopes,Manchester City Council — Paper & Envelopes,false,33,71749.57
1017,a2533b494d6915970102ea338ee8f2f40e38351ac64560d7a34981ba1fb147f4,HM Revenue and Customs,Courier Services,HM Revenue and Customs — Courier Services,false,12,476715.45
1059,a7c16a69bae138f99bd4da2b957b460e7051d9b6cb6e70215611e6ba9d1c4881,Manchester City Council,Surveys Fees other,Manchester City Council — Surveys Fees other,false,18,86591.86
1065,a873950bda32d40949536d047c083b8291f136320e3343d4e3b1e5f2fb5ac2ad,HM Revenue and Customs,Office Fit Irrec VAT,HM Revenue and Customs — Office Fit Irrec VAT,false,17,5185650.69
1091,ac9b5a755b267212e5e26195a1c48dbae231dd60b90ca28d0a20fc2d2a2c4f53,Department for Transport,TREASURY SOLICITORS,Department for Transport — TREASURY SOLICITORS,false,1,27248.32
1134,b474116898a3b51356108dbbc9e6ead8786a5c3813dd1efc503139832b1c7bbc,Department for Transport,Professional Fees,Department for Transport — Professional Fees,false,15,626528.59
1305,cdff499b4ce11222d794c7bc0fca296ec9551a757f15cec3e8c41a4772c3e753,Bristol City Council,Catering,Bristol City Council — Catering,false,276,399023.84
1354,d5e0ee26f2973b0b7ad3b49b876fd71f4b3d9ce44d8e9c83ea1e22e61c11e959,HM Revenue and Customs,Utility Payments - electricity,HM Revenue and Customs — Utility Payments - electricity,false,604,20139129.47
1379,da27dde4dcb2692b9d577893d36b82b7c517361ddfbd01dd8f079a8fd12b27c0,Manchester City Council,Indoor Sports,Manchester City Council — Indoor Sports,false,1,690
1395,dbb215ba40936d0124ea01e67fb410344dd033fb587b2d9f1caa8839ef1db2df,Department for Transport,Occupational Health Costs,Department for Transport — Occupational Health Costs,false,10,398100
1410,dec730f26a71394c58b01f333e8bc55e9e7d1c99eacf79375214cb4685fe39db,Department for Transport,Commercial Secondees,Department for Transport — Commercial Secondees,false,6,1384752.7
1468,e764f17dbe24e074fc8ca1e9f430fc5beb8c100b7b610a81682ef983ff8bc29d,Department for Transport,IT - Outsource,Department for Transport — IT - Outsource,false,117,11135653.3
1578,f70f7b6e5628960a72f25fd9fcabff87ae3bd6124e2daf5c97e6bbf12932e17c,Ministry of Justice,EXP - PURCHASE OF GOODS/SERVICES - OTHER PROFESSIONAL SERVICES - Mediation Voucher Scheme,Ministry of Justice — EXP - PURCHASE OF GOODS/SERVICES - OTHER PROFESSIONAL SERVICES - Mediation Voucher Scheme,false,22,4421023.2
1585,f7df22f41d49d5e5f5a812aed24c0b4c14ee56d833934e41b3901177008f8e2b,Bristol City Council,Rents - Commercial,Bristol City Council — Rents - Commercial,false,1,38500
1619,fd19566e53981bbd740ca4446618f0611a3090e13563ebc7ee2e2a8baf403158,HM Revenue and Customs,Services waste,HM Revenue and Customs — Services waste,false,11,263233.4
137,1762bdc4fb289cfd91869c73f28bcdeb52362017cc4ed24a2e7851c79bbc6cff,City of York Council,Surveys,City of York Council — Surveys,false,29,41038
145,1952da293c23a247582ef4db35bd0df2ed18f766b1509d6ecfff6e4413c95116,Manchester City Council,Professional fees,Manchester City Council — Professional fees,false,3397,41527080.17
168,1c6a528bcf53cdaa04c63c472f7b3074e9dbd0fd41bae09626fc8e166362c269,Bristol City Council,TPP - Payments to voluntary groups,Bristol City Council — TPP - Payments to voluntary groups,false,1021,21045188.25
200,20895b91151f3bbbed085e3cacffb78a3a9ecaa400743c997d8da624c86d1b46,City of York Council,Service Specific Fees,City of York Council — Service Specific Fees,false,807,3817772.88
228,25b02afeeb3678fe357cf21fc46f11d1b02eeadff126352caba8e11ad5b540b7,HM Revenue and Customs,Management of Agreement & Admin Costs,HM Revenue and Customs — Management of Agreement & Admin Costs,false,13,6147472.93
252,2988371be44feb321a62aacf49d01327f1248482662ec626a37baab722cbf840,HM Revenue and Customs,Promotional merch.,HM Revenue and Customs — Promotional merch.,false,1,42953.18
265,2b8c006fa8b158bbcd03702af7dc8530261fa014aeba255aa23854ca4eade2e4,Bristol City Council,Vehicle Maintenance - Servicing,Bristol City Council — Vehicle Maintenance - Servicing,false,1,612.2
317,3319d604bd6a82e3d8aed5a5dd8c2c01bcf4bf330c9fd7502e133f8315b45d4c,Department for Transport,OFFICE EQUIPMENT (NON-CAPITAL),Department for Transport — OFFICE EQUIPMENT (NON-CAPITAL),false,2,187776.48
380,3bda2950a2f5af38fc20cfa7a5b2adf411c4bdfca65d449406b1581dc93c3604,Department for Transport,Secondee Salaries,Department for Transport — Secondee Salaries,false,7,621323.16
462,4a848c0941cc8f206320f9de2b0e4b40c7fa5da97b49c865f8f1c59a4298a146,Department for Transport,COS India Retainer,Department for Transport — COS India Retainer,false,13,714923.17
499,5110a15a887f8f8fcd3158377ae1f4ceb2035570d055820390b3758042ea368c,Bristol City Council,Service Charges,Bristol City Council — Service Charges,false,70,228853.95
561,59f94180162904e7f3307d5d7741974910f231ddf6f7689d512c5e0126828b74,Bristol City Council,Subscriptions,Bristol City Council — Subscriptions,false,114,1204796.26
565,5aa778d946f35bff99519aea202807320d312a7f5359f6d7b6460b84bf9cc16b,City of York Council,Fixtures and Fittings,City of York Council — Fixtures and Fittings,false,14,7685.11
569,5b810d6d61ffa021b96c92826f38ad053eddde90ba057ab5e5821ea5a5e41448,Department for Transport,Software Maintenance,Department for Transport — Software Maintenance,false,76,7374371.54
612,62f4b89cee19467dd16afaf272123e89d9f9fe5f79f3576ee624f326e6764c9c,HM Revenue and Customs,Contin Labor Run,HM Revenue and Customs — Contin Labor Run,false,145,4597734.36
673,6b0c403d35805903e899731c4bcea455bec7d6335e27de03f430770c58876e5d,Department for Transport,UK Parking,Department for Transport — UK Parking,false,1,27512.92
679,6b8e53d6ca30436355024ea05e655b1436fca63910f720cf4acc00a3cf5a25a0,Department for Transport,Transport  Consult,Department for Transport — Transport  Consult,false,210,18990403.83
725,735a15d078e0d55832e5d33a8a0d61f553e99867b6158082f98b0b54685672cf,Department for Transport,Commercial Partner: staffing assistance,Department for Transport — Commercial Partner: staffing assistance,false,29,2388444.02
785,7b0e83f1df68978a9ec922e069f811db8932ef6710a713077405e743f449531f,HM Revenue and Customs,Ad campaign ser.,HM Revenue and Customs — Ad campaign ser.,false,44,2269918.15
821,80b547688612c18babac2f6b5d69db86bacfc35a691ff4743fefa46ce944f95a,Department for Transport,Government Procurement Card (Finance Only),Department for Transport — Government Procurement Card (Finance Only),false,12,458560.58
832,83105b79b7baa26d3ad0d01fecc0a20bede8e3438b21d183d09cb5268eb12e4e,Department for Transport,Other Telecoms - Computing,Department for Transport — Other Telecoms - Computing,false,1,54939.18
886,8b57333a5e3b92306564315e0d784d1eb4369ce1214d4f5c1dc7e426e5502182,City of York Council,Green Recycling Disposal,City of York Council — Green Recycling Disposal,false,100,1157460.06
911,8e371e013e5768dae6c2d15a1bee5efef4311407a38383eced1859ef9c5154b0,City of York Council,Buildings Purchase,City of York Council — Buildings Purchase,false,48,9099969.6
945,96e1fba8152671a053f28ed69ee71e7dfdd4ce093fb73812c9da1d85a549c4e4,Manchester City Council,Radio Charges,Manchester City Council — Radio Charges,false,11,18644.22
1006,a07f8e98137ea5c8da6d2a246cd6375751bf071d1b7d8d5725951eb95790ab18,Department for Transport,Staff engagement survey costs,Department for Transport — Staff engagement survey costs,false,1,52910
1008,a132132ec9c48ebe232fff67c0b61d635b75013f433544470f779040b2071dec,Department for Transport,CG - Uniforms,Department for Transport — CG - Uniforms,false,2,191718.16
1208,beaf2ad69f9ab0ca73f7ddfbcf185937ea586cade9d3b043ee43926ec5613395,Ministry of Justice,EXP - PURCHASE OF GOODS/SERVICES - HOSTING - Hosting,Ministry of Justice — EXP - PURCHASE OF GOODS/SERVICES - HOSTING - Hosting,false,77,21455257.24
1244,c4f6c656cdb8e93b9ff7a9b1397341b9cc5ce6ccf7dd09e1f00455bc97ed7e57,HM Revenue and Customs,GCO Costs,HM Revenue and Customs — GCO Costs,false,4,5154871.14
1270,c880c0f83a919ac19cb23ea5b0d50b3d89bc0d92e86442cad8a9e97aebc8b481,Department for Transport,AUC / Phase 1,Department for Transport — AUC / Phase 1,false,61,680388355.55
1271,c887fbce6a1f90e5a2a06f8c12d2ca4a9642e9ed615b91f7d9c770adfef34b20,Department for Transport,MOTORCYCLE TAX & INSURANCE,Department for Transport — MOTORCYCLE TAX & INSURANCE,false,1,151280.64
1324,d200cc64d44bfb2830dcafdb788d974a22541cfe744c14c70c41983adf8301c5,Department for Transport,Internal Audit,Department for Transport — Internal Audit,false,1,200718.9
1470,e7c5a3b2df9c68af2b7526b44603885b9a2e3e04fb53a3ca4baa1aea4bdd095e,Bristol City Council,Materials for resale,Bristol City Council — Materials for resale,false,1276,1021972.24
1529,f10805e43064e81c2656e925e6fa6975835db6c7173ee6aa179de04fbd1c1728,Department for Transport,Payroll - Life Protection,Department for Transport — Payroll - Life Protection,false,1,360216.82
1570,f60966bbda00ee1239fd092b02db5568453041dabd3c335319c8c2c324c4eb85,Bristol City Council,Comms - Mobile Telephones,Bristol City Council — Comms - Mobile Telephones,false,125,581641.92
1581,f7839cdef578ef3959d70ad98054bb996c238efcb9f6aafb13a59572d57fb2c9,Department for Transport,Planned Mtce - Build (Noncap),Department for Transport — Planned Mtce - Build (Noncap),false,12,5248195.64
213,2360abc78f04bc97c293e595361d6f9f042c24de33b034dac50978af3b3f583d,HM Revenue and Customs,IT Delivery Charges,HM Revenue and Customs — IT Delivery Charges,false,2,25751.3
288,2ed3d0161eeac0de3420b371e1737025f9f76ebf0d546d85c2ec7512caca06a9,Department for Transport,It Software Purch (Noncap),Department for Transport — It Software Purch (Noncap),false,9,3935000.02
303,3091159554ac0cfdee958c0a2d8476e2af8f2257deee953a7e5f96b036b056b9,Department for Transport,ICT Consultancy Costs,Department for Transport — ICT Consultancy Costs,false,1,67710
308,3116956b97f8d501767758f17e9df99830788ed0cb5418f0573808bb81d2f1cd,HM Revenue and Customs,System Maintenance,HM Revenue and Customs — System Maintenance,false,194,61912107.71
327,341d1b3f1b4f7c5db64d1e8bd5ccbae28af880fc21399d65c01c35953eaa4c00,Bristol City Council,Standing Charge,Bristol City Council — Standing Charge,false,12,16511.03
438,45efa78a8c68087dc82077e7c895a389b10ab35fb99ad9a939de98bc1d8ebebb,HM Revenue and Customs,Other Miscellaneous Expenditure,HM Revenue and Customs — Other Miscellaneous Expenditure,false,3,496767.38
477,4db8e69e742cb7665898a472718cac45879ac8b8a39f1419b8e3a4cbe9b0d308,Department for Transport,Cap Grt NDPBs & CG,Department for Transport — Cap Grt NDPBs & CG,false,16,1993582012.55
586,5ebb915d260979a577eab21e6f5e24622b576c6c82fd7fd4bdc9ea8b08a2de3e,HM Revenue and Customs,Insurance Irrec VAT,HM Revenue and Customs — Insurance Irrec VAT,false,8,416151.72
597,5fe45d72d7a9a2150d380383292da4878f2dc96986a4459f430cf9769a3fbc89,Bristol City Council,City Region Deal,Bristol City Council — City Region Deal,false,13,13847248.46
693,6d7cec39a34e86d4e9b872badcceaef4797337de35a7d7165e992bed3215c85b,City of York Council,Domestic Equipment,City of York Council — Domestic Equipment,false,45,27015.62
701,6fcd92afd8b04d802db308aedd24e1f76cf019c369a2492a92205631c21f3c16,HM Revenue and Customs,Mail and Fulfilment,HM Revenue and Customs — Mail and Fulfilment,false,6,69500.55
795,7c1be1af0d22505c20e523a90a93be4d802eaa582bcc12b3ed946038ff72564b,HM Revenue and Customs,Minor AW consultancy,HM Revenue and Customs — Minor AW consultancy,false,12,372648.04
816,7feeaf565f9d2614bb215c31cf21b6662575884f69f1ad4d5a1c3c9233d37e19,Manchester City Council,Transport Coach Hire,Manchester City Council — Transport Coach Hire,false,1314,15390154.2
842,84a03d081b6fd860a00f88ab885f5bfaaf5954be45cc0c22a24297ef8f850496,Manchester City Council,Travel,Manchester City Council — Travel,false,34,50875.73
924,906ce70048b15a9ad24cd7b01bb05b856eb29626cb6645a1637ae4843b4b0564,Department for Transport,Fuel & Lubricants,Department for Transport — Fuel & Lubricants,false,24,1737827.72
939,9457ff1a00e84e4a92e8958b5fa50d5db05aaef73ef8d276e4765b63a80bb7e7,HM Revenue and Customs,Electricity,HM Revenue and Customs — Electricity,false,11,992417.84
981,9d648a5c1f174ee3d3a416bcb53770f66844718c7194b2b99b5dbb7e99c667dc,City of York Council,Other Heating,City of York Council — Other Heating,false,20,52341.82
1121,b315dfd145c52b86c04535de08a4fa3ffaefd058d22d51e81d3e77210463af49,City of York Council,Premature Retirement Compensation,City of York Council — Premature Retirement Compensation,false,1,6338.31
1187,bc1556d7a9b08c2495257db823b1a8aecbe3e2abb1adc4c4173a6520f69e4133,Department for Transport,Software Licence Exp,Department for Transport — Software Licence Exp,false,62,23110481.64
1190,bc48934b4efd92d9537d5d9d1b1581faf6a78cb8afdd716445fe336b44bad12a,City of York Council,Medical Requisites,City of York Council — Medical Requisites,false,239,228635.08
1394,db8241ccdbf3416116813dc0ed2821e5d2d5b433a1d10656c8ea0f87946320db,Bristol City Council,Services - Mortuary \ Coroner fees,Bristol City Council — Services - Mortuary \ Coroner fees,false,315,909835.12
1426,e1ff74e5766dfd93dc128933bc6579f217846de54d14e0bdcadb06e6c48e7589,City of York Council,Day Support,City of York Council — Day Support,false,6572,5573945.07
1455,e5c449e2e58d88435392285cf4444b30b3a7e06870ead74702eb2a0191eae98a,Ministry of Justice,EXP - PURCHASE OF GOODS/SERVICES - SHARED SERVICES OUTSOURCING,Ministry of Justice — EXP - PURCHASE OF GOODS/SERVICES - SHARED SERVICES OUTSOURCING,false,244,99291645.71
1489,ea2fc204b923c9b7ba34a761475582ebca367a0adf60f5b03c03d79996567c8d,Department for Transport,AUC / Phase 2A,Department for Transport — AUC / Phase 2A,false,2,244170.84
1497,ebe8dbe52a8024a606b5912dc655cb3e133086acd8cf0052fd7e5982712320fd,Manchester City Council,Other Allowances,Manchester City Council — Other Allowances,false,15,18589.7
3,0092c34d9a45754ae2269faeaa5d93276a1280a2667fdc3fbb746e625e0441bc,HM Revenue and Customs,Other IT Hardware,HM Revenue and Customs — Other IT Hardware,false,8,362899.8
7,011797131a5c125a0675af20e9220e1439b1a7371f333e6093500083312a14d5,Department for Transport,Cap Grt Pri Sec-Cos.,Department for Transport — Cap Grt Pri Sec-Cos.,false,336,262518514.37
110,123270dc37773370c5a5bd47661026ddb7935be0df5a6e0cc13dc8026268a1f9,Manchester City Council,Training and Development,Manchester City Council — Training and Development,false,556,1275180.51
121,142087355bcf7e2a8837f5ef62199e3687379d807fd45bc0ee5f3ec3e5b426f5,Department for Transport,CAR HIRE AND LEASING,Department for Transport — CAR HIRE AND LEASING,false,1,38948.94
166,1c24caa26a4babdf0441ceb1109aba7c7d64527a5aef8a00fca02eb27686c226,Department for Transport,Maintenance of Coastguard Telecomms,Department for Transport — Maintenance of Coastguard Telecomms,false,42,8786049.34
190,1fa6a35df354e7a635b5e4ec183ff70b97d725d3fa12777ca195075e67ca7db1,City of York Council,Non Staff Taxi Travel,City of York Council — Non Staff Taxi Travel,false,118,179812.31
196,201187374c0220709d2dd1f59492df5f1bdccac75257e8abc2f965c5f8591a0e,Manchester City Council,Furniture,Manchester City Council — Furniture,false,713,1746388.56
283,2e9631e7c7a28ff7a83b7b9604ccd6b9c76fe81b100667fe3e32d97b9ca558ac,HM Revenue and Customs,IT Disposals,HM Revenue and Customs — IT Disposals,false,1,26118.31
354,37efe1b42dcc71e4be7d6ca8271c67d0846053cddfdfabcf32659233b9514a63,Department for Transport,Training & Education,Department for Transport — Training & Education,false,8,298583.6
394,3f37e498f9c6ea0689c0e770976a8134f60b98c6a3195a4037d1758813828c72,Manchester City Council,Heart of Manc Bid,Manchester City Council — Heart of Manc Bid,false,6,869185.24
412,4201e2f305da87b319d478b02c2e05d9182661fbd3ad1fa4eeed7419ffdd79d8,Bristol City Council,Capital Sundries Expenditure,Bristol City Council — Capital Sundries Expenditure,false,56,1091609.19
475,4d35e33628a88c1b7b93273294e17b43a9e2d08abbcbab938772daf3e2317e26,City of York Council,External Conference Venue Hire,City of York Council — External Conference Venue Hire,false,9,2535.99
482,4e7c8179801bf228d5e3328a577c1d85954ed3d6fb376a3e4dec4c8d910ea495,Ministry of Justice,EXP - PURCHASE OF GOODS/SERVICES - VEHICLE MAINTENANCE - Fleet Lease Charges,Ministry of Justice — EXP - PURCHASE OF GOODS/SERVICES - VEHICLE MAINTENANCE - Fleet Lease Charges,false,9,379427.73
637,67563d777b9c32041e0bbae9717cfbb5dd77c354f41e15c06be8805a6001ad22,City of York Council,Rubbish Clearance,City of York Council — Rubbish Clearance,false,1,262.5
878,8a283cee6b293ed6b8ce842729eb3fc17b4d90ba80c22a3e73919f0dfc8c7c4d,Ministry of Justice,EXP - PURCHASE OF GOODS/SERVICES - ACCOMMODATION & BLDNG MANAGEMENT - OFFICE CLEANING,Ministry of Justice — EXP - PURCHASE OF GOODS/SERVICES - ACCOMMODATION & BLDNG MANAGEMENT - OFFICE CLEANING,false,48,37985152.78
891,8b8207a22f19b881bb04cf0bda331af9118761023cb4647688ad1e97db823559,Department for Transport,Other Professional Services,Department for Transport — Other Professional Services,false,2,94995
899,8c81eb675ee854b5b8440b7f92a2deadd0510dadbb2c574795a52e9816bc68ee,Bristol City Council,TPP - Nursing care,Bristol City Council — TPP - Nursing care,false,1526,1308663.06
1259,c68ab3d659c62713c5279f3a6c7573ed288659dad512477284663e04d1cb8137,HM Revenue and Customs,Lifecycle Replace,HM Revenue and Customs — Lifecycle Replace,false,54,4943127.03
1358,d620eb4a0588ca5ab7c464e9f1b3be8f1080ff90cc7b350ae1fd76eaccdb3c9b,Ministry of Justice,EXP - PURCHASE OF GOODS/SERVICES - WASTE MANAGEMENT SERVICES,Ministry of Justice — EXP - PURCHASE OF GOODS/SERVICES - WASTE MANAGEMENT SERVICES,false,1,210602.42
1371,d8d62f7bfea6db6afa83829484ce495461cf38401ff6d698e24a71e87b112440,Manchester City Council,Rodent &Pest Control,Manchester City Council — Rodent &Pest Control,false,7,85751.59
1376,d97a66cff15bcb85cbdf609a0c709e7d22ca090ad322a33aa953342319597133,Department for Transport,Gas,Department for Transport — Gas,false,14,690536.18
1389,db2830e9f57132960f71468898f5eb2c7f3d2692ba2afc3509688efce4d3c218,Ministry of Justice,EXP - PURCHASE OF GOODS/SERVICES - VEHICLE MAINTENANCE - Official Cars Hire Charges,Ministry of Justice — EXP - PURCHASE OF GOODS/SERVICES - VEHICLE MAINTENANCE - Official Cars Hire Charges,false,1,25308.28
1418,e03e5a13cf221b0ac67a5575e0738101870c8fe9ae32545e4ff1e9d0e80dac86,Manchester City Council,TMO Fees,Manchester City Council — TMO Fees,false,4,161099.66
1424,e15019b4c5cd01910be076a0acab63489f5361213e12d4e90d4b42bc84a58b33,Department for Transport,CAR TAX & INSURANCE,Department for Transport — CAR TAX & INSURANCE,false,2,759623.88
1475,e83edc867c901eb66c3813b857670767c14fcf4abf5346bb8b09fee552b87f95,Manchester City Council,Publications,Manchester City Council — Publications,false,36,223398.3
1554,f44fd6f81eb67e2d8ab15bb0a17d750ab63d4f0dafc612693ba6c6d34b186adc,Department for Transport,Car Hire and Leasing,Department for Transport — Car Hire and Leasing,false,1,26943.8
1571,f6687cfab1cd92e1813490f9e1f2690b5a07678f2ba33b8410c8199d1701cbca,City of York Council,Bed and Breakfast,City of York Council — Bed and Breakfast,false,485,696963.47
1635,ff958891721c702bcad6fda8b15c4107c10cb4e9c61e010ae5892eb180f0b4ec,City of York Council,Sales and Marketing Fees,City of York Council — Sales and Marketing Fees,false,5,36297.5
32,06cce38edd7b128a10c4a9b2d62e7e3c2ee37b2d954e34b2405b54aa8498c11c,Ministry of Justice,EXP - PURCHASE OF GOODS/SERVICES - TELECOMS - Charges/Rental - mobile,Ministry of Justice — EXP - PURCHASE OF GOODS/SERVICES - TELECOMS - Charges/Rental - mobile,false,15,1800371.54
95,0f989d7495c1c502f8b46100d4939af315a8877f37e4fff0e8569de7142ce51f,Department for Transport,IT Consultancy - Non Rec (DVLA only),Department for Transport — IT Consultancy - Non Rec (DVLA only),false,9,994072.74
101,104bd697d30751baf6191c5e180d09f48fb618848be9665970217ed3ea41c1e0,Bristol City Council,Window Cleaning,Bristol City Council — Window Cleaning,false,1,1255.97
114,12841c4b68b996da2c34e806c95ff74b72018e52724d6e33b990e1674fa498bb,Department for Transport,TOCWorkngCapitl(Pub),Department for Transport — TOCWorkngCapitl(Pub),false,13,204209507.32
203,2109bf0b2fbc60b8f5c307ed77996c8b5ba4ab27204badcf97f4bcd1addfbd4c,Department for Transport,Technical Services and Support,Department for Transport — Technical Services and Support,false,24,1623398.18
231,2665d499ce32b9f8355f549d127725d7fe36a54fd00a9a48a4c22bf5f9536742,Manchester City Council,Payments to Contractors,Manchester City Council — Payments to Contractors,false,61,12174962.41
249,292b78528a1aecbc0c1786d2db263c995d0338137c368282ef7593131ff3efe6,Bristol City Council,Grants,Bristol City Council — Grants,false,220,2884249.53
264,2b7d3741525f320c096b2bdf9ecd1df30e6e3ea7ecb4e32d947aac525a96e7fc,Department for Transport,CG - Vehicle Insurance,Department for Transport — CG - Vehicle Insurance,false,1,151526.68
405,412ee9618674a390ffd47e5e6d079c156945a013df470704676755379e3ac986,Department for Transport,Communications Equipment Non Asset,Department for Transport — Communications Equipment Non Asset,false,1,87210.18
501,514c462a55e2629d7af6ce1bf2b8208b6fcda515517f63e91ba38a6bb8b1b67d,City of York Council,Grounds Maintenance (Planned),City of York Council — Grounds Maintenance (Planned),false,30,120724.14
521,53b38e6fc6a675b55f07f173b349e38ca4b60f5b63d72b244ee50c893b1044bf,Ministry of Justice,EXP - PURCHASE OF GOODS/SERVICES - OTHER - Intermediary Cost,Ministry of Justice — EXP - PURCHASE OF GOODS/SERVICES - OTHER - Intermediary Cost,false,5,1943644.4
541,56931c0e720f8fae921b13d548bef0c2f48cae737ccf27a1edd4329993921e11,Department for Transport,ST Creditors - Phase 1 CPO,Department for Transport — ST Creditors - Phase 1 CPO,false,6,950528.17
560,59ee95307d31fb3cba2ed0f31dc426f1eb745d7975ce826fbae202b3f05bfbdb,City of York Council,Non Employee Insurance Premiums,City of York Council — Non Employee Insurance Premiums,false,51,4650429.15
672,6b0baaf3a1763791f54878c444b62fc2530ccd7468a6c933864ef6d0c4bd76ad,Department for Transport,Major Maintenance Buildings Non Asset,Department for Transport — Major Maintenance Buildings Non Asset,false,8,412638.06
724,734b51b1395c3006b182bba9a80b666cb49112265d7d52254f59ef7f7b4f8d78,Ministry of Justice,IA - SOFTWARE LICENCES - COST - ADDITIONS,Ministry of Justice — IA - SOFTWARE LICENCES - COST - ADDITIONS,false,1,99195.41
751,768476c13e0af1588aa6409467ad60a08ef8c8a2a3681978241a15ff4ef9f986,City of York Council,Direct Payment Support,City of York Council — Direct Payment Support,false,4,160
758,76fbaaf916e089149840489b57f3add1e6aba71e828ac96d311ab72ea3448a2b,Bristol City Council,Water Services - Metered,Bristol City Council — Water Services - Metered,false,3,1459.8
784,7ac3892e563a747ebd2942ab74f30ba3f28a2587da3c184e377d03d501d419d2,City of York Council,Private Contractors,City of York Council — Private Contractors,false,78,2582133.53
794,7c1921b1af0d6fa905d4fe18bf4f1f50308409c11b98b75111a50484ac10c18a,Bristol City Council,TPP – Supported Accommodation,Bristol City Council — TPP – Supported Accommodation,false,5511,7596931.95
815,7fdd733fe8d51a800faf4b37ab7e0e76bfdbe7c80ff3bf7bda64e5d97c3ac02d,City of York Council,Government Departments,City of York Council — Government Departments,false,2,926007
817,80225f3c358b2ea0fe09832c8774ca2c8fe0a9164b1ff21e1660baabedb8921b,Ministry of Justice,EXP - RENTALS UNDER NON-PFI OPERATING LEASES - BUILDINGS,Ministry of Justice — EXP - RENTALS UNDER NON-PFI OPERATING LEASES - BUILDINGS,false,11,20853792.58
840,848fe4b29d7d25ad369764f6ab62d6dba03a44de4d159662ce75b027cacc9106,Department for Transport,Graphic Print,Department for Transport — Graphic Print,false,1,31480
851,860d550a5b00ca8243c48445922c3cb08f03a50084f410d1b1a0328b1a14a635,Department for Transport,Infrastructure Maintenance,Department for Transport — Infrastructure Maintenance,false,2,279983
903,8d15ccfcddd1c294d8cfee5b47c6147c3127db565b14395f4e75373ba020a6bb,HM Revenue and Customs,VOA,HM Revenue and Customs — VOA,false,13,8441667
961,9960089d14302cc6315bdada4cf3845ac57f8f7f2f20648bd2d548a608ccd2e3,Department for Transport,External Audit,Department for Transport — External Audit,false,3,391000
1040,a5390db3cdf35ddafb25b1f3980b2ce650ea4a0d949168a0a022e7a28395cf00,City of York Council,Vehicle Licences,City of York Council — Vehicle Licences,false,37,96451.25
1056,a7541028420d21d45d54815b40bc3b0b8978c2dcff4433f4be6b55b97912228f,Department for Transport,Engineering Services / Civil,Department for Transport — Engineering Services / Civil,false,3,3251325.2
1064,a8640e74cae0119235d34dfec7e76350d57e130fb5bf25c26a29ec3bee8dd7c8,HM Revenue and Customs,Internet advertising,HM Revenue and Customs — Internet advertising,false,1,26590.8
1082,abaa1f0b11dbf5aa37d136e421ab6539783a246d56f2efde019eab0624a2cf98,HM Revenue and Customs,Paper surveys,HM Revenue and Customs — Paper surveys,false,4,162284.42
1095,ad162afb4412c85be78e7a1f0788a3b871dcd724a37706b3c05847433db81afc,Department for Transport,Solicitors Fees,Department for Transport — Solicitors Fees,false,12,1116830.63
1109,b062527b45d86492f0dbeef6ea9e4e65a52c14c9b2b9a975853a715a80319776,City of York Council,Land Purchase,City of York Council — Land Purchase,false,10,2741154.1
1180,baa4e0e5e3605d2a900330419a5f7005ab27495ed8a47a827ba9391831b7fd46,Ministry of Justice,EXP - PURCHASE OF GOODS/SERVICES - IT MANAGEMENT AND CHANGE - Exit Management,Ministry of Justice — EXP - PURCHASE OF GOODS/SERVICES - IT MANAGEMENT AND CHANGE - Exit Management,false,41,5398438.66
1226,c1fbf96dc3dd682687d83897b2a9443b8390177a3d202188188183a4cd682795,Department for Transport,It Services,Department for Transport — It Services,false,1,30812.16
1277,c99a344f8cc2c0443b447b329427baae4338f3ea17277cba83ee0f23701a19c8,Bristol City Council,Insurance - General,Bristol City Council — Insurance - General,false,22,568372.8
1329,d228eda79f052fbb553824c6aaea83f919055a5e4e631b63c5c539b661cd9d73,City of York Council,Medical Fees,City of York Council — Medical Fees,false,128,86114.81
1340,d3252dadb810c34428dff01a34cc40ed95818a489c43a96767e93cab02978555,HM Revenue and Customs,Training and tuition,HM Revenue and Customs — Training and tuition,false,20,1943834.3
1478,e888543caaefcc1360fbbdc10d49d0738f50430d7fec0c05784ec67bf0c43ecc,City of York Council,Printing,City of York Council — Printing,false,188,541838.74
1483,e95e650a095e6468c78447be643758432791bcc55bc8274eac7e04ca644b450a,Department for Transport,Railway Pension Scheme - Ee,Department for Transport — Railway Pension Scheme - Ee,false,2,99981.19
1526,f084797af57f442533a41b0f728d0150c9ca318d4cd7a146c9ce56874b27d4a8,Department for Transport,Expert Witnesses,Department for Transport — Expert Witnesses,false,3,84832.44
1564,f5b936d5abf2e23c7d80c177f02bd6b5a9887104bc2c5c0629f221a52e067284,City of York Council,National Insurance (APTC),City of York Council — National Insurance (APTC),false,2,50552.41
1623,fd5a673b686b8ff9f06db8b1764ed6584e4a54ccd39840b159ac0e3ddc032df8,Department for Transport,Development Partners (DP),Department for Transport — Development Partners (DP),false,14,2528002.71
1631,fedc507bb1081bc8e2ada2c98fcc583f2b973300b5994baac52992086fafc083,Department for Transport,Cap Grt Loc Auth,Department for Transport — Cap Grt Loc Auth,false,1534,3686195898.38
70,0c593c065ac37bd17f26c146417d430891f622c4a2200e41f2a0885c4c0e8429,City of York Council,Added Years Payments,City of York Council — Added Years Payments,false,2,445717.31
120,13d9869d42fd51ab96812ec8c369902343df186c63882d11f5a431e284f49c2b,Department for Transport,TOCPerfMgmtFee(Pub),Department for Transport — TOCPerfMgmtFee(Pub),false,43,180202524.41
205,2111914abab328fe6046cfd1a6f8cb9284c5d1b5b7d76dbf1832ae5ab178f9e8,Department for Transport,Medals,Department for Transport — Medals,false,2,282487.26
216,23ad3ac69eb6fd6870f0dfaf798e1211006245017562df99192c90685d88517a,Bristol City Council,TPP - Placement Foster Care Agency,Bristol City Council — TPP - Placement Foster Care Agency,false,4108,28587121.61
240,2841c06b94b59ee36c9db310653fd2ed684484a412c2c9355e4002edb2ac2dc9,Department for Transport,Utilities,Department for Transport — Utilities,false,1,203662.33
342,368e20b80d26780bd4e4c870d6ee1b1bace2191a90f5e81a2cd0d929724f296a,Department for Transport,Buildings (Owned) - Cost - Additions,Department for Transport — Buildings (Owned) - Cost - Additions,false,1,54151.68
386,3cb441929c015868504a301a934dde463e3028899f162bccef8ce9b47b641455,Manchester City Council,Prof Qualifications,Manchester City Council — Prof Qualifications,false,3,4553.32
387,3dd0b1f07dc318dd5ffedc2ec7a4a9359b06aefd4708fca8de80f5c127ab9e18,Department for Transport,Civil Hydrographic Work,Department for Transport — Civil Hydrographic Work,false,54,5152938.59
423,4367cc144cd2150711c46606eb275360f50d5ff7fb7abc17be2fa0796a62e2bb,Manchester City Council,PPM Consequential FM,Manchester City Council — PPM Consequential FM,false,25,774328.26
470,4cd618bcdd37874768fa5c6ede19cb337e78659e1fcce70ac5bd55a51df3edda,Department for Transport,INDIA SALES TAX,Department for Transport — INDIA SALES TAX,false,1,27917.56
484,4e91f8fae4bd419265631d40fa03679d3ceddf84fe5e9826c75bb5b733ff10c0,City of York Council,Other Recycling Disposal,City of York Council — Other Recycling Disposal,false,444,994195.5
712,71441d44af0a663e42decdf3397239b07d1987adff5e0a11c3876602f6dd4dcd,HM Revenue and Customs,Physical Hosting and Infrastructure,HM Revenue and Customs — Physical Hosting and Infrastructure,false,249,60385421.92
777,7a378baca831f0635c37a24242a2fcc83581e90942c605afae1fab9adc81d553,City of York Council,Compensation,City of York Council — Compensation,false,1,60650.67
799,7d5f4d0a3736dbce2e99c2de84b7ef9e354e203fafbfb6614039e9a50c69f49f,Bristol City Council,Short Term Creditors - Government,Bristol City Council — Short Term Creditors - Government,false,1,8491737.11
813,7fb2c728bf39b63d5bc0b3b7ad17a250ecb1c8572910e8d86608f5218e46f6aa,Bristol City Council,TPP - B&B payments to landlords,Bristol City Council — TPP - B&B payments to landlords,false,4687,19564865.91
814,7fc111c31f95720c7c0e7ff537e2c4c19d8c40566bd67e46c1ddfae92352b20d,City of York Council,Nursing Care,City of York Council — Nursing Care,false,4069,21781129.62
879,8a32b47adb915dfb25a1b39ffe8cedc464870581c0b41dbf9cf9028c148bed63,City of York Council,Reimbursements To Schools,City of York Council — Reimbursements To Schools,false,17,118125.8
888,8b5e58280255f9ab15825caa3587a48fbb81086ac3f96bc4035868d1c1ea3483,City of York Council,Staff Conference Expenses,City of York Council — Staff Conference Expenses,false,16,11307.71
957,98ae3ee8ff4591ab7f09ade0724f13acb545b464c4709b7202c6363c4ed3046a,Department for Transport,Curr Grt Other CG Bo,Department for Transport — Curr Grt Other CG Bo,false,22,5081808.67
1015,a20cd3f05718ef9337bd5a3a4491af89f2ef39cd699338ad130eb29eb66ce7a6,Bristol City Council,Photocopier Charges - Consumables,Bristol City Council — Photocopier Charges - Consumables,false,1,516.19
1036,a4e1e072dae2f887d72786fdfcd56b4c2a125f900bea2b90e1c397d2ff60f4b1,City of York Council,Fly Tipping,City of York Council — Fly Tipping,false,4,2740
1063,a83042685c37ae8277fa5e5f5f8b213fc31099eafb3650fc7c047733c39f8975,City of York Council,Land Registry Fees,City of York Council — Land Registry Fees,false,227,41054
1104,af1ec9382165bf64dadb6a8fdf765434e3f7f94c647db883028d73e60a34e54d,Department for Transport,"Admin building refurbishment, maintenance, repairs, inspections and advice","Department for Transport — Admin building refurbishment, maintenance, repairs, inspections and advice",false,6,425080.94
1125,b379570782717c13647e3a7f31438c00c8aba6f299364bf9c8e634ce6080a600,Department for Transport,Programme and Project Management Consultancy,Department for Transport — Programme and Project Management Consultancy,false,1,25787.16
1246,c550cae311b3aa7a3113a5fd132a6d591a525443dec0b77b6f1ae054f79568c6,HM Revenue and Customs,EU supply - Rec. VAT,HM Revenue and Customs — EU supply - Rec. VAT,false,12,1567337.08
1294,cc5e9a02d7279c1c77fd5b8d9e3df00c12cc0899bedba881b91c4313ded9e9c9,Department for Transport,Cap Research-CG,Department for Transport — Cap Research-CG,false,5,28637180.76
1322,d1b49c57fe34bee3f3eb85af56a8b448f4e80449f4d40a2ddb79ec260b2cbfb8,Bristol City Council,Internal Trading Recharge - Accountancy,Bristol City Council — Internal Trading Recharge - Accountancy,false,21,-1050
1362,d711ac523fc585c373ed3db37037277c73e023e7f4d255f0767d02e9c4ca6a53,Manchester City Council,Pay School Budget,Manchester City Council — Pay School Budget,false,98,554019.85
1365,d749b612174bcdd489bc5418079ffb5106b1e3f6436bfb5a0f58d9863e82cf4f,Department for Transport,CARS FUEL,Department for Transport — CARS FUEL,false,10,366687.15
1399,dc99d18923cbaaab157ee1e4e712e6b5ce91393db139fe77192adab730dde0e0,Department for Transport,Office Utilities,Department for Transport — Office Utilities,false,6,461216
1432,e2ec2a27f8ada9ef091d1c467d9dc7d8323ad393aa81dfab71b6cac8d19582d3,Manchester City Council,Childminding Fee Pay,Manchester City Council — Childminding Fee Pay,false,27,23536.95
1482,e95e20fd59828e68d9d284ce5f8c65b4b90e025dbce15f7627fe4d31919d91f4,Bristol City Council,Internal Professional Fees,Bristol City Council — Internal Professional Fees,false,23,5505080.29
1582,f7877e0770ac1133e8feb407d5da27f904d86e5b2655c7d418363e69e018b851,Manchester City Council,Pension Contri LGPS,Manchester City Council — Pension Contri LGPS,false,1,12019.93
1611,fbeb9a336d2d9d1fabe5d9da17a722d3d3e90e9491c140a1c7b26faed53df9b2,Department for Transport,TRAINING,Department for Transport — TRAINING,false,16,838632.23
47,091395a7d91e944924c2d5c288d324521adc9969c41b0a028ce4a3aa2e76d1e3,City of York Council,Architects Fees,City of York Council — Architects Fees,false,15,223432
58,0b1ede1a9d62d0da0ec9a7b2c2470a39fd878c8ab699e5b1688829c04d989b5b,Bristol City Council,Long Term Debtors - Capital loans,Bristol City Council — Long Term Debtors - Capital loans,false,1,200000
155,1a9e9a37d6ddff409d2bd5719c687c465cd395a7ceb55cc7ea44427c648a8494,Department for Transport,AGENCY STAFF COSTS,Department for Transport — AGENCY STAFF COSTS,false,47,1796461.06
162,1b8f77bfaf60bcc2daa7a96e7e02a729f070881c0760f1962a426ddde732601e,Ministry of Justice,CA - OTHER RECEIVABLES - PURCHASING CARD CONTROL ACCOUNT,Ministry of Justice — CA - OTHER RECEIVABLES - PURCHASING CARD CONTROL ACCOUNT,false,13,866501.21
186,1f135f4af00d4db5a8304d04bf007f24c05586f9802f29ec3eb8cb870a4fac57,Department for Transport,Estate Agent Fees,Department for Transport — Estate Agent Fees,false,2,90575.29
210,21e7427fed1c3cd91a01cc702a303a9da3372dd66f89c4f4844beb3612fa6537,Bristol City Council,Services - External Legal Fees,Bristol City Council — Services - External Legal Fees,false,724,1360392.37
215,2392b35b438d1513c15214ba3f3b060654378ecb28293b215b1515f0eb7282b3,Department for Transport,Payroll - Life Insurance,Department for Transport — Payroll - Life Insurance,false,3,600432.94
225,2569476c4f8fd87b52f122f7d8c6b8e5e1e18edd9eea0884b426f6a19c074c4d,Manchester City Council,CRB Fees,Manchester City Council — CRB Fees,false,39,306885.5
229,25d3a38fb38882870474a20032d029164d3dd96dd10fc82940f89ff1f3bd4db6,Department for Transport,FURNITURE & FITTINGS,Department for Transport — FURNITURE & FITTINGS,false,3,691809.2
261,2b4432ad88919a6121239bc558fd2873ed4b8c11e05b9c421636dd7cd689f769,City of York Council,Other Establishments,City of York Council — Other Establishments,false,270,980849.64
276,2d7a52565fc721015467dea06ec11f8ff1d5311349cf28cee86d4bced5db5b3a,Department for Transport,CM - Compounds Maintenance,Department for Transport — CM - Compounds Maintenance,false,28,1775037.92
340,35e614a875697e1f3c148cfabb5248a3bf80370aa2a9e6474122f89fa1f0456d,Department for Transport,Insurance - Non buildings,Department for Transport — Insurance - Non buildings,false,3,326537
410,41d9830045e546f6b088bf21332b30ece746463ddb88e1dcecc213e0d61285d4,Manchester City Council,PNOR-Holidays,Manchester City Council — PNOR-Holidays,false,332,286816.5
489,4f3d793e32f6a4d047f78023f3641160ae5918a5e5d844dcbbc1f199e47f8fdc,Department for Transport,Software Licences (Expensed),Department for Transport — Software Licences (Expensed),false,7,437455.25
556,5914ffa8cd630b100cf695754822be8ae6d1f7be6c49c76832f1795cbbf820bf,HM Revenue and Customs,SW Lic Sup mngd Serv,HM Revenue and Customs — SW Lic Sup mngd Serv,false,103,29686323.48
620,64678ce7d104b494d99680c5b94bcb6ed6d9210ab10ccee9f74b6b488bd06687,Ministry of Justice,EXP - PURCHASE OF GOODS/SERVICES - OTHER - Medical,Ministry of Justice — EXP - PURCHASE OF GOODS/SERVICES - OTHER - Medical,false,1,34020
643,67b067b373948ab118c7630abf58de714ea457172aa6083e66080e52ea7a86cd,HM Revenue and Customs,Govt dept services,HM Revenue and Customs — Govt dept services,false,67,6361563.96
697,6ee8cabdec18ddbd47587d948f2f1d70ad2d90db4f5e0e59232e6ee17f5aa442,HM Revenue and Customs,Virtual Hosting and Infrastructure,HM Revenue and Customs — Virtual Hosting and Infrastructure,false,147,92830104.78
705,70570499d4c8452c4cefaa349b9de988fe1ead2adc79a187e8875b1512eab8d4,City of York Council,Staff Air Travel,City of York Council — Staff Air Travel,false,3,1184.96
716,718ff3dc38773078b4112090696d300a6d17c75effea781b7bdfc95f01fdd488,Department for Transport,TESTING/TRAINING- CAR HIRE VEHICLE,Department for Transport — TESTING/TRAINING- CAR HIRE VEHICLE,false,15,3622999.83
755,76b7f8d781e7d92a62dc77bdc241fbbedeb4d03956afd7edceef7b098aa5bd55,Manchester City Council,ICT Hardware,Manchester City Council — ICT Hardware,false,9,28326.56
775,79d173b54cb7ef5e125f9875bdece02669a5b282bf5c1d3fc0142cd4b8b3f08e,Bristol City Council,Internal Trading Charges – Capital Professional Fees,Bristol City Council — Internal Trading Charges – Capital Professional Fees,false,8,368514.28
823,81599932c9a754624818966bb0cd3226ca44afbea941ed760d28aafe9cfa80bf,HM Revenue and Customs,Camera lens cleaners,HM Revenue and Customs — Camera lens cleaners,false,1,237.6
990,9e4bdddd69db046eb25a7c64ca2d1ad8ce869eb0400b3185c3030c41ae90d406,Bristol City Council,Public/Civic Functions,Bristol City Council — Public/Civic Functions,false,3,16656.6
1046,a5c070df7703d057b70c85cea16e9549b00d7ffa90eb53154d4895872a142408,Department for Transport,Purchasing Card Char,Department for Transport — Purchasing Card Char,false,40,18449499.95
1066,a8c2e938318dc8cb6133e5e5a2a3ebb10a6cf8a685e7e54ca9abff80d79a77f7,HM Revenue and Customs,Utility Payments - water,HM Revenue and Customs — Utility Payments - water,false,14,451401.43
1216,c01147652542b3842a4f392a9be131495b9982351edbefe6250fcad7c7e2e1b2,Department for Transport,SOFTWARE DEVELOPMENT CAPITAL,Department for Transport — SOFTWARE DEVELOPMENT CAPITAL,false,3,150000
1223,c13ca1ee5f9972a62da69f572b7cbc8e2d5e024b709c29fe8395eab6d1d74c8e,Bristol City Council,Biomass,Bristol City Council — Biomass,false,15,39704.23
1360,d68a8e19a89a34dbac0fbdcdffaaa366e2f2f91038cc1e628eb18f58977de85f,Bristol City Council,"Conversion, Renovation & Improvement","Bristol City Council — Conversion, Renovation & Improvement",false,5435,73036701.25
1383,da925a6e31fd618a389a86034563d752e47f657003e6e06c892b967bce0448c6,Manchester City Council,Heat Management,Manchester City Council — Heat Management,false,5,3651.23
1416,dffa2759c3441988a74702cab8feeee4c6859f66b96d4053e72d07f1f1d079e6,Department for Transport,Rolling Stock Maintenance Charge,Department for Transport — Rolling Stock Maintenance Charge,false,16,754568.17
1514,ee8a52c52018b782d405acebda5aec4467e3591c4eab3beb0066fed6d1aba206,Department for Transport,Payment to Other Govt Depts,Department for Transport — Payment to Other Govt Depts,false,17,2457142.5
1625,fe4f7a2aa3ea3f882a7f191fa9a2f6207a92172f95187acd655a8717ca2b825a,Department for Transport,IT SERVICE RUNNING COSTS,Department for Transport — IT SERVICE RUNNING COSTS,false,156,22494408.98
2,0091fbd65076343586c40bc592cffaa1b9ab353fe0af48c4583dc771f6f8b3b1,Department for Transport,LAND & BUILDING (EXCL DWELLINGS) CAPITAL COST,Department for Transport — LAND & BUILDING (EXCL DWELLINGS) CAPITAL COST,false,24,4095925.64
40,07c21d49857ea295a67c0b0aa3683a251688ad6d994155ce5c7feebebb847156,Department for Transport,Property Management,Department for Transport — Property Management,false,46,10508288.04
48,09148a3e1812566ffaa7c68c267a6dabc7337572080bf25e960f605347779f48,Bristol City Council,CRB Police Checks,Bristol City Council — CRB Police Checks,false,25,169112
130,163c88bd681ff0431dd21c433f899bad559adbfbaf37460b8bc28f7013107fb5,Manchester City Council,Income Tax Payable,Manchester City Council — Income Tax Payable,false,1,-1005
234,2728c94e3d66916aa1b7d110faa95217dc1c8e41f6fcf2a4e63a3e5a2cb825d5,Department for Transport,UNIFORMS,Department for Transport — UNIFORMS,false,4,376196.88
390,3eccb9bfceb4d47b7c34d726216d4dcd5496f39add9bcb9dc8cf3913adc7f97b,Department for Transport,Occupational Health Scheme,Department for Transport — Occupational Health Scheme,false,14,1000849.2
393,3f1f8478aaca559967336aa6594ac7d96c624a594236ac08d87484ce21c764fb,City of York Council,Decoration Allowance,City of York Council — Decoration Allowance,false,2,636.66
435,45a60154199df4d435dddbfbdea2d903b4ddcd2015bf822259bb6ff216462a60,Manchester City Council,CD - Acquisition,Manchester City Council — CD - Acquisition,false,10,986970
450,4803b6c4f6d7405173d4969947eb4bb2e1b8b12314a8c95132bb5266a6cbbc9f,Department for Transport,Building Service Charges,Department for Transport — Building Service Charges,false,2,341762.08
497,509d977f5d53c2aaee4b860263b69bade54903ce41fee15cb6c814285d6690b1,Bristol City Council,TPP - Tree Works,Bristol City Council — TPP - Tree Works,false,43,474913.21
504,5237fd08b1c1d2b772c69bcb191ea9de037d887b1b56366fd9430d9927cacaf8,HM Revenue and Customs,HMRC Shared(Rec-VAT),HM Revenue and Customs — HMRC Shared(Rec-VAT),false,13,1061148.08
611,62eba0b6d291ae303156edbb4f6d1af5b62f0552224c0bcdb50b693b8f7884f7,HM Revenue and Customs,Consultancy - Legal,HM Revenue and Customs — Consultancy - Legal,false,7,244024.6
655,698e5a11930a9b5470d4de48166ddffa56ad0f4b9aa9b83dd8ac9e1f343e9480,Department for Transport,BUILDING SERVICE CHARGES,Department for Transport — BUILDING SERVICE CHARGES,false,7,568683.54
662,6a4f17543e94dad3b1d634758e8ad1508c3d0f2e6347326a1280bab61cc0c9fa,Department for Transport,Office Reloc Costs - Noncap,Department for Transport — Office Reloc Costs - Noncap,false,2,79989.54
752,7695fb8f247f90d569ab6158f419057c332c6f6967e9990c1dcbc92c9327dd50,HM Revenue and Customs,Furniture & Fixtures,HM Revenue and Customs — Furniture & Fixtures,false,2,53193.4
875,8939bcd40fa7dc651441f4153817c175f80e7dc03137608daeb52578ceb987f9,Department for Transport,OTHER PROFESSIONAL FEES,Department for Transport — OTHER PROFESSIONAL FEES,false,54,8833481.89
1070,a9db63e7125b016b50f4f592a2f9407b05c34f00d33cd394853d34f32f225919,Department for Transport,Managed Services and Hosting,Department for Transport — Managed Services and Hosting,false,2,519319.77
1136,b49e85efe355520c21ee157f782b5b8c89b078136f371ab27b7163cee0bc3601,Department for Transport,RATES,Department for Transport — RATES,false,93,4616878.46
1221,c0d10dd063f61d0fff3d28ef8d4c25fe3bed86782a275955566daed646f6ca99,Department for Transport,Professional advisers - Accommodation,Department for Transport — Professional advisers - Accommodation,false,3,718482
1239,c44398e42db41fe45c32c1b8aadd29c9b3413932cb66737d8ff514a1d3004b1d,HM Revenue and Customs,Telephony Services,HM Revenue and Customs — Telephony Services,false,20,1235842.92
1241,c45b3df3ab87d4d56966bcd03eb0812f7ff78c30ac03a773ea09f586d4a689b5,City of York Council,Capitalised Salaries,City of York Council — Capitalised Salaries,false,4,35541.05
1249,c5881a9620dcc0dc36000f633472af8020c6ad1a535bc66080da2e01012fd8ba,Department for Transport,ETV - Fuel Charge,Department for Transport — ETV - Fuel Charge,false,11,1164699.27
1285,cac8527e8cac16589a3475cca2ffc38d054083cce8caf8aaef6135888589f2af,Department for Transport,Hospitality,Department for Transport — Hospitality,false,2,93898.76
1316,d1190961bd903b05101d2fcab56990c377fb5afec52768e7038d717889a6e357,Department for Transport,Force Contingency,Department for Transport — Force Contingency,false,1,1270000
1463,e6f4090603d7e0ab73b5e5f0ff3ec0c69c543abc16ed1e820071f6a12831b240,Department for Transport,Rent - L&B (non-PFI),Department for Transport — Rent - L&B (non-PFI),false,51,5591195.95
1539,f2cc1f9ad296d38355032fad157b9488af7dabc44cb28a3539a989023e75f44d,City of York Council,Operating Leases,City of York Council — Operating Leases,false,111,279580.74
1575,f6f63c93c1d450eac21a04d9b0f715af8f1dc53dd16f3a31bbb701a7780930be,Department for Transport,Claim - Other,Department for Transport — Claim - Other,false,5,486700
1603,fb15219cb0ec2881f514c5b569172388ecff952e1fd017d29803febabc2ab6e8,Department for Transport,Medical Examinations,Department for Transport — Medical Examinations,false,12,2195607.6
34,072ece1655c861274e9fd32d2a7a7b9522c8f7f7381608b3fa75fd82b5eae275,HM Revenue and Customs,High Court Costs,HM Revenue and Customs — High Court Costs,false,1,50000
172,1cd023b95a4d55dc11e1afb69d2360ff9b4b8d340701c1b6961ce35e0a9a7174,Department for Transport,Financial Consultancy,Department for Transport — Financial Consultancy,false,2,83720.02
220,248c76004a21f83b9e57d179e712c24495ae8d571ab247cb01c26bf1a7e6a7f8,Department for Transport,Services prov by OGD,Department for Transport — Services prov by OGD,false,53,13330465.86
297,305827f4b5e8dd4f9f853b4b85c89df5d921150a15b9d1954093ca23b94f8e14,Department for Transport,ESTATE MANAGEMENT,Department for Transport — ESTATE MANAGEMENT,false,24,19594526.12
403,40bc52aa5f752eb96328319525a922bc74d2e33cf9396fce8f37e1df7d3d8ff0,HM Revenue and Customs,Cons ad imp (Ir VAT),HM Revenue and Customs — Cons ad imp (Ir VAT),false,89,17357557.25
491,4f401a0ff031bb48e103e86b0de73c5d67519cf0b4c7678a7c360656bad71087,HM Revenue and Customs,Computer hardware,HM Revenue and Customs — Computer hardware,false,2,114450.79
527,54d593cedc1d1341c6f1cb910f30c28325058559c85962350bdb8da690b99142,Bristol City Council,Comms - Telephone Call charges,Bristol City Council — Comms - Telephone Call charges,false,64,1216318.3
535,55bd08489c784e2155242e401e44be6b987402a9394aac2d5ffc29b9f3d3f1eb,HM Revenue and Customs,Forensic Services,HM Revenue and Customs — Forensic Services,false,13,1458273.23
660,6a0e1af4a8ba47f3e11d426739bddd70d60b558d488ac6af04e8e0f15d0d5fcc,City of York Council,Pest Control,City of York Council — Pest Control,false,37,13910.92
678,6b8c3a97add9be9167245f439589cc7b1745cac3c8c06876ecde22cc141aa791,Bristol City Council,Contribution to provision,Bristol City Council — Contribution to provision,false,3,176792.4
691,6cab3cbf89f71966fec4e3ccdd9a4f2440043d5603f9a4b93e54b2e757617547,Manchester City Council,Perm Res Home Care,Manchester City Council — Perm Res Home Care,false,459,-797723.06
750,767bd6cb484f45d1923eeacb3e8e6082b8f0f758369ec88206f33a6b353da290,Manchester City Council,Infra - Adaptations,Manchester City Council — Infra - Adaptations,false,6,6400
771,7990681913a9ff2f94b4f86410793f30912a13f6dc548573e314dfd043ed6e97,Manchester City Council,General Office expenses,Manchester City Council — General Office expenses,false,134,1455039.36
772,79958eee1d504d25882391f52d538cfd059fe36712417fe9cf8cb7312e265780,HM Revenue and Customs,Sys Software Maint,HM Revenue and Customs — Sys Software Maint,false,22,2711443.82
857,870ba799a917e0c39c12960df419c6837abef4d616f0ad272222ec8a34ccf940,Department for Transport,IT - LICENCES,Department for Transport — IT - LICENCES,false,5,421215.31
874,8925d7f1f5a57aa64279029dfa65fa8f5b9f0b7a0f06eb0fdfab32ec2712358a,Manchester City Council,Third party payments to Health Authority,Manchester City Council — Third party payments to Health Authority,false,329,41860437.38
988,9e2da4344949e092b2d02904304191bf9987f794e381e873d5a4a56d86764e16,Bristol City Council,TPP - Placement Assessment,Bristol City Council — TPP - Placement Assessment,false,128,1251693.61
1157,b761c0c3aa00820444c7720eec12e5f61e15ec0c8ece48d4d43ef6e81bbe54b2,Bristol City Council,BIDS,Bristol City Council — BIDS,false,17,2579388.17
1162,b805eb52b79b86b5292ba21327f4591f6c12e66667ba718edc58692a6a3d7a33,Department for Transport,ICT Other costs,Department for Transport — ICT Other costs,false,86,9304716.85
1258,c652862f25ff0a7d01e9123e1ea86e3d2537f0479593678fe081d63a7e14b29f,Ministry of Justice,EXP - PURCHASE OF GOODS/SERVICES - PERSONNEL RELATED - Recruitment costs,Ministry of Justice — EXP - PURCHASE OF GOODS/SERVICES - PERSONNEL RELATED - Recruitment costs,false,20,1924047.72
1269,c7e8939889ede197febf5a9837f91ef52bcf50f65659d1f45330b2f3161bc0ee,Manchester City Council,Environmental Services,Manchester City Council — Environmental Services,false,51,56750.91
1384,dad40b710ea53fdb7ba303c08426c2b761bfd4ad3c1cea9597499864d7e465fd,Department for Transport,Recruitment Fees,Department for Transport — Recruitment Fees,false,68,20800436.93
1398,dc262eaa5f6764868c79d6273b33e35afc6dfcc73d3af24f308dd03428559645,Department for Transport,Phase 2 Fund – Health Study,Department for Transport — Phase 2 Fund – Health Study,false,4,556839.48
1400,dca248d5e3a7a3cfa36b87a07c6424039773dfcae824060f038308374e9a4871,Department for Transport,External Audit Fees - Nao Only,Department for Transport — External Audit Fees - Nao Only,false,3,250800
1472,e7dd741538015b4caf9547a6bf9e8c4b43a334c17b8e9380e094fb772782bf5b,Department for Transport,CP - Flying,Department for Transport — CP - Flying,false,36,3259195.92
1476,e8477d8c64933295e33cdd5737d640f29b317c7daf537c37d5df476d6d2d7f71,Bristol City Council,SUC - Nursing Care,Bristol City Council — SUC - Nursing Care,false,153,-67210.66
1477,e8594853f301531da4e1230218b631bc44920db2604012e951e29fbf7cbff35f,Manchester City Council,SC Clients-DP,Manchester City Council — SC Clients-DP,false,160,80600.01
1579,f76f3ac1c7cabaa22001f6e6f851a5a9ad4f9739a48d656d8a4e924e0f8fac89,City of York Council,R&M IT Software and Licences,City of York Council — R&M IT Software and Licences,false,387,4202806
1605,fb3b13e4191e01bc53db219402d522754bb1b030906128d648b223672beb237b,Manchester City Council,Payments to Sub-Contractors,Manchester City Council — Payments to Sub-Contractors,false,1372,7974261.95
49,09598d221ee9ed0e3bf03af5d66e433128ac7429a1c0009073938a6ed23bec11,Manchester City Council,Catering,Manchester City Council — Catering,false,106,481825.57
115,12994831a771c8d2333d2c088b704ca5b27cb16a8e6fcb7d37fa17270089f6a5,City of York Council,Voluntary Associations,City of York Council — Voluntary Associations,false,4,23164.92
184,1efac9608fc20f320eb7ea049eb28768de9d5d712f8d0f139dd9b92c6b67dbb5,Department for Transport,Planned Maintenance,Department for Transport — Planned Maintenance,false,29,5672228.95
185,1f071f162665ee27c5083927ff819991a245f84f5f0eea24c18a4a665e506451,Bristol City Council,Computing - Purchase of Hardware,Bristol City Council — Computing - Purchase of Hardware,false,187,2779026.75
188,1f593c241b47474e293e3b39e39b04b30fcacd692efc8558dbf61dc2f88e2db9,Bristol City Council,Conference Expenses,Bristol City Council — Conference Expenses,false,7,10073
226,258ef5f2cac6cd5fc166025704a08a7de1f3bcd316e308074a9e4fb296cebe56,HM Revenue and Customs,Contracted Services,HM Revenue and Customs — Contracted Services,false,82,21910406.8
278,2d9c7943f9bfe900876c82a675620fad70ef8ac00099fe59ddf345e1fd4ed106,Ministry of Justice,EXP - PURCHASE OF GOODS/SERVICES - PERSONNEL RELATED - Reward and Recognition,Ministry of Justice — EXP - PURCHASE OF GOODS/SERVICES - PERSONNEL RELATED - Reward and Recognition,false,9,7500000
292,2fa9b6b1642b7378350ba5983e17b0ce073abd05be6c6174e7b6a3693ff50ac4,Bristol City Council,HRA income to the General Fund,Bristol City Council — HRA income to the General Fund,false,1,34450
299,30700b2af4df4cf07a2cf5ab2bff0ef9f6f9bbef28c672413945efde84351dd1,Ministry of Justice,EXP - CAPITAL GRANTS TO CENTRAL GOVERNMENT,Ministry of Justice — EXP - CAPITAL GRANTS TO CENTRAL GOVERNMENT,false,1,135653.15
302,307623ef0aead44c5534ce7c16c812319b376ceeeb0a4bd0eb6a06546b16779b,HM Revenue and Customs,Multimedia kits,HM Revenue and Customs — Multimedia kits,false,1,57915
374,3a8a015f30a9786758340d88ad71d3c38aadc05fe3812f004df0a16891f986b9,Bristol City Council,TPP - Placement Day,Bristol City Council — TPP - Placement Day,false,1100,19985793.49
399,401e08a67b0496835fbc64239f24602139adee49e0f4ad4e2eb6744c1e91c770,City of York Council,Postage,City of York Council — Postage,false,614,1149180.31
446,4783163432288f35f940b93cafaf9c7a5b40e4e282f74c322634238f647eb7d5,Manchester City Council,Removal of Traveller,Manchester City Council — Removal of Traveller,false,1,780
538,560b952ddd1416b80be8272ef1eebd3ca0b07dd758fe122384ceb0972cb81df0,Manchester City Council,West Gorton Mgmt Fee,Manchester City Council — West Gorton Mgmt Fee,false,2,124164
543,56bd18177c80332f9272b87ca4b889e86b18126b0ed9af34867a0b394ffe8011,Department for Transport,CM - Time Based Charges,Department for Transport — CM - Time Based Charges,false,57,3105421.47
573,5c7942786c87095f66df4ea67f35e7db8fec9fe58e7e5d89a50ebbc8c5a0b639,Bristol City Council,TPP - Placement Residential,Bristol City Council — TPP - Placement Residential,false,1786,38154865.73
591,5f19abbf42d5de911d3121d0163210e6e291145fe1b88b537ea186d8e3629679,Manchester City Council,Testing Fees,Manchester City Council — Testing Fees,false,5,15321.6
605,617dfbeedd8296b20a5de96d1c5fd2fcad819b36fae83b2a7543f4a1ee47610c,Ministry of Justice,EXP - PURCHASE OF GOODS/SERVICES - OTHER PROFESSIONAL SERVICES - Legal Services - Counsel,Ministry of Justice — EXP - PURCHASE OF GOODS/SERVICES - OTHER PROFESSIONAL SERVICES - Legal Services - Counsel,false,4,116581.76
748,76363536aaee5f77969a8b43429dcb64fff9067b444d4034724d558010b895e2,Department for Transport,Utilities Design and Delivery,Department for Transport — Utilities Design and Delivery,false,5,275056.17
797,7c45c214a08bc7bd09fca2a770620823f31c1cfb2f81c50cf444c81629bd8c6e,Department for Transport,Info Broker Costs,Department for Transport — Info Broker Costs,false,56,7465219.57
841,8493e3ea8651d687dbd26e5441709eb4ebbae4f93d54dd388cb238d2b5a3aed2,Department for Transport,Minor Purchases,Department for Transport — Minor Purchases,false,2,86503.34
845,84fd343bbf1799f042eacbca19dc8dd2c05577342c6bd218a3fe6aea68def3d1,HM Revenue and Customs,Vehicle body repair,HM Revenue and Customs — Vehicle body repair,false,5,204694.88
928,9110bb018598a72329b2475e27b487e0ee88373cf2933ab397892a6574dd34bc,HM Revenue and Customs,Soft FM Services,HM Revenue and Customs — Soft FM Services,false,121,27059806.4
946,97218a7369da91d178a9da97ffb04ef4f87413b4dc2429ecabffb08c59b69a76,Department for Transport,Estate Consultancy Fees Non FA,Department for Transport — Estate Consultancy Fees Non FA,false,2,234301.46
1062,a7f837aadc59adab60ffab5132235e0bbee9f0a3c35c64e7b79dcdf92cc4b1fa,HM Revenue and Customs,Electronic newspaper,HM Revenue and Customs — Electronic newspaper,false,5,345368.68
1090,ac7f8f38f52b773a82cecabfd21e6406b78f5ec555ad3df499276ee32f75b5c0,Department for Transport,Building Rental,Department for Transport — Building Rental,false,96,10147331.42
1176,ba52b2e4888a572abd71a2c07235d5ccae7490589953ca21ee0ddcfb35ed735b,City of York Council,Damage,City of York Council — Damage,false,1,332
1248,c58161d1025e5d7c7fd002555779000384487cdeb16d8281d935f8beba3f217e,Department for Transport,Agents Fees,Department for Transport — Agents Fees,false,45,30168223.48
1314,d06c4f4fbe0cd39650251a6c60d65e00e793c36536f7068803e9db70c168f464,Department for Transport,Tel & Fax Repairs & Maintenance,Department for Transport — Tel & Fax Repairs & Maintenance,false,1,385660.04
1406,dd85f6c3f14d0b9b447ae0b1677ece8ef22d8eba5f53a8bb73679f1acbf8bfbc,Bristol City Council,SUC - Community Support Service,Bristol City Council — SUC - Community Support Service,false,4,72113.75
1437,e3a930cb2864e706dc35ae90ae3f3e061c1bfc517889f3911d1180a32b7b2000,Department for Transport,CP - Aerial Spraying,Department for Transport — CP - Aerial Spraying,false,13,4885736.79
1536,f21ec937eff1a2cabe69c449091f20e26aed54f5fdb2624ea169057f78cd8cfb,Bristol City Council,Computing - Repair and Maint,Bristol City Council — Computing - Repair and Maint,false,240,6465765.91
1544,f3717bba100a32a31e539e8e918ba186a3f620d2022e588a7ec4bfe9c19e14b2,Department for Transport,CCAV RESEARCH & DEVELOPMENT TRAINING COSTS,Department for Transport — CCAV RESEARCH & DEVELOPMENT TRAINING COSTS,false,1,26000
1562,f53101b583465b54ef8b56ff028a7641e5e649a11d0c4e7fa8a1209c68e9437c,Bristol City Council,TPP - Home Care,Bristol City Council — TPP - Home Care,false,54,81649.47
1630,fed610320ab3a9cdc5250dbb0ac39369865c1a2d7f88b4c72e482ce09d08eeee,City of York Council,Other Capital Works Etc,City of York Council — Other Capital Works Etc,false,301,1733625.36
118,13b4b95f93331b0362cc8fa13493757a84fa917fe0f3caacb0a28e95a89ad6b6,Department for Transport,Information Technology (Owned) - Cost – Additions,Department for Transport — Information Technology (Owned) - Cost – Additions,false,13,2096666.84
141,1874dc667a72b727feb02cfc9cf62755e1d93b8bf9a295830970ee8d3c6c788e,Department for Transport,PropConsul-Non Rec,Department for Transport — PropConsul-Non Rec,false,11,643178.24
160,1b41b0eea91ac5e4241909f57e4ee77d2c98edbe7ca7d7b6af76a485605599de,Manchester City Council,Electricity,Manchester City Council — Electricity,false,2844,14564220.22
176,1d88e26234ca52c4e7f3042e9a584bf1f2fae99ac2304ced7a8e89cc365ec04d,Department for Transport,ROOM HIRE,Department for Transport — ROOM HIRE,false,1,27031
298,3059dcd43e92312c15cdd97bb907304047588d18f74f7afa840fc23a01e93a5f,Ministry of Justice,"EXP - PURCHASE OF GOODS/SERVICES - MARKETING & MEDIA - Publicity, Advertising & Communications","Ministry of Justice — EXP - PURCHASE OF GOODS/SERVICES - MARKETING & MEDIA - Publicity, Advertising & Communications",false,80,7384219.7
321,336d09c4e933913d5ea0567a2213324f2a074d693929ad1418c59ca31e7da892,Department for Transport,ELECTRICITY,Department for Transport — ELECTRICITY,false,24,2314280.79
337,359818c870d3ea672b928ec89fc1f10d4fb5002bc0e47fd6209a6ebd4165a878,City of York Council,Courses/Instructors,City of York Council — Courses/Instructors,false,744,5397340.63
420,431a9ce7e538d0963f238c281f13b715f7c51729c7a36c53b965d6c38e2f79c1,Department for Transport,Parking Space Rental,Department for Transport — Parking Space Rental,false,1,186468.88
494,4fec944a53f64636abc7bce79e042768b9009eedff23f1866d2b70f9916ba3b0,Department for Transport,CapGrtPriSec-P&NPISH,Department for Transport — CapGrtPriSec-P&NPISH,false,41,9179465.36
500,5143346add7a0d067360f855234fecb8cd725021075833d6b282cb32439d869e,HM Revenue and Customs,Desktop Services,HM Revenue and Customs — Desktop Services,false,134,19708889.53
525,5425d8b6b5e6f83648677955c37c023dd090333554d4df1a8023f833b013912a,City of York Council,Drainage,City of York Council — Drainage,false,319,584793.51
526,546b5ac944b0803cbbe8b02b8a83d6590556a3b92bfb72d7f54cff9a5bf3a5bd,HM Revenue and Customs,Gov Bank Serv Charge,HM Revenue and Customs — Gov Bank Serv Charge,false,1,25720.08
540,5681326d90d06f85a538f11bc3e1acfa8c6e562ac2fd27549084e3e0886e3921,HM Revenue and Customs,Debt coll serv (DEL),HM Revenue and Customs — Debt coll serv (DEL),false,36,38525902.95
594,5f61210adc4ef3e712b0eac8e8b5bd145523a3cb88fb98793c0fff27d0a2c599,City of York Council,DLO Capital Works,City of York Council — DLO Capital Works,false,357,560744.3
613,62f55ed646399d0ab91f99fe71874333eb2766dce0093d5d380fa0d4f669fe23,Bristol City Council,Furniture,Bristol City Council — Furniture,false,36,276186.46
621,6467a72356b6ee20ea27efadacd4b1a56dc19eba3b1766e1eb71204000106607,HM Revenue and Customs,Insolvency Practitio,HM Revenue and Customs — Insolvency Practitio,false,2,176229.19
640,677ab887103c710c2c6e1f3c97d631a968aa2b5155c399eb4026f3612e25952e,Department for Transport,Maintenance Other,Department for Transport — Maintenance Other,false,6,515853
729,739e1a31a9aabc0b1d44a0523467f895f6e24da2b9d69a5a13b6878576096ed4,Ministry of Justice,EXP - PURCHASE OF GOODS/SERVICES - OFFICE RELATED - Purchase of Machinery and Equipment (not capitalised),Ministry of Justice — EXP - PURCHASE OF GOODS/SERVICES - OFFICE RELATED - Purchase of Machinery and Equipment (not capitalised),false,3,166919.66
739,74eeea4f7422c0f9e1a40e70030ea6fe1155b44ec25b8cca6442d012a2472666,Department for Transport,Debt Collection,Department for Transport — Debt Collection,false,25,4300299.2
759,7743d35cdf9f9d3486b08361cf76daa7039f9d45cac04548aa8422456d96cb41,Manchester City Council,Gym Membership,Manchester City Council — Gym Membership,false,10,25434
809,7f349bb6b0c63371a994952f2a71ebe898d08235c23885f56e9b6bbd2b9343a9,City of York Council,Volunteer Expenses,City of York Council — Volunteer Expenses,false,11,4508.69
850,85fc048c6073907a9c1be30aa112e41891ca50d1a9bffa055abc82b4bf5590e7,Department for Transport,Medical Health Insurance,Department for Transport — Medical Health Insurance,false,1,39412.01
872,890c8b9df31db6166e914261cf7dd61325770649539e3f2e3fc06caa48a78350,Bristol City Council,Internal Trading Charges - Transport,Bristol City Council — Internal Trading Charges - Transport,false,3,12647.09
889,8b76413c66f59142c7b12474811717d7420e82ff78a0a05a5deedb4cbaadb513,HM Revenue and Customs,Consultancy not VAT,HM Revenue and Customs — Consultancy not VAT,false,1,237247.49
947,972dc4a96bad8525d4d4fa8427d12d5b20bcfb26f2e286af60bd0283e7601330,Department for Transport,Minor Build Projects Non-Asset,Department for Transport — Minor Build Projects Non-Asset,false,8,644715.42
992,9e5f3d4df933c5d8fd53f04a6dc1064fdaf37a83575e30117e8857cb0c777b4c,Bristol City Council,Road Fund Licence,Bristol City Council — Road Fund Licence,false,13,118325
1010,a1594cdf4b502cb624811d4a9a78c7d1d7a986374760181187d7356649ce4a80,Manchester City Council,Extra Care Sheltd HP,Manchester City Council — Extra Care Sheltd HP,false,100,4071836.96
1027,a3e3a57a009fe3fa8fcb74a7f4f84dc30921c57acfb76361950538c3b7a8eef4,City of York Council,Barristers Fees,City of York Council — Barristers Fees,false,1078,2218898.86
1039,a50cbcb2dd254a500cc2bbb37eea105c9f61db8e5525f8648e73f7743c4cfae5,Department for Transport,IT - OTHER,Department for Transport — IT - OTHER,false,9,507140.27
1173,b9739ac097a2deff9e41c7b3e2771ee826e3b3825b066a615b024e0a406f371e,City of York Council,Catering Supplies,City of York Council — Catering Supplies,false,437,32172.14
1200,be3fadf8e662f1e7f41b851f5205cc84f262708d43ddff537680e9fa56292bb1,Department for Transport,Software Licence & Support,Department for Transport — Software Licence & Support,false,3,133928.4
1293,cc3d22ac5fcfcd8ac09451048af37ee6fc502da251bd85a138f0b199e59f0bd8,Department for Transport,THEORY TEST VARIABLE CHARGES,Department for Transport — THEORY TEST VARIABLE CHARGES,false,34,34033221.74
1353,d5b7477dbd925af0617a3530fc25c54b26622062b96f5c6a9b2dd66d1bc8102a,City of York Council,Election Expenses,City of York Council — Election Expenses,false,3,4415.54
1405,dd84ef2ff38a7a33a581f9031b146cc245ced309dd80c2900665d45dc6554f02,Department for Transport,Service Charges,Department for Transport — Service Charges,false,22,1753510.53
1490,ea514b3a8db95909fdc3329716633a20d3e3632052c47e552a2818bcb6117abc,City of York Council,Removals,City of York Council — Removals,false,200,112663.98
1577,f704b64d8c400bf9c6b207b0133e97947fde8a96c099286c572e67b2efd29120,City of York Council,Cleaning Materials,City of York Council — Cleaning Materials,false,520,53993.45
1612,fbfc6c3f796c72efd431354068995e315f531564af59863c7f59abc9a5773872,Ministry of Justice,EXP - PURCHASE OF GOODS/SERVICES - OTHER - Judicial Courses,Ministry of Justice — EXP - PURCHASE OF GOODS/SERVICES - OTHER - Judicial Courses,false,1,25745.02
1617,fcb32c736d087ac1107926953e506e6cdd95c073d515cf3cbd9974917fb7f7b3,City of York Council,External Meeting Venue Hire,City of York Council — External Meeting Venue Hire,false,154,284610.96
1624,fdb21d46dd2a4317282a66dd93723d3ee9338b0d67b72e7f6ac44111741df208,Department for Transport,It Hardware Purch (Noncap),Department for Transport — It Hardware Purch (Noncap),false,3,252744.38
26,059a2fe22481dd027c184b7f44b3d51fee2d587d2e8662310afe3473aef090c6,Bristol City Council,Decommissioning,Bristol City Council — Decommissioning,false,12,73403.83
31,06957c7d555d183f4015840c385ae55a5379be682d988fafd632e933030f891e,Department for Transport,Office Accommodation (Rent),Department for Transport — Office Accommodation (Rent),false,4,174298.13
44,08409a3012019307761df0c56c01327946375a10f2c4d6bf441324a5df0496b6,Ministry of Justice,PPE - INFORMATION TECHNOLOGY (OWNED) - COST - ADDITIONS,Ministry of Justice — PPE - INFORMATION TECHNOLOGY (OWNED) - COST - ADDITIONS,false,5,665726.56
56,0ade9f123084a9387837d81c1743172baf9427b2e5b5dbebcbcfdc898f7e7a7c,City of York Council,Gas,City of York Council — Gas,false,972,2188211.33
270,2c121c858c2ba5b63013338d955e4daff3b229e2a24ab81fdceecf9e30bc09c0,City of York Council,Subscriptions,City of York Council — Subscriptions,false,308,2962585.74
343,369962cc9186f2b247a3a11ccaee1ca8b578b25dbd2d74ed7473b783cf524123,Manchester City Council,Cleaning Equipment and Materials,Manchester City Council — Cleaning Equipment and Materials,false,218,410305.07
348,377edd1693b6821b8ad580d877f50ea266708b22cdc6ba320e95007796516d9f,Manchester City Council,Elec Car L-VAT contr,Manchester City Council — Elec Car L-VAT contr,false,43,165335.5
366,3a0fe3e1d7cedb526ea42100c5ceb7b92e37edfe86cdf0e93e2af05b044790e8,City of York Council,Pension Enhancement,City of York Council — Pension Enhancement,false,1,17304.8
414,42554443d5d4c9e4a68a94d850a2c7275fcd9381a837ae7915cb4b15431e566e,Manchester City Council,Preventative Maintenance Work,Manchester City Council — Preventative Maintenance Work,false,49,2820813.95
439,46300962f42212f3326498fdfe0f3baa364f9156ab003568e25f6cbd3022c93d,Manchester City Council,School Pensions,Manchester City Council — School Pensions,false,7,4801055.55
451,4881f037c778c62f4678d2ef24038bc22527719d5f0781b567b3933ee2bd93c5,Bristol City Council,Other direct employee cost,Bristol City Council — Other direct employee cost,false,1,24380
467,4c128dccb0ce9527fd08a140e1083e7b12a24730ab8606b54f4852e1aa76ab67,Bristol City Council,Grants paid out,Bristol City Council — Grants paid out,false,510,10880579.99
568,5b7ac77900c69b3ec2284766086afe19253cf6979f09c9ace2d08050cf5d98d4,Bristol City Council,Input VAT,Bristol City Council — Input VAT,false,26,746816.09
570,5c177bf20769321f67e8bf76ee866a94a199ba106952e5765237da7651194b87,Department for Transport,Non Stock Machine Co,Department for Transport — Non Stock Machine Co,false,30,9491488.8
572,5c6f29a4930c9d98459c65b24240be624335e829f798dddf4d2d32da1c698965,Department for Transport,PROP MAITENANCE OTHER,Department for Transport — PROP MAITENANCE OTHER,false,2,126441.16
592,5f2a826477d97d965126458eddd58da2138cb1d370a9fe1532b2bfec87acd55f,Department for Transport,Mutual Aid Cost,Department for Transport — Mutual Aid Cost,false,5,252562.42
656,69b5467ee44d9415689c132e90b2b636bc40f38918e498be96f8d8634ec8a648,Manchester City Council,Training-Day Release,Manchester City Council — Training-Day Release,false,16,37509.3
668,6acbff0cc032e4f2f9cb3583df8b0ba170cb9e39d449d151be279d1d5f07825d,Department for Transport,Machinery Maintenanc,Department for Transport — Machinery Maintenanc,false,38,2195086.94
717,7198f2c46ee902db7422285188e8b5ce9c1e8a345266ad5a4ef166336ec3ccf6,City of York Council,Survey Fees,City of York Council — Survey Fees,false,139,304434.9
732,73e59cdc7bfbcb28e3409fec65f8eb897b581b22ce2fcc821e33a5450d21db9b,HM Revenue and Customs,Document scanning,HM Revenue and Customs — Document scanning,false,12,4047965.34
778,7a3ea7b5821c35b34297554c60ac214c5e283269f0d05c5fabade642a2155d59,Department for Transport,Tug - Sovereign,Department for Transport — Tug - Sovereign,false,1,63730.21
826,8179d6873904312b2e9bb0aa197df188672145a98d8e3be68b917bfb74cba0d7,Ministry of Justice,EXP - PURCHASE OF GOODS/SERVICES - SUPPORT - LICENCES,Ministry of Justice — EXP - PURCHASE OF GOODS/SERVICES - SUPPORT - LICENCES,false,121,119778778.33
838,83d0f2171f56d03e7df7736026aeab73971b38cf9a7edf66068730694aef5f87,City of York Council,Police Checks,City of York Council — Police Checks,false,60,110707.46
843,84c528ac38960f95c70e448439571bd4b46e265b67d9118984a7b7188a044131,HM Revenue and Customs,Accommodation Security Services,HM Revenue and Customs — Accommodation Security Services,false,16,13333914.29
885,8b2a1761d3ed2a2124d0d22b4f4d6fea82ab5a4342f1ec77adc687c8bf7f9112,Department for Transport,IT SERVICES RUNNING COSTS,Department for Transport — IT SERVICES RUNNING COSTS,false,17,1083704.75
970,9b06af3d50205459088935acca1bc2677a0c595d21a89fc4f7cc01104f3682e4,City of York Council,Childcare,City of York Council — Childcare,false,184,204496.99
994,9eb2e4b248b915bed548857dd2cbb4dda2dbbe3b319cbdf4e754447f7ae4c90a,Department for Transport,Tel/Fax Rep & Maint,Department for Transport — Tel/Fax Rep & Maint,false,14,4967195.4
1013,a1d2d4f601410eebae9da693994a1ca6af2f80a358589de45ee2922abcab3ab2,Department for Transport,Facilities Management,Department for Transport — Facilities Management,false,1,67122
1033,a496d41c4ad53a369f3f825b3b33e3d6c3b43132cbcd502ae1599a65f9f3d6ec,Department for Transport,SMarT Administration,Department for Transport — SMarT Administration,false,3,86232.84
1119,b2bd9c931ddf60a25a219a5a899b197f410a8d2dff362fe8064cfabc2a9d07fa,Bristol City Council,Energy Systems O&M,Bristol City Council — Energy Systems O&M,false,65,353268.69
1120,b2e4dff0f1b0068a3e224c07162961435be8bc4dfe886f1a5605a5b210f2b3fe,City of York Council,Audit Fees,City of York Council — Audit Fees,false,42,1637576.14
1195,bdd13f707b4911bc191fcd513b371c21eacc3241e9ad892064749e37f9a50aa8,Department for Transport,Urban Planning and Landscape Architectural Services,Department for Transport — Urban Planning and Landscape Architectural Services,false,11,511116.36
1251,c5dd97197004f31f1f83bf8a956944e7bdb7c8d8dc8c866bac5aec5c56e559f2,Department for Transport,SOFTWARE LICENSING CAPITAL,Department for Transport — SOFTWARE LICENSING CAPITAL,false,46,8657507.22
1290,cbdf5068811c0093886378d5331193ffbe55f71baca1e0dac3519e056338b3f6,Ministry of Justice,EXP - PURCHASE OF GOODS/SERVICES - OTHER - Counselling & Advisory costs,Ministry of Justice — EXP - PURCHASE OF GOODS/SERVICES - OTHER - Counselling & Advisory costs,false,2,144368
1328,d21d1868376e9cb5a11293cad557f81b75ac9acef7b7bfab692797ec6bcc2a2f,City of York Council,Premises Maintenance Contracts,City of York Council — Premises Maintenance Contracts,false,961,630544.71
1341,d351b2569e8856a9b5b050aaa9ab740c74f263ae7b1b760479cf51fe452fc13c,Department for Transport,Medical Fees - Operational,Department for Transport — Medical Fees - Operational,false,1,34973.25
1427,e215bc4fd25b2527ee2a7c32e00e057958bd5f4a2953bde94660d88283837b17,Department for Transport,Programme Partner: staffing assistance,Department for Transport — Programme Partner: staffing assistance,false,83,8094831.5
1543,f36666566d2b236bd96254e02c9a51f97098302334d2b6d6a6b1a7a6cf5c3742,City of York Council,Carer Related Premium,City of York Council — Carer Related Premium,false,15,2125.64
103,112c707d9946bf6fbac17d928b0fb0ecbc41a7821309e60ff188ff4c4f92fa5f,Department for Transport,Research,Department for Transport — Research,false,388,62832289.05
129,161157b8cce19769b11218f22b2c42793097e1493abec7bde4808dad190f3e7c,Manchester City Council,Carer Support Payments,Manchester City Council — Carer Support Payments,false,195,3550393.9
148,1986671755e7266f2e7cd8b6fd0da362427029f502feedc6505046670642d973,Department for Transport,Auc -Int-Software,Department for Transport — Auc -Int-Software,false,3,140857.78
258,2ac60414a3db6ceeb9d11a4ab5947777559287c54a4102f0c43ed736b94224ad,HM Revenue and Customs,Counsel Fee VAT Irre,HM Revenue and Customs — Counsel Fee VAT Irre,false,36,1347371.68
271,2c81b30a8b36e19fa7dd4f0a7ba07390a72cb973e6f30dbee6c5a460369e3490,Department for Transport,Office Fur & Equip,Department for Transport — Office Fur & Equip,false,1,25860.18
332,34e72a71dbd0f63608842a8d3565f82c803337cb9649cf83c460987999b06ba8,Manchester City Council,Profit Recovered,Manchester City Council — Profit Recovered,false,11,-11969.14
466,4bedef34b12f0ab632cafd99912c4260c4925a3431f844d03434380fb3febb2d,Bristol City Council,Contribution to Premises provision,Bristol City Council — Contribution to Premises provision,false,3,2923.94
496,509895510a07d0c1a20d17df7e3820dfe20314a6212690bddbe233b457b0e4d2,Bristol City Council,Services - Consultants,Bristol City Council — Services - Consultants,false,672,8182417.87
559,59e5af2018f824f894d91d99967cca0bc595f197fd036c43fdd9f143f98683e2,Bristol City Council,New Construction,Bristol City Council — New Construction,false,1654,79403766.92
578,5d555faab9e80e7bba5dddfaed61699b8ce017cf219076fc438d2e70404211e2,Department for Transport,Wan Recurring Charges,Department for Transport — Wan Recurring Charges,false,41,2748641.94
629,664f0c3bbc49d1d9cb3a51b3697322727435eb7b3889642c28651caedce52f98,HM Revenue and Customs,Electronic Data,HM Revenue and Customs — Electronic Data,false,1,96282
648,68ae93cf7e9c8e63f689bb7e4c18d403ef4ff1f5517ce91fce2afe272dbe24f0,Department for Transport,Recruitment Advertising / Publicity,Department for Transport — Recruitment Advertising / Publicity,false,9,405798.3
769,79176e4ab9c5feb1e544e9fb8c32ad6cfd9126145b8918c287b50ae87ef0e657,City of York Council,Housing Related Support,City of York Council — Housing Related Support,false,271,3138920.24
792,7bff83fb6449fe68aec133e2974524c2cc530598623ecf3eb31a27feab5d0906,HM Revenue and Customs,Maintenance fees,HM Revenue and Customs — Maintenance fees,false,63,19102738.79
905,8d8ccf95d24f9cb184c821883ad7a0b3f1b677b146e2fa9f3bd3ff6798953b27,Department for Transport,"Rent, Property Service Charge, Rates","Department for Transport — Rent, Property Service Charge, Rates",false,1,28661.17
918,8fd61ed72a631d5f0dc140e4cc7b7135a47076da11e329231f02d1f264ecb9d6,HM Revenue and Customs,Tribunal appellant costs,HM Revenue and Customs — Tribunal appellant costs,false,44,7876758.58
942,95bd9942ed10c033dbb255c00d3c2270997470daab7715ba2c6853c08a26532c,Manchester City Council,Hire of Equipment,Manchester City Council — Hire of Equipment,false,289,1569424.86
1004,a002d16369bf5fe1cbc6895ae72b9ba52201aa4000e7967500c96977a92364dc,Department for Transport,TTEST VAR CHARGE-CAR,Department for Transport — TTEST VAR CHARGE-CAR,false,4,4216884.96
1138,b4c508bf9783bf46070a4f9430b292c482ff61b962de377a1ec53a71ed2f46ac,Department for Transport,Postage Meters,Department for Transport — Postage Meters,false,8,1257768.25
1147,b670a4db6126610becfa5291e372bb74d4383201feb7a0515490cf6424beda84,Bristol City Council,Staff Advertising Costs,Bristol City Council — Staff Advertising Costs,false,69,151187.47
1225,c1e6e037b370e4c064b354617e6907f3fbfa3f442cad5aed90b4aa6a56a90ec4,Manchester City Council,Mobilephone Charges,Manchester City Council — Mobilephone Charges,false,45,341385.11
1230,c2ce4bd4c2d8899d669b02b8a96544836ebb35b8a891cc474beabbf2d39b012e,Ministry of Justice,EXP - BUSINESS RATES,Ministry of Justice — EXP - BUSINESS RATES,false,3,1324752.15
1387,db0a05fdd7a5ee2859d368140b41d03f680420392a2e225818055dcb70ac48ea,Manchester City Council,M/c Credit Union,Manchester City Council — M/c Credit Union,false,7,187467.11
1402,dcaf8a5707c33bd3e528a6a565ed50118a088b8db10da9a3bed7c0968a4d8da3,Bristol City Council,Insurance - Payment of Claims,Bristol City Council — Insurance - Payment of Claims,false,102,1741984.91
16,030cc096ea10cbc26962b7bfe4eec418070a335ac0b4574b898ba9f14e51d8f5,Department for Transport,Apprenticeship Levy Control Account,Department for Transport — Apprenticeship Levy Control Account,false,1,70031
136,170949af6ae873ebc2f92542c688c325594681a637bd5c9cb3c1375f11282696,Department for Transport,Telephone - Mobiles,Department for Transport — Telephone - Mobiles,false,13,1001594.4
139,18320b51ec88402f55cd9162d7aaccec4752a861a9ac965980149079cc0c670c,Department for Transport,COMPUTER EQUIPMENT SERVICE CHARGE,Department for Transport — COMPUTER EQUIPMENT SERVICE CHARGE,false,66,6683758.39
161,1b8429a8dd5aa3079b7a5c262a9ede57e5ad076d89c2939d6b96ca2ac520074a,Department for Transport,"Assurance, Audit, Risk Services","Department for Transport — Assurance, Audit, Risk Services",false,16,3019979.23
177,1dd9bdaa032714a5679644aaa2ef9d637946480beda9c2784f44c5a276ae93fa,Department for Transport,HR Consultancy,Department for Transport — HR Consultancy,false,12,1206608.88
192,1fc1c6f3cb130f3e96a29e6d2363c677098ed5e634120336fee41fa26aaf006d,Manchester City Council,Adult Placements,Manchester City Council — Adult Placements,false,1796,2760644.95
193,1fd83c27ac2bb7d0f1b9e895cc91e6954147d629cc9d1fb6103eafb712d2bfe1,City of York Council,Care Leavers Accommodation,City of York Council — Care Leavers Accommodation,false,26,6631.03
198,204e43c9791e5388383abce2785f5a1691672f9ebf09adc1c51e23a73bf31552,Department for Transport,Telecoms Pws,Department for Transport — Telecoms Pws,false,46,3171343
250,2932a0595e43d4011b2903e13caab43ac51e929d03e78239afa58e5341a35a17,Department for Transport,Radio Equipment Non Asset,Department for Transport — Radio Equipment Non Asset,false,3,169080.56
269,2c0dcda561250ac0e98fb6c919ea4045d6b2e0ac7eac95b299ffd1d7c6ff1448,Department for Transport,LegalConsul-Non Rec,Department for Transport — LegalConsul-Non Rec,false,5,255171.29
285,2ea64893bbfd58fd5de90cbe55edfa28aab49a9ef35b2bc5487efe581f9b12b6,City of York Council,Door Entry Repairs,City of York Council — Door Entry Repairs,false,1,8.79
314,32aab08d8d989127ecec030777dea0f6936c5748f24457156ded734fd693c58c,Bristol City Council,Grounds Maintenance - Non Contract,Bristol City Council — Grounds Maintenance - Non Contract,false,38,71847.01
350,37bd977b3d9ab1c6e894723197441b26bbaff2baa4e4f3b492980486488ae4f3,Ministry of Justice,EXP - PURCHASE OF GOODS/SERVICES - RAIL TRAVEL,Ministry of Justice — EXP - PURCHASE OF GOODS/SERVICES - RAIL TRAVEL,false,103,13906213.36
353,37e21073114015e3fcb98f1e4ac08000ceeadcaff3daea6bc3cc7199c384007e,HM Revenue and Customs,Landlord's Service Charge,HM Revenue and Customs — Landlord's Service Charge,false,11,-125118.91
373,3a69b518d71974751b97583e4d2c80bd643a6921de69f5850640474505cbade1,Department for Transport,IT Consultancy,Department for Transport — IT Consultancy,false,75,15645744.21
402,406c4b863d6d80f31b402447c211179da0486c69c2a8ff84b45e14cafcf4feaf,Department for Transport,Research Grant-PS,Department for Transport — Research Grant-PS,false,26,17687884.49
432,44ff2c513891c0594d6bd5fc9e0a0c8723799c45012154083183dd1fa5e2d29c,City of York Council,Flood Defence/LDB Levy,City of York Council — Flood Defence/LDB Levy,false,20,2091015.82
552,58babec514068357481cd2c2908183dcb7dfbd3a43d0ae0f2266beccbb1bb22d,City of York Council,Catering Charges Additional to Contract,City of York Council — Catering Charges Additional to Contract,false,1,21164
593,5f3ef200baae8dc09418a555fa8d6a1d36f6a54e684baebf11a85e268b9926e9,HM Revenue and Customs,CS Learning,HM Revenue and Customs — CS Learning,false,11,1286247.74
641,67997521a306e76b2a47e10e6aef310fe84a069d1d5ac6e4cc15bcad4af19d87,Department for Transport,Auc - It Equipment,Department for Transport — Auc - It Equipment,false,27,4070801.09
661,6a4acfb4e3657e93baa417d507d56da32d6e80072508243284794a97fe779f3e,City of York Council,Credit Card Charges,City of York Council — Credit Card Charges,false,32,14809.55
665,6a8ce05b8a83239ba9d3b42aaaedb50b8aca899bde9f671a8d16ea2873af0f9c,HM Revenue and Customs,Consultancy - Techni,HM Revenue and Customs — Consultancy - Techni,false,15,1960442.08
696,6e0a144e4cf74d725e498f6565a2c33751fe1c9b6d31a796e3c1df63795a91b9,Manchester City Council,Telecoms Equip,Manchester City Council — Telecoms Equip,false,15,66011.47
735,747ab52210f7a8c09b0b7d718bb8d0798358d80625df611f65a1d39cddc6ddf8,Department for Transport,Office Consumables & Equipment,Department for Transport — Office Consumables & Equipment,false,2,123447.72
780,7a4f1f95eb2f0b30bade4d33864fc597c15ba3e9c20a447daeb92546005f20b3,Department for Transport,Software Package and Information Systems,Department for Transport — Software Package and Information Systems,false,8,856805.68
830,81f833045c4760412bc8816f46a145bc7508bbc4c6d2d109999d2f759128bf62,Manchester City Council,Stationery,Manchester City Council — Stationery,false,90,181693.15
864,8830c0b1bc41523557509b521469f6810c68f2624e63fee9b1181412816412d4,Bristol City Council,R&M - Departmental response (external),Bristol City Council — R&M - Departmental response (external),false,7364,17342046.44
897,8c5677d856989a7e123efeb16190e51eddbcd5ae9f38b590ae8ffcd826afcc8e,Department for Transport,IT Ser Running Costs,Department for Transport — IT Ser Running Costs,false,259,47279655.34
898,8c5e17eb246c9dc6c68db77b6f137ac8938b89a29bfb2da9572b60b2b3268107,HM Revenue and Customs,SW Lic Sup Off shelf,HM Revenue and Customs — SW Lic Sup Off shelf,false,7,924983.79
937,9422c876c3d5af2aee71659f76770970de21c1d59cdaa19f95591554da70038f,Department for Transport,Pte Cost Of Servs Ch,Department for Transport — Pte Cost Of Servs Ch,false,43,155889888.74
964,99e89a26cbacc82fec76c471d09ae46c2b2ced13f2d505e4f7a7506810406a28,HM Revenue and Customs,First aid kit cases,HM Revenue and Customs — First aid kit cases,false,1,38130
1107,b0097afe8d6c2634583eadd1d5843058f10581b8371ca3433a837576a952d8a6,Department for Transport,Accounting and Fiscal Services,Department for Transport — Accounting and Fiscal Services,false,1,48600
1128,b3fc981184613d3fa2d9ecc07c637844815a21bb7c79646bc85ce9f454122ca0,Ministry of Justice,EXP - PURCHASE OF GOODS/SERVICES - TELECOMS - Payphones,Ministry of Justice — EXP - PURCHASE OF GOODS/SERVICES - TELECOMS - Payphones,false,4,217324.8
1142,b55a20d5b2a8816ce1e0225dd4bd9e869e723e46c4790ba272f851153ab2702d,Department for Transport,Accommodation project equipment,Department for Transport — Accommodation project equipment,false,1,40889.51
1212,bf989fa614f678d869ec38f5b9b218116a5ac95766bee672152da4e5273041cc,Bristol City Council,Enhanced Pension,Bristol City Council — Enhanced Pension,false,70,3332631.36
1284,cabf0f4f5b3c28708f0806e53da2bf264f009e240b600d40aaed41b672edc18f,Manchester City Council,BR growth to CA,Manchester City Council — BR growth to CA,false,1,5416657
1345,d462787f74c3f3bfc4bf1b9fe8a1ebddb2728cee69edbc35b1e40e083cad93d0,Department for Transport,TA Renewal of Roads - Capital,Department for Transport — TA Renewal of Roads - Capital,false,4124,757193378.51
1428,e25384d287242f90a5908dd28eaa0ae5931b7c08fa820cd44930aa09fa497120,City of York Council,Mortuary Charges,City of York Council — Mortuary Charges,false,20,153965.06
1443,e4834eaa6f4b03ca48c9b7696325538a34dbf96ada45162f60fcde3bc00727b7,Bristol City Council,Early payment programme rebate,Bristol City Council — Early payment programme rebate,false,4,17772.5
1510,ed77442548b7f8c654bfcc225933f4ae4a8a00341abdfb781aa1ce53238975e2,Bristol City Council,R&M - Building Practice planned,Bristol City Council — R&M - Building Practice planned,false,240,901504.87
1557,f4c76143bf81bbdba42ee10e38808a9d7a6446ce5b16833a192a22bd74e4e3de,Manchester City Council,Misc Insrnce Premium,Manchester City Council — Misc Insrnce Premium,false,5,28621.31
1574,f6e850559b5693e4cc81267c105b633b1f3d9fecae751a4900e8b8e6199f8b5b,Bristol City Council,TPP - Placement NonLAC,Bristol City Council — TPP - Placement NonLAC,false,5,10239.75
17,039c1886ea74dbf10f8a97e2288b8e76be81e88880046c4126eb8f6d1b033835,Department for Transport,Oil,Department for Transport — Oil,false,3,489464.54
41,07f85d964aac7b93d2c4383620e8115e9aff7dcf0c59d52d6d3a90ac78c46cc2,City of York Council,General Maintenance Project,City of York Council — General Maintenance Project,false,1,3950
138,17a1dbbe7b2063d9abc28f90ac23c2322157d2fc3105068709cd0fdb9a58d361,Department for Transport,BUILDING WORKS CAPITAL COSTS,Department for Transport — BUILDING WORKS CAPITAL COSTS,false,6,180760.02
140,185567ffaf2fc1533ccdb6101011c5fd6151b3aa345ecf1b0a861a23cad48c94,City of York Council,Other Services,City of York Council — Other Services,false,14,12605.07
165,1c1dec44bae03553fe10207c5800aed6e702ef6583f45310c8e23b7c790b91e1,Department for Transport,GR/IR  Non Sec stock,Department for Transport — GR/IR  Non Sec stock,false,72,3361622.31
218,23e68dc7c6542e507c36fc894af2e980173fbee0d0f4f63b1929f2d062d68b80,Department for Transport,ICT Channel Navigation Information System,Department for Transport — ICT Channel Navigation Information System,false,5,1444990.92
334,354200efbc5eb0fa14f0e517d27c76ddc342b056803de99ef6ac1c17520c9185,City of York Council,IT Operating Leases,City of York Council — IT Operating Leases,false,5,45157.37
401,4061711b3910aefef05a9485462b5a39856702c823143a2163d3aa19f8d97d8e,Bristol City Council,Computing - Purchase of Software,Bristol City Council — Computing - Purchase of Software,false,157,1768676.33
404,4124a0745a89068794feb9d392727afd6d2f99fead4cbdce67c85440f686f33a,Manchester City Council,Land Registry fees,Manchester City Council — Land Registry fees,false,10,5978
418,42fba182937565e9e5b43004c86b7f9ed4bf512bda89582ebefdb19de4c0b98e,HM Revenue and Customs,IT Security Vetting,HM Revenue and Customs — IT Security Vetting,false,9,857350
474,4d357a45c471d58d550ebbddd731d34a99b4668192089562af2d132a3015227c,City of York Council,IT Software,City of York Council — IT Software,false,306,1714913.62
517,53157dfdbdca0d9526382dc69ea617d1e65ece7f1ee9074933c5b6169195df82,Bristol City Council,TPP - Placement Secure,Bristol City Council — TPP - Placement Secure,false,12,315939.2
590,5f0cbc0cef628e9d9c8b907b9369ee056d2316b7be41524712f2739f154d1dce,Manchester City Council,Brokerage Fees,Manchester City Council — Brokerage Fees,false,6,77358.9
675,6b61abe079cb6f62b6e2b7415d3e178a070c043d6c37bebfeaa8f1f963b1e6ae,HM Revenue and Customs,Govt auditing serv,HM Revenue and Customs — Govt auditing serv,false,11,490145.16
704,702e08016e59ebe7136f092941712864b792539fbcf4cd44760d1b69171b24f6,HM Revenue and Customs,Consultancy Non IT,HM Revenue and Customs — Consultancy Non IT,false,13,1497537.91
847,85376612050ec1cd08bb14fbfd930c54104a1ef696c1f8ce93bb7561b6ff6e8a,Manchester City Council,Seconded Employees,Manchester City Council — Seconded Employees,false,11,28614.45
876,89579beefe7db278618e186b8d7678f6d8ff1fa0e503f432004bf17e301d72e2,Department for Transport,Curr Grt Overseas,Department for Transport — Curr Grt Overseas,false,5,3111749.34
987,9e2aa1dff565a9a0397b0c479ba6e47544e09ba078145f7a34bdd07f4c69707b,Bristol City Council,Ex Gratia Payments,Bristol City Council — Ex Gratia Payments,false,3,18703.7
993,9e88463c5673e27007a99537f764cf38c2e6464b69de64abe5274b7834e04907,HM Revenue and Customs,CS Government Recrut,HM Revenue and Customs — CS Government Recrut,false,13,3175473.86
1000,9f8596d0e8b1214c1c30f3ecd7b3c04bc9fe317b2794f12ed34f4d1a7bff3a69,Bristol City Council,Heat,Bristol City Council — Heat,false,21,921754.48
1047,a5fb1d969dae7ec09050b86d33bfce1def42e3b30ad195a7e84cd5cf20f163f6,City of York Council,Transport Direct Payments,City of York Council — Transport Direct Payments,false,7,-670.97
1084,abd2210c67c2e834cc1424ffc52ab954d016a691e0044580c4710473c29fef18,Manchester City Council,Gas,Manchester City Council — Gas,false,1791,3834657.28
1092,aca25c8821df86830e6d73a077c8418fe036ae5be192f94d168dcd971e69f252,Department for Transport,Insurance - Premiums,Department for Transport — Insurance - Premiums,false,6,1562963.44
1108,b05c5356516b232e11b10d23f932a9989530055257a807d3745c2aefa4f1e84b,Department for Transport,Staff Welfare initiatives,Department for Transport — Staff Welfare initiatives,false,7,209959.76
1191,bd08561118b6b90d078f65d2b900ec556ceafb20ddd3541f61d127b85540f18a,Bristol City Council,Demolition Costs,Bristol City Council — Demolition Costs,false,19,751140.55
1214,bfb8c77a8563ff122513a71cfe777e91cf85e37d4d83abc9975eb5f780fbef24,HM Revenue and Customs,Digital printing,HM Revenue and Customs — Digital printing,false,1,26780.85
1275,c8ee58fbdfc924d653da3b399ead0cb43729355d57467daf27ceccb32669e832,HM Revenue and Customs,Telephony Accs.,HM Revenue and Customs — Telephony Accs.,false,7,1032906.72
1281,ca27ca5f92d0b2c6eac95062d52bb2bfd9189c9d4732f2dd3a3599153bafcf2b,Department for Transport,DfT Reimbursement – Property Management – 1ES Prior Year,Department for Transport — DfT Reimbursement – Property Management – 1ES Prior Year,false,4,1894333.67
1375,d926aaf5f8881af7fb2a435b852a908725f3042f7095bbcbe18df7f53b890476,HM Revenue and Customs,Consultancy - Strtgy,HM Revenue and Customs — Consultancy - Strtgy,false,1,225000
1404,dd61a6510e63fdf198667bce050f07d704085f31b62c0290aa1f1f49b28a11ad,Manchester City Council,Data Links,Manchester City Council — Data Links,false,34,593611.09
1451,e55b65e48f1dea5c3985c99d54a0d3c72bd66905941df12188b9e5edc02483aa,HM Revenue and Customs,Recruitment services,HM Revenue and Customs — Recruitment services,false,23,1186313.11
1548,f38f6208998780c57829f69583088a1330684816b52fe759cb97355d1535e83d,Manchester City Council,MABID,Manchester City Council — MABID,false,12,3820550.48
1563,f59879b5c925d1965477516ab8185dc8cd2a42c1931e22a41a80c1fe8043c11e,Department for Transport,Infrastructure Maint,Department for Transport — Infrastructure Maint,false,25,2797101.9
1626,fe5f06d14361bfa146860bb2aeea7e14162db09484acf6aa862fd5b6ed05b647,HM Revenue and Customs,Office Fit Rec VAT,HM Revenue and Customs — Office Fit Rec VAT,false,8,480600.75
1633,ff4fdc35f84be37af650577fdecd50029df44f2f35c2a56d8aac313785b8c5a4,HM Revenue and Customs,Electric install,HM Revenue and Customs — Electric install,false,3,254629.47
6,010cd0e3ecfb583f62f8a47f4b8d4e86f386d6126d520ada02bd29a00f4c4e9f,Bristol City Council,Services - Professional Fees,Bristol City Council — Services - Professional Fees,false,1728,10333938.76
14,025203e0db66624c54ced713d8dc89f404e065c0509a40b58188a7f876936f58,HM Revenue and Customs,Govt bank service,HM Revenue and Customs — Govt bank service,false,5,178885.98
37,078297cb2e8b006057a1582fd6141ea38977673e7f477078106671cd859449e8,City of York Council,Member Training Expenses,City of York Council — Member Training Expenses,false,8,4864.4
106,1139d21c82f0209acec75bc9b3e6c3cf16e50f092080100d8cc2493e25831e75,Department for Transport,Legal Costs,Department for Transport — Legal Costs,false,13,662619.08
112,1269184e9dd23be572bb6a691474ff5d719342c64506ce254b997b4c688fdef3,Department for Transport,Property Consultancy,Department for Transport — Property Consultancy,false,34,1833654.9
232,269322a953ba444d0bc4650ab8bd6e95b457f65d97b2d0f6d7ce543c0ce40d2d,City of York Council,Estate Agent Fees,City of York Council — Estate Agent Fees,false,1,375
245,28aed342252ea27b858e4c116eb708a0806de58f0d40daf21cf29da822faea22,City of York Council,Electricity,City of York Council — Electricity,false,2696,9095772.83
293,3009fde521301f8b037f17882d88b2bb61a3c9bd7d3ef08fd2b55841f901c550,Department for Transport,Employment Agency Commission,Department for Transport — Employment Agency Commission,false,1,41314.3
322,339316d720a5a0ba144e8ab36cd25fb62a20baf35b09fd864c9c40e6fb24f6a1,Ministry of Justice,EXP - CURRENT GRANTS TO LOCAL GOVERNMENT,Ministry of Justice — EXP - CURRENT GRANTS TO LOCAL GOVERNMENT,false,475,159520351.42
345,37428bf075443fee714fbce385d730627ae14304d63a77c27607b633310d2977,Ministry of Justice,EXP - PURCHASE OF GOODS/SERVICES - NON-PO INVOICES PENDING REALLOCATION,Ministry of Justice — EXP - PURCHASE OF GOODS/SERVICES - NON-PO INVOICES PENDING REALLOCATION,false,18,7332.87
359,3900ea7fb29e963e407ebd926f402603542e1e891fa970abf2b65acfa3087a7a,HM Revenue and Customs,Utility Payments - gas,HM Revenue and Customs — Utility Payments - gas,false,67,1984952.08
385,3c76a30a7a0b11e99b631601aff7003ddb61d23e8aac3059ba7626e24850702f,HM Revenue and Customs,Subscriptions to Publications,HM Revenue and Customs — Subscriptions to Publications,false,7,772479.57
417,42b830cd183803ed36248cf70ba1c3e8958bf36e414dd33317c067922713d04a,City of York Council,Cleansing Contract,City of York Council — Cleansing Contract,false,147,299692.62
524,53fb3cb78b157b5693afe09e468b46f604f76135c4deae2b31df15221bd4e332,Department for Transport,REMOVAL COSTS,Department for Transport — REMOVAL COSTS,false,2,52839.76
595,5f6a98729cb3aef74e341586708fdf7d70272752d11cc6fda73cc56db7c81372,Ministry of Justice,IA - POA & AUC - COST - ADDITIONS,Ministry of Justice — IA - POA & AUC - COST - ADDITIONS,false,1,61200
623,648e85a999e61274f121ed5e8e5e3aa1b3f83018ed2fda0e4a777a324aa707b8,City of York Council,Miscellaneous Care Contracts,City of York Council — Miscellaneous Care Contracts,false,125,3811683.55
626,65ab41688cf3082a1944d7a8218379220ae3de7a190bf2213f161252849160af,Manchester City Council,Notional NI CC Vouch,Manchester City Council — Notional NI CC Vouch,false,1,1723.63
634,66f567ed564ed9faf8f26285f0110ab7066863a9db35da115bd12bd10c153484,Department for Transport,VEHICLES & TRANSPORTATION CAPITAL COST,Department for Transport — VEHICLES & TRANSPORTATION CAPITAL COST,false,4,971644.71
680,6b8ecc4cf14b6305bda10f800dfc2044e147502a41d3ca762aed2486c726af06,Department for Transport,MOTORCYCLE FLEET FUEL,Department for Transport — MOTORCYCLE FLEET FUEL,false,1,32889.43
834,83472dc05e6665f2778360c5ede404d058077918bb3304e8d370e0a33f4d6ac6,HM Revenue and Customs,Scanning Services,HM Revenue and Customs — Scanning Services,false,12,4806517.16
907,8d9838cf436d20fcaaf467f85020751a1db78238b8c665f878976b95c5a80473,HM Revenue and Customs,Project admin/plan,HM Revenue and Customs — Project admin/plan,false,1,58628.4
950,9799d23fb9b3b33773e2d66ce7122c4a8ad2679297f56988cda708deb9b5507e,Manchester City Council,Byls Outgoing Misc S,Manchester City Council — Byls Outgoing Misc S,false,16,55923.41
953,982f7b65b15cdddd2b80845efe000e3945925e5f7781b14d1e07613905139c28,Department for Transport,Purchase Uniform,Department for Transport — Purchase Uniform,false,11,2163347.97
1089,ac67f73e80734acadd352421855a86bdc83a4ae31d991d610cc00bee13b1b278,HM Revenue and Customs,Occupational Health,HM Revenue and Customs — Occupational Health,false,1,143641.78
1135,b481923188b2d6b70a4e0de99d32e336eb6cfc994f5d212d260efc9a9486a3ba,HM Revenue and Customs,Security install,HM Revenue and Customs — Security install,false,3,84320.81
1149,b6d1b4c6dc5d51e5aaf3674bde15299ebd4e6a0bfaaf514bbf45b698c3e83305,HM Revenue and Customs,Contingnt Labr-Other,HM Revenue and Customs — Contingnt Labr-Other,false,24,1654200.34
1229,c2610e3a2f8288371d5285927bd2f18cd58007a9f20f2c407e4445171e3bbea3,Department for Transport,Facilities Management Reactive Works,Department for Transport — Facilities Management Reactive Works,false,34,2135254.86
1287,cad308b437a6b92c8645966366363febccdde2ef1660f3b1c3b270a00c314619,Bristol City Council,Public Transport,Bristol City Council — Public Transport,false,26,3142342.35
1291,cbe6da5d65a66e0aaeddcdb98c11858b5d7d4a27798bcef422141500a8d6c867,HM Revenue and Customs,Solicitor fees other,HM Revenue and Customs — Solicitor fees other,false,1,23951.55
1330,d240660f76b341f121a1a0cf923971a183743d22aff17853657b2ac071366d5c,City of York Council,PH - GP,City of York Council — PH - GP,false,16,512213.56
1342,d358d07f047219ad12c288736e4005bfbed3a4e15f6142d6653c4115715bec81,Department for Transport,TESTING/TRAINING - CAR HIRE VEHICLE,Department for Transport — TESTING/TRAINING - CAR HIRE VEHICLE,false,2,548194.17
1481,e9551fc5c3eb632c2888fd9f367890bfd340b2105e39e6182a1e01c72aef7471,Department for Transport,VEHICLE HIRE/LEASE ST <1YR,Department for Transport — VEHICLE HIRE/LEASE ST <1YR,false,8,1551478.93
1487,ea0817386f3f85d7a48e253cb8b45de9fb2ab2e9cb6e0684dd35de4008eb0436,Bristol City Council,TPP - Payments to Government departments,Bristol City Council — TPP - Payments to Government departments,false,68,903667
1583,f7c739bfd92cbe388c013df6a3cd1059b85cdfcffe5f214068edc7a96df2499e,Department for Transport,Computer equipment,Department for Transport — Computer equipment,false,27,4192348.89
5,00ef50185642f7232053f03fa7059c7b7a08d7c107f470c824523411a6153f8c,City of York Council,Staff Lottery Prizes,City of York Council — Staff Lottery Prizes,false,57,40000
15,02f028f1e8029deab840b720b6e6d98b1a17c2a72b92ff9ad7dc8cc39fbc2d94,HM Revenue and Customs,Legal Serv Crim Sols,HM Revenue and Customs — Legal Serv Crim Sols,false,1,135385.27
312,3202441c48bdf70b1df238bc83325b1a00efe913320742b91fe9e8a98a04457b,Bristol City Council,Subsistence,Bristol City Council — Subsistence,false,42,745679.51
367,3a1047ba7922d54bbcc86017fe63e68207fc19e39e1602f1285facda8906ba69,Department for Transport,Aviation Fuel Charge,Department for Transport — Aviation Fuel Charge,false,113,6329021.14
396,3f537ee46bda94d217233f27dcf79f28a217c1cd2e2c4fd4ff72642757755e82,Bristol City Council,Living Allowance,Bristol City Council — Living Allowance,false,7,25489.32
424,437db90bb15895c3f0487b3957fb4d245aff8a72a3daa299903c931e3b096785,Manchester City Council,Housing Rents Debit,Manchester City Council — Housing Rents Debit,false,38,40501.53
449,47e58989269b0f07477013a9e94b71ceb0fead87a5dd0714869d40b8df947e0f,City of York Council,Bus Service,City of York Council — Bus Service,false,106,2348839.56
469,4c9305aa310b34760d76d337f494fc84f9eba545ec502473a1ba89efcbfb0fdf,Bristol City Council,TPP - Payments to Health Authorities,Bristol City Council — TPP - Payments to Health Authorities,false,101,42015937.86
471,4cecae6ef6a5511898a2d3804ce5167963c0504b5b3192dcbea64233523e2f87,Department for Transport,CurrGrt Las in AEF/A,Department for Transport — CurrGrt Las in AEF/A,false,420,1110193749.43
534,55a1f8b6f8fea3e633bd3ce9edc8926fd781135c3a283c56c2c71dab919323ce,City of York Council,Artwork and Graphic Design,City of York Council — Artwork and Graphic Design,false,5,8336.51
554,58f1de901399043730c883ef3b45b25337febc238aee4ce4e73cf6eac445b6ea,City of York Council,Staff Subsistence,City of York Council — Staff Subsistence,false,11,7957.16
575,5cd904e7dec9365145fbd0880052978cd676589ee151fa44e037957798440651,Department for Transport,TESTING/TRAINING- CAR,Department for Transport — TESTING/TRAINING- CAR,false,2,334700.11
630,66667e3d3fb2cc1245ceeb87b24596bbbe7b337563177f64c93fcd37ab81cb87,Ministry of Justice,EXP - PURCHASE OF GOODS/SERVICES - ELECTRICITY,Ministry of Justice — EXP - PURCHASE OF GOODS/SERVICES - ELECTRICITY,false,81,24693631.99
708,70ab66bef30efdec95e3e61dcd3f0a3b5be94101824dfb04038141972a612a71,HM Revenue and Customs,Physical Data Transf,HM Revenue and Customs — Physical Data Transf,false,11,639706.5
719,71cb6b7eb57ec426b1b7dbd0f315fe8daabbe74cd128e94dd743c2db7869025d,Bristol City Council,Services - Fees and Charges,Bristol City Council — Services - Fees and Charges,false,3585,25145151.99
721,724ffa3d27555a41ec447d091bbfee08fa1ef591cf76453b49432b4ef4afca15,Department for Transport,WM - Winter Maintenance,Department for Transport — WM - Winter Maintenance,false,3,175118.5
733,7459fc07aa7be5eaac827f400113ebee18dec7f5d1d636b12c8660034c6401e3,Manchester City Council,Negs/Sols/Ink/Plates,Manchester City Council — Negs/Sols/Ink/Plates,false,1,46189
800,7d7322cf591dd86045f291bc192a456e3fab9458fe415a413d0d2a0ced275657,Department for Transport,Payroll - Critical Illness Insurance,Department for Transport — Payroll - Critical Illness Insurance,false,1,25027.92
831,82dcdee8e6e171dd87599baf2171104428a5034345faae3f31bbb2985d2587ec,Manchester City Council,Travel Insce Premium,Manchester City Council — Travel Insce Premium,false,1,3979.81
856,8705a289e2f7006a76044430663faa33f3bec2d18a1a079366d464efefa0403f,HM Revenue and Customs,LCD monitors,HM Revenue and Customs — LCD monitors,false,2,43045.7
935,93d3edda5f1f106c2e77f800a876a502602f6d1c673412aa9159f26a464d18d9,Department for Transport,ELECTRICITY RECHARGES,Department for Transport — ELECTRICITY RECHARGES,false,1,39094.53
984,9d99073f5b29005cc1312fed436526fc4180d661ed5048a30bc6c594f31de032,HM Revenue and Customs,Tax research,HM Revenue and Customs — Tax research,false,3,82510
1003,UNCATEGORISED,,,Uncategorised,true,0,0
1106,af891cb63120c1b6db1638a99d15c0a62775bb0267819f7b519e3b139b40495d,Department for Transport,DfT Reimbursement – Property Management – 1ES,Department for Transport — DfT Reimbursement – Property Management – 1ES,false,4,1381482.42
1192,bd4b14a21e984c3cd9fd8f37066a0cf47ce2f01f989ff4dd5638b6b05bd3474e,HM Revenue and Customs,Consultancy - Learni,HM Revenue and Customs — Consultancy - Learni,false,1,42513.16
1237,c40fb042b8cde370412582f5861b4911ca0c0aed8be0e28ebdd0f5e23bef1a27,HM Revenue and Customs,Law enforcement trng,HM Revenue and Customs — Law enforcement trng,false,5,224041
1261,c6a82df60ff0bb50394c7207fd80740f2c7afb979b7fe79f8929bea81374ec66,City of York Council,Project Management Fees,City of York Council — Project Management Fees,false,18,135761.19
1318,d1667b14cb49010f629cfc6e3713c450c675abb609c87a86236bb859bd83851f,City of York Council,IT Telecom Lines,City of York Council — IT Telecom Lines,false,3,503.7
1327,d21afdf02eff7fd0ff26ef631183823c75b0985501181009fe9421b8f546980b,Department for Transport,TRANSACTION CHARGES,Department for Transport — TRANSACTION CHARGES,false,4,129266.46
1500,ec34eb30b28e77e1ebe000cab5073262df2c5eb4006411b1fe44fa12a59999a3,Ministry of Justice,EXP - PURCHASE OF GOODS/SERVICES - ACCOMMODATION & BLDNG MANAGEMENT - SECURITY AD HOC GUARDING,Ministry of Justice — EXP - PURCHASE OF GOODS/SERVICES - ACCOMMODATION & BLDNG MANAGEMENT - SECURITY AD HOC GUARDING,false,2,154431.64
1507,ecead56295343d5bad3bf47f5474f3039e459e3577e4f827a78ae1af700794d3,Bristol City Council,Equipment - Purchase,Bristol City Council — Equipment - Purchase,false,436,11142938.15
1512,ee1d48b7b9d69c3dcfa7ce565c441651e5bead69e6e7d06a38afff7eecaaec59,City of York Council,Delegated Budget To Schools,City of York Council — Delegated Budget To Schools,false,1056,12769484.54
1534,f1c86f7887a7c7a79a1fb6e9a74cca21b49f136378fa02c12990653bc843949b,Department for Transport,Programme Partner: Non staffing,Department for Transport — Programme Partner: Non staffing,false,3,114881.76
1546,f37ffa88c181960fabaff6c2e15909107197266d09c83225b1a48d3fffd861a5,Ministry of Justice,EXP - PURCHASE OF GOODS/SERVICES - OTHER - Insurance,Ministry of Justice — EXP - PURCHASE OF GOODS/SERVICES - OTHER - Insurance,false,1,2193800
109,1230bcfac1febbe1b88a5e26e6f851b00eb332645c7c3714fb7137e4a2893a13,Bristol City Council,Direct Payments,Bristol City Council — Direct Payments,false,3,3525
143,187e9689ebf0482b5946a8b0e2e0f6a42a1b2ad37995dbc8ea357ba98bccb590,City of York Council,Food,City of York Council — Food,false,124,11346
146,1964a7c9edcfd2178010b06b7f457838f2429e60ed4691a60ff678e86e1d85a0,Bristol City Council,Diesel,Bristol City Council — Diesel,false,61,523825.6
153,1a2363111e944bd90e63e2e2fd4149e03c46ab9e933b4a787c2e2ae5ab6425fb,City of York Council,Holidays & Outings,City of York Council — Holidays & Outings,false,143,3379.99
154,1a7cad69801eefa3e92975bf514b7fbda10c07c628c4a8c1062c3c46506079ae,Manchester City Council,Personal needs of client,Manchester City Council — Personal needs of client,false,490,2200742.73
263,2b6916545329d4a5f4c6a46ea81b32bce55d6eed18d18ce9c1b3755511363c4d,Manchester City Council,Equipment,Manchester City Council — Equipment,false,1173,3679379.69
266,2bab139dabef1af6e70b2b0559c838747cb3e2f5ba91a845ab9571b9646f0d47,Department for Transport,Property Maintenance,Department for Transport — Property Maintenance,false,12,15517972.97
457,49a7d0502962701e2e2c50e62dfe28c85ba76263fd9f3d0ed6b92433f054d2ad,HM Revenue and Customs,Reference books,HM Revenue and Customs — Reference books,false,1,48050.64
465,4af94dd05fb447515f1b281e67ade01e212221c133c6f130986c0a242d789a86,HM Revenue and Customs,Minor Wrks Rec VAT,HM Revenue and Customs — Minor Wrks Rec VAT,false,16,825748.25
485,4ead1032befe5c11644ede29d6f4a63f182893a45ca0d5db7690f11d2e2c022a,Bristol City Council,Computing - Consumables,Bristol City Council — Computing - Consumables,false,4,2731.49
606,619855c03b51b140d1f9a86e0b95eb3a2096955f75f5a361b3982849864ec9b4,Manchester City Council,Fixtures and Fitting,Manchester City Council — Fixtures and Fitting,false,3,10825
722,72e41e6b988a6cc040bdf94515a207eb5850c7c57573093a6f1565c37211feb4,Bristol City Council,Government Grants,Bristol City Council — Government Grants,false,1,151621
894,8bec841535a7502a3e327dbd47eeeadb38737f0cf5a10d47206335b0fd21b1dc,Bristol City Council,Waste Management,Bristol City Council — Waste Management,false,52,79805.24
896,8c4f2699602fbec0a498753c31d92d2de343be563b25b14b90d73c45168b776a,Department for Transport,TA Cost AUC - Programme,Department for Transport — TA Cost AUC - Programme,false,5051,2102048798.37
989,9e2f3126230f878cdfb534c1d3c51445d29547b002998f7058bebc0a636a3caa,Bristol City Council,Grounds Maintenance - Contract,Bristol City Council — Grounds Maintenance - Contract,false,31,59459.6
1122,b31c8c612e3a31c4dad6f03d16690a2f0e9ec57a0ee1ff2ec95780c2e0dae6bb,Department for Transport,BUILDING SERVICE CHARGE,Department for Transport — BUILDING SERVICE CHARGE,false,2,250115.65
1202,be5d4a243f7797f0d3f27ba37a3013635b9744c327159e4bbc3d1d86554857b6,City of York Council,IT Software Purchase,City of York Council — IT Software Purchase,false,74,2097769.46
1300,cd89bffa3769971ae7e9a77d0d888144d42f8734852bcf05a3a2cd7b5077931d,HM Revenue and Customs,Block Charges,HM Revenue and Customs — Block Charges,false,33,7560480.9
1334,d2b54adc9880851f57f11de499de741d41df1fae42ee57f2e9a2d5a055b80c13,Department for Transport,COMPUTER EQUIPMENT S,Department for Transport — COMPUTER EQUIPMENT S,false,7,3199538
1361,d70376cc0b685eb1599cd16213391a831fa8b326b70b996abcfa4b6de2dc9831,Department for Transport,Mark Wrecks - R Montgomery,Department for Transport — Mark Wrecks - R Montgomery,false,2,215767.68
1486,e999722605779b16a933342ba531faa6a01e2378c17ee0337e078f0b9006ca7f,Department for Transport,PROPERTY MAITENANCE - OTHER,Department for Transport — PROPERTY MAITENANCE - OTHER,false,3,148693.89
1597,fa46786c6be7ed14b2b894969cf042ac5a3e91905aa43b7622e14dee0ff619b2,Bristol City Council,TPP - Direct Payments for Children,Bristol City Council — TPP - Direct Payments for Children,false,7,39557.44
1609,fbaec97e49b670c323a32311575a71013683a5477ff359778d426a0e18460795,Department for Transport,Management Consultan,Department for Transport — Management Consultan,false,35,2929536.86
21,0487e165041c50188badae8bc47d490fdc9921982262b9b3d9f541e78112acea,Manchester City Council,Grant Payments,Manchester City Council — Grant Payments,false,201,1662060.53
64,0bc3773244f65ac31cc406f400fcead55d1436dc01146a41483c7fbc734234de,Department for Transport,Medical Advisory Ser,Department for Transport — Medical Advisory Ser,false,30,1211792.1
89,0ece7fd1db57164f3bdb0e89dd431969bd9b257eb32aef79f614e4a3cfe481c1,City of York Council,PH - GUM Clinics,City of York Council — PH - GUM Clinics,false,36,80422.02
107,11c1d1fc3faea2bbac547c23341f542524a3780842d4244397f11fca851a9948,Department for Transport,RM - Utilities,Department for Transport — RM - Utilities,false,19,1047541.13
167,1c30c891d483583dfaa16cf38546747ca6d5d9504561556d7fb020301f7f285e,City of York Council,General Insurance Expenses,City of York Council — General Insurance Expenses,false,6,39832.71
248,290d30e01646adb0eef063661300d9e5dc15ca96e113e63ac0c1ded057429845,City of York Council,Contract Adult Free School Meals,City of York Council — Contract Adult Free School Meals,false,17,2274.9
363,3990d470f52092f662b3f713009bb0841d176e3d0d1c1107b932085a4967a1b9,HM Revenue and Customs,Security printing,HM Revenue and Customs — Security printing,false,12,659717.38
375,3ad064ce9c5ab6b81ff51864c33d9e8747919c6612e2ad9c0aeb402b7b092837,City of York Council,Empty Home Repairs,City of York Council — Empty Home Repairs,false,15,7055
409,41a0ca5d2346877272e2805de92bf4b3da9095df0bbb5f720fc541ca19854d80,Manchester City Council,General Payments not otherwise categorised,Manchester City Council — General Payments not otherwise categorised,false,35,368383.54
478,4dba30a00c8304a965f9c1a101626ce27dad8f8cb7ae368fba05eb4dd08afbbd,Department for Transport,Estates PFI Unitary Service Charge,Department for Transport — Estates PFI Unitary Service Charge,false,4,5932825.65
523,53be65d00ca5064d3e8a26ddd746378d764b574b7b48c1f5a3044b32e78de214,Manchester City Council,PNOR-Other Amenities,Manchester City Council — PNOR-Other Amenities,false,30,37299.29
598,5fe57f2c4049f266cc1e0616ec6a4f99e41fdb5271b737237e6bffdcc66c8a5d,Department for Transport,ICT Software Purchase,Department for Transport — ICT Software Purchase,false,107,42320404.38
808,7f23d9e3044418592172cb559979203f5eb063efdf5fe82a2b94228c966a15c3,Bristol City Council,Council Tax,Bristol City Council — Council Tax,false,4,10054.01
854,8648a2e10e7bca1d6652eff79c17ca8e093db6529fb513f0d4dbfb842672a3a4,Department for Transport,IFRS 16 Irrecoverable VAT - MK Office,Department for Transport — IFRS 16 Irrecoverable VAT - MK Office,false,1,204436.2
862,88262fec6f8dc56665bd3b99127392e20be099549338a643c1f630968a3edfb3,HM Revenue and Customs,Camera lens adapters,HM Revenue and Customs — Camera lens adapters,false,1,9927.98
863,882d35876ba1070dfd834d44e0acccc8604cd78cc94f62b1381cb3ec1f079219,Ministry of Justice,EXP - PURCHASE OF GOODS/SERVICES - OTHER - Professional Fees,Ministry of Justice — EXP - PURCHASE OF GOODS/SERVICES - OTHER - Professional Fees,false,7,1052695.09
932,9351b6f08155127f64b7307481dc541a20cfabc019ec4b207fd9fc26c3db68cf,Bristol City Council,Services - Translation fees,Bristol City Council — Services - Translation fees,false,59,102430.12
934,93bd4a5bec45690c9d02e1f3fc9fc675933a1ae221a17e7e4b78224358065bc8,HM Revenue and Customs,Consultancy-Property,HM Revenue and Customs — Consultancy-Property,false,2,59112
955,985ce8f61bfa79874b912c7b27f5660d2949a830fc4d14787dbbcb6a3f15875d,Manchester City Council,Hire of Premises,Manchester City Council — Hire of Premises,false,199,325001.2
1048,a63202b90f80ea36fb55cf776ee2bff817c3468576deaac7b05f3bf28454f8c1,Ministry of Justice,EXP - PURCHASE OF GOODS/SERVICES - OTHER PROFESSIONAL SERVICES - Legal Services - Government Legal Department,Ministry of Justice — EXP - PURCHASE OF GOODS/SERVICES - OTHER PROFESSIONAL SERVICES - Legal Services - Government Legal Department,false,50,14326356.91
1093,acd0c27fb8c0820fcb94ca8940d086bd5ad78fae1f54085b86ce1e22e4fa35a0,Department for Transport,Vehicle Equipment (Noncap),Department for Transport — Vehicle Equipment (Noncap),false,2,69505.2
1164,b84242d987cc429a730939f39863af2e757150072f9f1da256855df87e7a9319,Department for Transport,Rolling Stock Lease Charge,Department for Transport — Rolling Stock Lease Charge,false,14,2656395.88
1199,be22ddb1f825b5e0ee4c81e42a77dd5548096db1ec7303ca7ed17f165de52700,Department for Transport,Other Debtors,Department for Transport — Other Debtors,false,10,2928267.6
1279,c9a5f4a90e4ca62735346bf703e892c0c9b0230035144db8ee3de1c90237478b,Bristol City Council,Services - Security,Bristol City Council — Services - Security,false,228,8641112.96
1288,cb174a37741ec862e6825b84976a58f609b788e280453fcd7c1746ad3c1eeff4,Bristol City Council,Petrol,Bristol City Council — Petrol,false,28,155798.78
1392,db46421beb9f7e971840351a3491205503ee83ba13f8d037d429687ac2b9f690,Bristol City Council,Pension Contributions,Bristol City Council — Pension Contributions,false,2,34343498
1408,de40874aa23eeaa7a0b074c62b0fed83cb32616b5bcfa5b66ebd20c16a4e399a,Department for Transport,Equip Purch - Non Pol (Noncap),Department for Transport — Equip Purch - Non Pol (Noncap),false,1,78876
1523,f04fbd669269be4d77a58360a1e0301abea9c83f26ad1d8825ddcca1b7e39d21,City of York Council,Sub Contract,City of York Council — Sub Contract,false,783,2878261.67
1527,f08ffad4948adfc461aef05db0f3a77e11ba21c9cf15196a544699ca60013c0c,Bristol City Council,Training Expenses,Bristol City Council — Training Expenses,false,858,2425282.67
1537,f246ad86fb5c6c05435551638cc23fba63ed69991aa6bff6c75324eb14dd670c,HM Revenue and Customs,Bus Int consultancy,HM Revenue and Customs — Bus Int consultancy,false,1,198516
1541,f3163aad02ed5c795ffb8199bdd668c7faf03dfab566c9e175e1a153051fde18,City of York Council,General Landfill,City of York Council — General Landfill,false,76,109532.17
1621,fd4af75a19aec499173cade481a4f92587ef6820e63a9196e634f51b156a1866,Bristol City Council,Tyres,Bristol City Council — Tyres,false,8,4436.12
43,083a711d6a3a7e5b9b96b43c117419a694dcc19933dc966b9f888da9d61e2c7d,Bristol City Council,Acquisition of Buildings,Bristol City Council — Acquisition of Buildings,false,57,13009046.68
79,0d9f84c96a3774ceba8dc829af8e32a6243d91e61601032075a1f048e55cdf94,Manchester City Council,Surplus property Acquisitions,Manchester City Council — Surplus property Acquisitions,false,3,105553.9
84,0ddad02d7b0be5719cf068910289eeae2171d2d29109d0f9cec2067eb87bdd63,Department for Transport,CP - Exercise and Training,Department for Transport — CP - Exercise and Training,false,3,116029.79
131,16762a7e915a622c9bc7661344d1c62a2ea50b32aa46a3d647daac1647f34221,HM Revenue and Customs,Grant in Aid Funding,HM Revenue and Customs — Grant in Aid Funding,false,32,2846027.55
289,2f5a405d37243adaa4bd2898b4a027fe185dbdd325ba7d3a62c8ab7a7e515ee2,Department for Transport,Employee Wellbeing,Department for Transport — Employee Wellbeing,false,2,73930
305,30ddabcf7386196fc6a63f52b7f2296186439df8ae6a4b379a44fe32be97088a,City of York Council,Domestic Supplies,City of York Council — Domestic Supplies,false,6,927.34
545,5768be25af894180c5e6d2414d2181547d7f28745c9ce5b0119abcb6a8552284,Department for Transport,NO PO,Department for Transport — NO PO,false,1,193760.64
776,7a11d4a8990a7ee5be4a197e3f415fc795f67ef7732b122ed09920edc20313d9,City of York Council,Bus Services,City of York Council — Bus Services,false,385,4556191.28
820,80aea879999f92f4fd720a3c9016356ca07721b99b1be7d0b8eb8580af07a5dd,Department for Transport,Payroll - Private Medical,Department for Transport — Payroll - Private Medical,false,10,336484.81
944,9693234711c335db86d398ee1904107bb24b18f2c334c6c63fd6346bee455890,HM Revenue and Customs,Plumbing maint.,HM Revenue and Customs — Plumbing maint.,false,1,27984
996,9f27a12a671f0fb5e13f371d742f3e214b9174909d1fe9b75c59599c7b778592,Department for Transport,MEDIA & PRESS,Department for Transport — MEDIA & PRESS,false,3,308460.78
1037,a4e78ac8421186ffdadb6a377714336bb23eec7b186078bd71ec2f2a0e0f7924,Department for Transport,CRB CHECKS,Department for Transport — CRB CHECKS,false,43,5075108.98
1051,a6d33cd2d2da1bf83d8f678d511e74170165c1d6f3d7b2a761369a4eb53c65b3,Bristol City Council,Comms - Radios,Bristol City Council — Comms - Radios,false,3,4748.32
1098,adff048be0c7aa80e800db5bb9b11b1da08a18eb5afc3f2dd5c654bb203bf641,Department for Transport,Media & Press,Department for Transport — Media & Press,false,1,50000
1100,ae52a48a7fc22b92a6023b9f5187544462729f419ab08625b263bf0ad34c9888,City of York Council,Supplementary Resources,City of York Council — Supplementary Resources,false,17,279269
1117,b29f3841d5bd4794a00bb0148608173f3cf368744aa9181325e76be25dc35f0d,Department for Transport,Leasehold Improvements,Department for Transport — Leasehold Improvements,false,3,223327.16
1217,c064f6853fa676c5a2be1240d6eb02590a04a67aef6066a0e5bfe74f6770a5c8,HM Revenue and Customs,Printing,HM Revenue and Customs — Printing,false,4,167517.53
1331,d2416405db80d99f29fa66e904b14cb556658d416a78477b685debfeee14380f,Manchester City Council,Examination Fees,Manchester City Council — Examination Fees,false,16,118010.35
1367,d7f78b71089b7cee2f84212f2739c4652fa978fd8f50e62672d0895abd186a84,City of York Council,Out of City School Placements,City of York Council — Out of City School Placements,false,15,450616.93
1369,d82e6753bec46f03a74c8c9d8c71515b8692ec0c3293b5419d2fb53776a03cf2,Ministry of Justice,EXP - PURCHASE OF GOODS/SERVICES - TRAINING & DEVELOPMENT,Ministry of Justice — EXP - PURCHASE OF GOODS/SERVICES - TRAINING & DEVELOPMENT,false,76,7166215.88
1374,d91cd1c2f6a6aed0423ad73236f28364c20918404edac127e750c61cd117f779,Manchester City Council,Signers/Interpreters,Manchester City Council — Signers/Interpreters,false,92,109245.16
1441,e42925c22ee686fa153254979108e9853ed5acce59a573ed3cb6154f34fa8b57,Department for Transport,Insurance Expense,Department for Transport — Insurance Expense,false,3,159944.08
1474,e825d08909acfd06c8e1c816958c098ea83fdc27becc02a051b1f4f0126260cb,Department for Transport,L & P Partner: Non staffing,Department for Transport — L & P Partner: Non staffing,false,40,4912957.08
1593,f9606b11454a0f7583cbf919fd788e3cec00d317d37b50b9ea721aabacc60f60,HM Revenue and Customs,Research conslt serv,HM Revenue and Customs — Research conslt serv,false,4,304294.56
1629,fed4186e18692a0588a86efc92e33a6d8aea23ad3e76182a2be3dead75a16cfa,Manchester City Council,Landline Telephone,Manchester City Council — Landline Telephone,false,48,758750.78
82,0dcc0ef9fc97c1298c3894aba68b58da1050c9c9271f440eb6075d2d021f3291,Department for Transport,CONFERENCES / SEMINA,Department for Transport — CONFERENCES / SEMINA,false,2,78862.25
149,199893db5814cf626919b8f06ea444b791c4b1e5b55df367683c4002250daed3,Ministry of Justice,EXP - PURCHASE OF GOODS/SERVICES - TELECOMS - Charges/Rental-non mobile,Ministry of Justice — EXP - PURCHASE OF GOODS/SERVICES - TELECOMS - Charges/Rental-non mobile,false,30,1479086.73
189,1f91e364ced1de68a52294a550968632e33b593675ce880f1e4c90828af99be9,HM Revenue and Customs,Camera tripods,HM Revenue and Customs — Camera tripods,false,2,792.5
202,20aedb99f15a7431fb95b26b8956552d004fe550d7bd6c1de0233c2a09504c68,City of York Council,Window Cleaning,City of York Council — Window Cleaning,false,206,47249.71
255,2a8ecd3faf61939f2b4a77d586114a0190634878afb907820706e063aeb6c2ca,City of York Council,Graffiti,City of York Council — Graffiti,false,5,4381.34
315,32d314946c31453880b406930ceebf84898eaf003edfa479229edd688adc2a5c,Bristol City Council,Photocopier Operating Lease,Bristol City Council — Photocopier Operating Lease,false,25,35380.82
371,3a402e43ec26d5d3e7375c22ee7eb5bab05222dfa43ff36f30f3ecb3f23f88af,Department for Transport,Project Management,Department for Transport — Project Management,false,25,33791995.54
448,47c6e60a6502006918c18263b761c39eadb514bf0d900a86b43906bee2a503f0,City of York Council,Examination and Registration Fees,City of York Council — Examination and Registration Fees,false,269,195323
516,52b4ca0292c7797185c4178c6ac60ab1307cccab70e1790446be4605e7680852,Department for Transport,GR/IR  Secured Stock Clearing Account,Department for Transport — GR/IR  Secured Stock Clearing Account,false,1,39690
715,717f207d7b84a76d42472bd1e172c9beddc2a15a4a7912b2fcae08a8467869c3,City of York Council,Volunteer Travel Expenses,City of York Council — Volunteer Travel Expenses,false,5,843.78
764,781d978d470a287dec4169f82b4f4b49581c689552e5f457e976890ef216cdaf,Department for Transport,Property Valuations,Department for Transport — Property Valuations,false,75,8967768.1
835,83b1c60d31997d2058b4bf4a05da17a9140481bea7a05a98d4ac59a7f63d7696,Manchester City Council,Contract Cleaning External,Manchester City Council — Contract Cleaning External,false,276,1357204.85
846,84ff6567a3c9e466bfea7eb16b71cdb0e27c129be3d216702de264da39bd7dad,City of York Council,Vehicle Repairs,City of York Council — Vehicle Repairs,false,24,12902.1
900,8c82fbf5c2912914f6908ea23d7d7b1085359d7d3aca762a6c27713158b3b769,Manchester City Council,Water - Unmetered,Manchester City Council — Water - Unmetered,false,134,289180.37
1032,a48cdf8f6793272bcce2e9df2dafa7fbed378e376bad2ddde0ffa5ab200b805e,Department for Transport,TEC - Technology Maintenance,Department for Transport — TEC - Technology Maintenance,false,1,47635.44
1057,a75b80632d68863252312e2fe78ed5a915d3a331802dcf317102d31e0894a869,Manchester City Council,Bus Rate - Preceptor,Manchester City Council — Bus Rate - Preceptor,false,11,3552531
1058,a7b0d0375bfdaad068f6ce28ab1dbc38a960ac34139ed0ca30b0ce3331bce6b6,Bristol City Council,Direct payments - Long Term support,Bristol City Council — Direct payments - Long Term support,false,61,33771.26
1101,ae9ed827daa0c7ea51c49b2e5784b5420455fab5ef5257f187e03e9fcfe3db76,City of York Council,Staff Train Travel,City of York Council — Staff Train Travel,false,53,118514.68
1110,b17cf96d9e0db879eea0ed4fc6cedb7a897e4ed4919f419b9fe5b5830130070b,Manchester City Council,VPF&E Adaptations,Manchester City Council — VPF&E Adaptations,false,12,339620.94
1113,b22e54fa9a7fa541b6d1af159e15613979d8b0f3ef3d1a4b046e8788add99f76,Department for Transport,Management Consultancy,Department for Transport — Management Consultancy,false,30,2975169.22
1240,c451d6140d0ec996c1ba72fb9fc0c3d9ca917006fe8d0f999e32e2060a866fbb,Department for Transport,Auc - Non Infrastructure,Department for Transport — Auc - Non Infrastructure,false,3,309680.72
1274,c8d52e5853633cc33c6221d9a68b2a829b5353a5760372591b5193b602cfa9f4,Bristol City Council,Fees - Other,Bristol City Council — Fees - Other,false,1,50090
1425,e1ba869e05ff4e0294281ee6742e29ee2a919aefc54c8e7789a705644429d7a1,Department for Transport,Marketing,Department for Transport — Marketing,false,4,300182.14
1448,e5109477e417a48f93e57b474d30f379e541b5231b767e12079343e4f0c31017,Department for Transport,Software Licence Expense,Department for Transport — Software Licence Expense,false,6,501104.72
1460,e683864e6401f18c88fb1c42ac2e66e74b6f17062cf6866b63ce45f6e690f47a,Department for Transport,Travel - Rail - Standard,Department for Transport — Travel - Rail - Standard,false,1,26259.3
1467,e75fff854dac4a905fc602d957d7a4ee233e6cd1238f400c49cb95804a8e36e6,Department for Transport,Claim - Employer Liability,Department for Transport — Claim - Employer Liability,false,1,30000
1520,eff164703b0897e72ca3b36b7f13d797c4b0953ecb32d4609c8e0ba5e4e2ccee,HM Revenue and Customs,Rent (Irrec VAT),HM Revenue and Customs — Rent (Irrec VAT),false,205,84733728.9
1615,fc4a89d77f2dd7b1e76304f910bb67ef1d49512df261c78d64fd62b95ea89825,Department for Transport,Payroll service provider charges,Department for Transport — Payroll service provider charges,false,2,83333.34
1628,feb608edfa04a387b3b4c6cab1744e152de9d0c1737c434146579dc98eee248f,Manchester City Council,Photocopying,Manchester City Council — Photocopying,false,3,5268.99
1632,ff27b05dbb001e651f6a5ebb6acc134b48c6df4780a6a0684ca3143e85a0258f,City of York Council,Parking Costs,City of York Council — Parking Costs,false,19,3060.25
59,0b3e66bc02a74768217ccc4241237db2674f7c099ba9dfab69ce90843afd8562,Manchester City Council,Removal and Storage of Furniture,Manchester City Council — Removal and Storage of Furniture,false,150,168849.99
199,2087ad3bd19ed577a72ec517cb167f0d5dd8253825ce8931592a10dd929fa5bf,Department for Transport,Application Licensing and Support,Department for Transport — Application Licensing and Support,false,4,122074.88
236,274e06dbe320016a7dacce76c1eb42e64fd190c620a08d275cf52554c41e4303,Department for Transport,CM - Third Party Damage,Department for Transport — CM - Third Party Damage,false,223,21836590.61
318,3326c895430e7ef4dc6b81678b326779f0e53152ac0852ebdd2e093982563291,Manchester City Council,Tipping - Skips,Manchester City Council — Tipping - Skips,false,14,601057.68
447,4792b7fb65734ecdbd1f0dbff65c932d98f666f4cc951d9d0ceb0e4d5a425613,Department for Transport,Conferences / Semina,Department for Transport — Conferences / Semina,false,8,487236.05
452,4893a0f3e6e513b5c8f3b68f1037de0c74648de8aac05e71c1f5919e2ebfd93c,Department for Transport,CPO L&P Payments HS2,Department for Transport — CPO L&P Payments HS2,false,12,4338811.96
518,53711f6681f7374e5ae2433ed32d37529877d64266998c21ef6330f4f47efafb,City of York Council,IT Service Agreements,City of York Council — IT Service Agreements,false,41,189263.68
539,562a6d6f918d4584d0bde7c3a1ceef174487390662f76cccef4643c0f615709b,Department for Transport,Computer Software (non-Capital),Department for Transport — Computer Software (non-Capital),false,6,191592.42
607,61dc506712acd60e9835656c9678a6c89c38ab445ab12217e9b56e12a16d864a,Manchester City Council,Compensation Payments,Manchester City Council — Compensation Payments,false,304,1609027.77
610,62e439a6e03a82b84c9ffc7df7ec598a806957b5ab5c01f42a19d6bc9c6bf201,HM Revenue and Customs,Property mgmt. ser.,HM Revenue and Customs — Property mgmt. ser.,false,23,7399589.77
646,689faa18ae36ee6ff4b5b9e8d88b21ad1863531524efcc0fe8703926699c40a9,Department for Transport,Agency Personnel,Department for Transport — Agency Personnel,false,7,506708.05
690,6c94f12644c1255f882133ed773c49f767d6959d618bf620f0b110dab0a1f05e,Manchester City Council,Purchase of stores for re-distribution,Manchester City Council — Purchase of stores for re-distribution,false,139,287803.64
736,74bc8f3779feac0c418e09c9e27a0fcb8d863803c29f043d6797b9e2d3b8967b,Department for Transport,ICT Software Maintenance,Department for Transport — ICT Software Maintenance,false,83,8605280.41
768,78d4534078136542ad17646278e467aa81a1ea78c6ad932f7de045ad7eb06c4f,Department for Transport,Traffic Survey & Cou,Department for Transport — Traffic Survey & Cou,false,8,726115.19
848,85379af6171175f22d065e5932068931263ad44e7d703fce84a0f7225175f8d7,City of York Council,Engineering Consultancy Services,City of York Council — Engineering Consultancy Services,false,294,1285081.55
1025,a3dd3a535a57fe688a2e6be0d8fbf4b3750c650f019259279d47965f44b45706,City of York Council,Other Agency,City of York Council — Other Agency,false,80,819813.72
1069,a98d29c60d60f75b37f1f66e6a68cc7700b38a1cfeb0d3d04fe5163c1f5d0c47,City of York Council,Non Staff Transport Costs,City of York Council — Non Staff Transport Costs,false,56,25719.59
1072,aa0a5b16ab2217453a0fe15d6971f6b2e46562d8d1cae34dd4f06276d4ebd19c,Bristol City Council,Stationery,Bristol City Council — Stationery,false,108,77005.03
1163,b819a24f0ba1cd1bb73b289049b8b986ff41533c3a0f56e36a1b34f4a802267b,Ministry of Justice,EXP - SHORT-TERM CONTRACT & AGENCY STAFF - FULL COST - Operational,Ministry of Justice — EXP - SHORT-TERM CONTRACT & AGENCY STAFF - FULL COST - Operational,false,2,505615.52
1171,b9500814a5302f6fedc80194ae0e5e473374fd3ee6f889ee6122f044c33ba830,HM Revenue and Customs,Camera power adapter,HM Revenue and Customs — Camera power adapter,false,1,691.85
1296,cca5f1d2f7640870fecbcf610c0c293f17536d15f531c59cb562c6aaa47c7bb8,Ministry of Justice,EXP - PURCHASE OF GOODS/SERVICES -ACCOMM & BLDNG MGMT - MAINTENANCE & REPAIRS,Ministry of Justice — EXP - PURCHASE OF GOODS/SERVICES -ACCOMM & BLDNG MGMT - MAINTENANCE & REPAIRS,false,410,216958271.94
1337,d2fe06ea689d7fb41bd3c8974c7cc5d77887ae31f480874dad424a5d7c34a9cc,Department for Transport,Agency Staff Costs,Department for Transport — Agency Staff Costs,false,49,2884565.61
1366,d7cfcdbe259402e3f8f5287eba2d59eda4941b1dfebf3e1decc33b6c0e9ab0fe,Department for Transport,Non-stock Printing,Department for Transport — Non-stock Printing,false,29,1745449.91
1538,f29f7b720b2364751ad71aeb19647e57f42b42f8e9baa9521d7dca847b3ee806,Department for Transport,Procurement Consul,Department for Transport — Procurement Consul,false,2,101456.2
1550,f40588877a4dbce515c598b09a92875ae084c2df65b172530bd0d3c635421049,HM Revenue and Customs,Contractor Serv Rn,HM Revenue and Customs — Contractor Serv Rn,false,1,683570
1555,f450e602b721c192f8e6e09dd659b22cafdd879ebf48f12fc25e9cab0c2788a0,Department for Transport,SUBCONTRACTED SERVIC,Department for Transport — SUBCONTRACTED SERVIC,false,1,209979
1587,f8565a9200e531c8d9622aa63aca1e610f03601d7de9a2c37d8eaca01459644b,Department for Transport,Subs - Imo Annual,Department for Transport — Subs - Imo Annual,false,1,977132
4,00eb9b84b975f43932f33b187b69f6d1d514f30ff9aeba00f577214133910e3c,City of York Council,Contract Pupil Free School Meals,City of York Council — Contract Pupil Free School Meals,false,75,444886.76
29,05dcf916a7098fbdc1a53f2b35d316928583e0efd4d320b889dc332c34ecf4ff,Department for Transport,PERIODICALS & SUBSCRIPTIONS,Department for Transport — PERIODICALS & SUBSCRIPTIONS,false,1,30240
53,0a3c42e4e83301359c95abc4294a665ced7a69f9723654d91260d89801387972,Manchester City Council,CPAD AR Pymnt Suspen,Manchester City Council — CPAD AR Pymnt Suspen,false,4,-3040.32
85,0e00cbe7650a2a602a0cbfa66dbad0d41d901ecb1fe5b964461d1be59d31d102,Ministry of Justice,EXP-PURCHASE OF GOODS/SERVICES-OTHER PROF SERVICES-COMMERCIAL&CONTRACT MANAGMNT,Ministry of Justice — EXP-PURCHASE OF GOODS/SERVICES-OTHER PROF SERVICES-COMMERCIAL&CONTRACT MANAGMNT,false,22,18553140.63
116,12af51425d5e1bf83793c6f90e239726441cb90194b39c8e359270e3d75850a3,Department for Transport,Training,Department for Transport — Training,false,53,4317268.66
174,1d3fbd477ad033116b281301f4b8dab32ec12531585b3de9454c96921d15c917,Bristol City Council,TPP - Placement Foster Care Inhouse,Bristol City Council — TPP - Placement Foster Care Inhouse,false,14,18663.47
212,2261192837e980e341a5ade884f7da7d0be4896526501e5839eecce7ebf6c152,Department for Transport,WATER,Department for Transport — WATER,false,6,338168.61
335,356dda0ea8a33849cba76d0e7ecbc887950ab07ef6949965786990998d906fcb,Department for Transport,Other Contractor Services,Department for Transport — Other Contractor Services,false,6,262462.34
459,4a4e8c0a7d9e70a1fe5ebcb96f5ec2141271107461626ea194e903f5475171e9,Ministry of Justice,EXP - PURCHASE OF GOODS/SERVICES - NETWORKING - Networks WAN/LAN,Ministry of Justice — EXP - PURCHASE OF GOODS/SERVICES - NETWORKING - Networks WAN/LAN,false,288,42476706.84
519,5389d68a95703826547a631df378b0973376762902d8aaec3f9a31c8e500a75f,Manchester City Council,PNOR-Clothing,Manchester City Council — PNOR-Clothing,false,16,10814
536,55c4e7d5ac29b87bce8ed30aa910dfe6241ba1eecdae61c0293515085e2ae276,Department for Transport,Other Professional Fees,Department for Transport — Other Professional Fees,false,12,2089650.13
617,6390fee2e144a49dd7c5bb406f17dcaddf83a6d1b405c9430ed93ffcdf64c45c,Manchester City Council,Pay non Manc LAC Sch,Manchester City Council — Pay non Manc LAC Sch,false,1,650
639,67747b4f93f414ffecb9494e0c726a66a6971c3285f7026565ee76d6a40f9137,Department for Transport,TSS (TECHNICAL SERVICE SUPPORT),Department for Transport — TSS (TECHNICAL SERVICE SUPPORT),false,31,2065716.42
657,69c5273f809275235710418474fd050f768dacd18b7b53942f1db0f806e27188,Department for Transport,SMALL SOFTWARE,Department for Transport — SMALL SOFTWARE,false,10,700881.06
671,6add156ef594e692d402b67ee3f470bd471d50e84cfa072f1e89a86bc690597f,City of York Council,Passenger Lifts,City of York Council — Passenger Lifts,false,160,54078.66
681,6b93a47840da76f93c23fd877b47ad635bf4f66e6c0c716f4bf7addad528a9bd,Bristol City Council,TPP - Adult placement schemes,Bristol City Council — TPP - Adult placement schemes,false,11,8255.28
689,6c84b2c315ab4f2c02aee6137b2a3cfb0ba49e8e203982641245816d9c222b5f,Manchester City Council,RNH Respite Payments,Manchester City Council — RNH Respite Payments,false,5,7905.05
727,736b468959a2720611ffe1777182151df386660c75cd65ca374ef940aba2351c,Department for Transport,Technical Partner: Non staffing,Department for Transport — Technical Partner: Non staffing,false,40,29794077.15
763,780e7ab62ba7d225ad46253930eee9abfee758b30c43ea204f27f86e54d88f88,City of York Council,Market Research,City of York Council — Market Research,false,1,20000
880,8a385a5729d1ef0e5caea983ab25cbacb1afb6d0e3c584548344c3776d5d49cc,Ministry of Justice,EXP - SHORT-TERM CONTRACT & AGENCY STAFF - FULL COST - Specialist / Professional,Ministry of Justice — EXP - SHORT-TERM CONTRACT & AGENCY STAFF - FULL COST - Specialist / Professional,false,56,2170965.65
913,8eb3191569ac271221543ad246292aab15e5104894d5eb1f6476cdbcb6b180dd,Manchester City Council,Transport and Driver Hire,Manchester City Council — Transport and Driver Hire,false,7,13195
936,93ec3e983ff599884a4c4a297744a4fe5baa8ae18dfa7432386f9ff85d35504a,Ministry of Justice,EXP - PURCHASE OF GOODS/SERVICES - OFFICE RELATED - Reprographics,Ministry of Justice — EXP - PURCHASE OF GOODS/SERVICES - OFFICE RELATED - Reprographics,false,13,878112.82
1034,a499d75f294fdbcfaf502e6e1a6aa4b53acb35c082398815749e799b7c0f0d5e,Bristol City Council,External Professional Fees,Bristol City Council — External Professional Fees,false,1178,32247046.25
1097,ad81a3533b582c113b1eff56e4d71c36e907929887b606de3d1584b0435592a2,City of York Council,Plant & Equipment Purchase,City of York Council — Plant & Equipment Purchase,false,810,5986869.35
1148,b6a7c82c8875e6e2b96f9ec335a1b463118bb6faa8201a20566c2ed16e4882eb,Department for Transport,TRAVEL EXPENSES UK,Department for Transport — TRAVEL EXPENSES UK,false,12,4163138.16
1254,c60823a8129b2fc45c54b7afc15b9b2a334e05caca78718712b4d6be240c703a,Manchester City Council,Joint Authorities TP,Manchester City Council — Joint Authorities TP,false,1,2800
1256,c63da7100616a67d47be814d6cbbd9724780ccaaca471c0b48678d1351f90abd,Department for Transport,Room Hire,Department for Transport — Room Hire,false,1,35334.5
1267,c7cac1615b0a628de2c73a5d88dd61e16f1844e7886816355ff46b9b47832a76,Department for Transport,OFFEQUIP (NON-CAP),Department for Transport — OFFEQUIP (NON-CAP),false,1,25863.11
1355,d5e1d871c43110835fb3a2d6f4555c7a337e3a1bde19eeee80f48ca6b6c9e588,Manchester City Council,Planning Invalid,Manchester City Council — Planning Invalid,false,32,69321
1409,de55c132261345f2e13b7cbdeeb8442e2990b85971b2f452bcdfa673d7abbba5,Department for Transport,TESTING/TRAINING - M,Department for Transport — TESTING/TRAINING - M,false,1,84528.67
1435,e322a60261959abcbc93d4bb260e43de59f0b6c202a47891eee20269a32f8798,Department for Transport,EAO RENT REFUND ALLOW,Department for Transport — EAO RENT REFUND ALLOW,false,1,30049.39
1524,f05cbecee89a3abc8618f125a1553522d6383eaecce6d4a7dbf8c0a6a7492950,Department for Transport,ITConsul-Non Rec,Department for Transport — ITConsul-Non Rec,false,114,14105149.86
1533,f190095873f03210450eaeb85d62c6f689aa7f31d1299a82c0663e1d9372c43e,Manchester City Council,Payments to Academie,Manchester City Council — Payments to Academie,false,72,335071.38
1584,f7df15b199093d0f4cbdd61b44e79c435fcf8c844ad0878a997c3cda0cafa727,Ministry of Justice,EXP - PURCHASE OF GOODS/SERVICES - OTHER PROFESSIONAL SERVICES - Research costs,Ministry of Justice — EXP - PURCHASE OF GOODS/SERVICES - OTHER PROFESSIONAL SERVICES - Research costs,false,75,3285034.3
1586,f839713caa91e8f587195849f3f3ef0a38c70f2142fee4469c1ca97373dd789d,Department for Transport,Car Tax & Insurance,Department for Transport — Car Tax & Insurance,false,11,574102
1600,fab617c39ab8f49f5c625e8c88ca2b4416fba9e488aeb994e3f300313e3b5d1e,Department for Transport,Recruitment - Pre-employment checks,Department for Transport — Recruitment - Pre-employment checks,false,1,27960
66,0c0804579c59b8f238f8504c4f098a7f1060eed45f8440eb5cdc0241c5ac2aba,Bristol City Council,Vehicle Maintenance - Contract,Bristol City Council — Vehicle Maintenance - Contract,false,40,60408.5
69,0c4e8a05fe0307838e000c9a2235a14673cf55b0dabafa108d524346491d91e5,Bristol City Council,Loans & Other Financial Assistance,Bristol City Council — Loans & Other Financial Assistance,false,12,230079.32
142,1875ec115bf76632ea1b2e75880688abb988014855174362ff0e05b1a01fd12b,City of York Council,Signage,City of York Council — Signage,false,19,13285.74
253,2a0ca364024f6a560a98500db62e6ca179844dbdb61dc206c34eace5134b877c,Bristol City Council,Other Grants,Bristol City Council — Other Grants,false,1,16977.18
256,2aa118100f040120bce04d1b012d353fbb9091092aff12756a03a26e055da57d,Department for Transport,SAR Sat Communication,Department for Transport — SAR Sat Communication,false,1,253000
260,2b32502abda5933a00415b7bfd5989ea9c3f8588cc0ac6e4eeae521f33cb3c63,Ministry of Justice,EXP - PURCHASE OF GOODS/SERVICES - TELECOMS - Purchase - mobile,Ministry of Justice — EXP - PURCHASE OF GOODS/SERVICES - TELECOMS - Purchase - mobile,false,1,49050
268,2be0f34c1545dbb1250fbc083ada5c22d58609b9993ae5bce36e3a387de5b0ad,Department for Transport,Professional Service Contractors,Department for Transport — Professional Service Contractors,false,2,261428.46
325,33f8830e480f357c24a8e9d47ad569e5464a1dcdcb932421ab267b2d91da1e10,Department for Transport,TRAVEL MANAGEMENT CHARGES,Department for Transport — TRAVEL MANAGEMENT CHARGES,false,1,393188.52
341,363744c05a998bfb77e051337882a93095104b93e1adff9b32451fd9d1f5f0c1,Bristol City Council,Intangible Assets / Computer Software,Bristol City Council — Intangible Assets / Computer Software,false,49,516481.94
388,3e37dc6e965cd268ca437850b3b8c5b7366fbf10714b86f76b59a3042859d305,Department for Transport,Vehicle Hire,Department for Transport — Vehicle Hire,false,6,321186.21
454,495c0c0b9a1511c71d984711cee393cfa53d4e9faee48599a77ccb615e4021f8,Manchester City Council,GRIR,Manchester City Council — GRIR,false,64,-827994.75
687,6c25b5f297791326d7ba75ae43d67934f9ac6a178f54a84a9f04084870b0bc9c,Department for Transport,Subsidies Private Se,Department for Transport — Subsidies Private Se,false,1946,510965362.02
740,751cd4e522b3f83c9bbc9f298b2e581c8c30fd8ac9629aecea49a7b378c4efa1,Department for Transport,Professional Services,Department for Transport — Professional Services,false,366,86940858.66
773,799ed44e89418aa471565e61bbc257050927801a3bb559e293176bdd84317765,HM Revenue and Customs,Electronic magazines,HM Revenue and Customs — Electronic magazines,false,1,30210
893,8bbefa81786bd9080ade3983b731dd161ac5fd7e5f77296d262796e8816404d6,City of York Council,Non Stock Equipment,City of York Council — Non Stock Equipment,false,191,88706.83
914,8ee26a60c30c417c00af2caf7fec8a6b303d80b445ab93600e36df500b1ada30,Manchester City Council,Equipment Operating Lease,Manchester City Council — Equipment Operating Lease,false,21,109319.64
966,9ab2777c68e23e690b210f03434b6c7d44466f65591904f3e8141138c3b89307,HM Revenue and Customs,FIS Spec Req - Res,HM Revenue and Customs — FIS Spec Req - Res,false,18,1528051.21
1031,a46da230b10fd9fa0283695958ccd570118028510f285e2a964ed1f507ea79d1,HM Revenue and Customs,Contingent Labr-Ops,HM Revenue and Customs — Contingent Labr-Ops,false,3,462545.39
1075,aa9933ab1bc57ae74bc31cf9fb731844f2ac723b83c65f970ad6a42408191f60,HM Revenue and Customs,SW Lic Sup Off shlf,HM Revenue and Customs — SW Lic Sup Off shlf,false,177,29168859.27
1088,ac502659b41b12b0a6dc4cf065ccb314866d8565346bd67c8fa66b852d4ce010,HM Revenue and Customs,Cons COS 52 (Ir VAT),HM Revenue and Customs — Cons COS 52 (Ir VAT),false,7,780004.09
1218,c07537b0398f4935f625d714753838273959c0158d3c2e335991cffe2ebcb996,Department for Transport,LGV/PCV TAX & INSURANCE,Department for Transport — LGV/PCV TAX & INSURANCE,false,1,66185.28
1224,c1e2db4a82aeca30873aeb00d9001c690ddfc34991e5d8ae6966789bd2a6eb94,Ministry of Justice,PPE - INFORMATION TECHNOLOGY (OWNED) - COST - ADDITIONS - Computers,Ministry of Justice — PPE - INFORMATION TECHNOLOGY (OWNED) - COST - ADDITIONS - Computers,false,39,15743486.07
1289,cb5df6c9f035f3dc6753d055bb043027fe62feac5232f5467c7c94fa315ed03e,City of York Council,Overpayment Account Raised,City of York Council — Overpayment Account Raised,false,2,3647.21
1347,d4b9bb86bf0cf497380ca110dc791c77a21071f552bf7d8b239db65c4d1669f4,Department for Transport,Uniforms,Department for Transport — Uniforms,false,1,25617.9
1378,d984c13215250707f300c8713bb045d63fdd73832f6365b815019b841ab9bf01,City of York Council,Grounds Maintenance (Day to Day),City of York Council — Grounds Maintenance (Day to Day),false,103,449844.19
1434,e31c0a771ba5112a99b9841a5ce3b54c3f01adfde8df21e6a9e1eefdb643457c,HM Revenue and Customs,Fuelling of vehicles,HM Revenue and Customs — Fuelling of vehicles,false,1,29768.64
1438,e3dec5a614a7750e86089fae2960542e8976bdfab3785b0219be12a40f978754,Department for Transport,Non Stock Machine Consumables,Department for Transport — Non Stock Machine Consumables,false,8,2632125.6
1449,e51b9c3915fd970945575822b99be91b09c5126dcf4ed1bf2f3493825eba9745,Manchester City Council,Advertising,Manchester City Council — Advertising,false,260,923895.74
1484,e9925d2847fbb2e0e99d4d80d3f35a2277833321d0de42dae5d7f643f931b130,City of York Council,Quantity Surveyor,City of York Council — Quantity Surveyor,false,17,60010.56
1522,f02402a29d50f7dfe96ca85ed0d728df8f77944754bb22fc7263566c197ea903,Department for Transport,Operational Vehicle consumables,Department for Transport — Operational Vehicle consumables,false,7,552691.67
1596,fa227ac7c27780c108903dd3e8ab9437db2d4e7ca544f7afa38dd87591acf2e5,Department for Transport,Adhoc Mtce - Buildings,Department for Transport — Adhoc Mtce - Buildings,false,4,851649.94
1599,fa97757862a7ce4e1d3fd743b9376a1e1a12815ecb16a711d73e233308a2f5ba,Bristol City Council,Transport Dept Charges,Bristol City Council — Transport Dept Charges,false,659,14155991.69
104,112ed4e41fb579cdf026662da0cb95522001dc13fd259cb714e0a603934f7ba3,City of York Council,Asbestos,City of York Council — Asbestos,false,12,5570.64
156,1ac6fbb4d059bfcb73ff06b3e4db854fa71ec21eaa2662291fb4d30033ecbfed,Manchester City Council,Surplus property Fees,Manchester City Council — Surplus property Fees,false,15,1403386.12
159,1b382e1ed7c961a9109efd838181d0a52ebaf02dff2d66979afc4726b439230a,Department for Transport,Provision Expense RDEL,Department for Transport — Provision Expense RDEL,false,1,193760.64
306,30df560fec83e677ef699790fd6b7728ab591e348e63909152e83f5a3bb0e77e,Department for Transport,Photocopier Service Charge,Department for Transport — Photocopier Service Charge,false,3,185116.37
389,3eb0901f9c1a1ddf355595c8ef6cceed0fce8d664139f02fc3e60f21c9f48758,Department for Transport,Hardware,Department for Transport — Hardware,false,3,248339.81
436,45c0412e43051096f2500de0b17cde0ce12148c2d983e184bb575afe2d560f5f,Bristol City Council,Agency Staff,Bristol City Council — Agency Staff,false,3364,24547659.74
463,4aa158ebc1b07c1ba4ec8d799d82e4d6b210dd17c941d7206fda4849bd47e5bc,HM Revenue and Customs,Contact Platform Ser,HM Revenue and Customs — Contact Platform Ser,false,80,16341446.28
479,4e1693c50a28878180273dee8f0e6c3f11ff1978d85045dafbcd69b24699f370,HM Revenue and Customs,Pension Admin Svices,HM Revenue and Customs — Pension Admin Svices,false,3,144000
505,52389eb232a1280f91d2b4e79462c1198cb8a8b8faf341e3980af43af981bedf,Department for Transport,Network Transmission,Department for Transport — Network Transmission,false,2,127978.56
506,524f21ef2041a4f76180ffc37aea8ed29c444caeeec0e4f760616b0c453770d8,Manchester City Council,Car Parking Expenses,Manchester City Council — Car Parking Expenses,false,3,3849.99
553,58dff27cfb74aebf16c6af1a960f60a91025542e13c4257088e3b2dd00d0314f,HM Revenue and Customs,Network Voice Serv,HM Revenue and Customs — Network Voice Serv,false,4,58991.39
563,5a6222b2faeae253f71c0ca9bb03d60185d75489940335a840d7d770b1abffc2,Department for Transport,Pensions Contribution,Department for Transport — Pensions Contribution,false,64,47252410.04
576,5d4342650ccec869e3f86a77f8e6e1ae50d614623b1e2a38ef48e7ba2ff58d70,Department for Transport,Surveys - Non Premises,Department for Transport — Surveys - Non Premises,false,1,172800
584,5e3c4f21452c55a247821c7a7d732e506e1feec9db5144363db0fdeee737214a,Department for Transport,Official hospitality,Department for Transport — Official hospitality,false,2,59076.68
604,611501d4276a51481a1d77c639032a96c37aa63b15434cf35d2b39a6f28debe2,Ministry of Justice,EXP - PURCHASE OF GOODS/SERVICES - OTHER - Storage services,Ministry of Justice — EXP - PURCHASE OF GOODS/SERVICES - OTHER - Storage services,false,31,2195617.56
663,6a5f8d6c9e25b1a515e5be5c4010005d8fb77101cc53596e7319d3fe78287714,Ministry of Justice,EXP - PURCHASE OF GOODS/SERVICES - OTHER - Translation / Interpreting Services,Ministry of Justice — EXP - PURCHASE OF GOODS/SERVICES - OTHER - Translation / Interpreting Services,false,1,-30815.57
707,709f0414ea54cf79368889e36f392eee95c610820094fbf61112fe7209c664f0,City of York Council,Cleaning Equipment,City of York Council — Cleaning Equipment,false,2,789.8
734,746c07e7aa22aea8533b123d43e06d4304abda7bae1b0965e1fe98f86ab9e174,Manchester City Council,Legal Fees,Manchester City Council — Legal Fees,false,1155,5384165.99
791,7bec6653cf286ae4a233972e4ee35194a83fea7feddb399f8bc6b3b4dda0662a,City of York Council,Training and Development Costs,City of York Council — Training and Development Costs,false,113,119911.21
871,89002beeae4e71bd645a9ffeb897e50e366f04d2ec7f52acc2d0eaa676278aa8,City of York Council,Refuse Collection,City of York Council — Refuse Collection,false,606,458004.61
956,98768e87363eda6fe5925892fab532b525ab0a8981aba35467f913febb1448c6,Department for Transport,Asset sale proceeds - clearing,Department for Transport — Asset sale proceeds - clearing,false,2,370000
1014,a209976ce7bacfd33a5464d5fac1047be77e404d0fe18a58b158a82ff9c2687c,Bristol City Council,Clothing / Uniforms,Bristol City Council — Clothing / Uniforms,false,29,24132.64
1016,a23241ebd0b4e5077364b86b839f358a61cb9f014b29108564af8051ce2def75,City of York Council,Maintenance of Equipment Re-active,City of York Council — Maintenance of Equipment Re-active,false,9,6343.15
1129,b41c6fdb052ba7c49bddb3a85e2feddd2f2aebdf45a543a48808c6c5b8ae8988,City of York Council,Bank Charges,City of York Council — Bank Charges,false,46,19918.39
1151,b6ef68ea0398332f7f32eecad581d166b7842284084db811f748fe629159e99a,City of York Council,Clerk of Works,City of York Council — Clerk of Works,false,17,46409.44
1152,b6fbed43f8ac29d2b81283a5d941c00e4b9411800d46bb454e2eef043b81820a,Department for Transport,Mail Collection/Deli,Department for Transport — Mail Collection/Deli,false,257,51124430.09
1257,c64a6b6a7c3f19dc87385f9d9b3a2d1992e39bd2dd2e83243d8c9a8b5bd91edc,Manchester City Council,Fines,Manchester City Council — Fines,false,3,700
1307,ce5fee667446399da21704fffe3ef239ed7e11d9b01a8b8c2d8c2be58cc69f4d,HM Revenue and Customs,Consultancy - Market,HM Revenue and Customs — Consultancy - Market,false,16,1433243.37
1323,d1bd36c3e2a77f822da58a0501295e94048bf1f5997587c5e79697d9f7e63299,Department for Transport,Copyright Fees,Department for Transport — Copyright Fees,false,2,71409.6
1391,db43e374359df7aab9234db9ae837d0a43cd0982193253a5cd83ec8766a4ed37,Manchester City Council,Rates,Manchester City Council — Rates,false,523,11822825.7
1519,ef7af54c8f1c4548e80c9f25f205a9323cbb6a3ad96981e5f1e45856a12cc803,Department for Transport,Engineering Services - Civil,Department for Transport — Engineering Services - Civil,false,77,54180583.32
1525,f06b3a86210163175859bf696ac9c743a3566120d1be0486433912d64ab5cd46,City of York Council,Facilities Hire,City of York Council — Facilities Hire,false,5,3020.4
1528,f0bfade4ce25bd7844724cc8184227ccb560f7f313888dfbdafaec8dcb0a8ca6,Department for Transport,TOCRevenue(Pub),Department for Transport — TOCRevenue(Pub),false,55,129564136.07
1606,fb4cbe5434f2a5615925244e6723163f5b748ea704cb1defd9c8f18519a98c95,Bristol City Council,Professional Fees,Bristol City Council — Professional Fees,false,1,24380
11,01d09dae2a530551ced4f546dd7dcacfe86ebeb833f36199d504a14ae833b85e,Department for Transport,Other Legal Fees Defence,Department for Transport — Other Legal Fees Defence,false,1,30900.09
24,04f5e545090a7bb38e1d289372c7e69e7ac7ad1ab3860bf2d3769aef88288e34,HM Revenue and Customs,Legal services,HM Revenue and Customs — Legal services,false,3,82495.41
128,15e58a9045d09c5a088b4fa767bd936beef0afc1e00d0549e8e687c762929d55,Department for Transport,Treasury Solicitors,Department for Transport — Treasury Solicitors,false,5,29963000
195,1fff5ac7580cc32a02e44b5c298cd5533cb16042919cf7aba6f9590c455c8957,Department for Transport,Eurotunnel Admin Pay,Department for Transport — Eurotunnel Admin Pay,false,49,361874032.98
254,2a5f276b69c6480f439e56dc6f65ca2c2729bb15200659826fce316b2df133f1,Department for Transport,THEORY TEST VARIABLE CHARGE,Department for Transport — THEORY TEST VARIABLE CHARGE,false,7,6796894.94
262,2b683b77f24aedfd40a18b9caac8196c8bfde0f7a508950a49154e6a7c52895c,Department for Transport,CM - Tunnel Maintenance,Department for Transport — CM - Tunnel Maintenance,false,5,671728.37
304,30d9299596c819d333bd9f6c8f162c813541850b505a749cfa6770b1e934d982,Department for Transport,Staff reward scheme costs,Department for Transport — Staff reward scheme costs,false,16,563450
324,33e2960fbb344451549b60d26913acb08da9ee3bdb3ff8d626037667f7ddc0d5,Department for Transport,Bus&Rail Fares/ Hotel accommondation/ Air fares,Department for Transport — Bus&Rail Fares/ Hotel accommondation/ Air fares,false,1,117490.77
440,467f95e36e92e25553b110d7964d9bef42af299f6befb7ad7fcb09248049bd12,HM Revenue and Customs,Mobile Tel Charges,HM Revenue and Customs — Mobile Tel Charges,false,11,160090.18
533,55a148d48eaa9b1dcb950df0373c07b4381c68ac84f2478af8b9cdbfd3fbb6c3,Department for Transport,Research Technical,Department for Transport — Research Technical,false,1,45000
602,6083592d789e50d7f8e27a01758aee6dc41d337f151ccd2370708af81eaff2db,Department for Transport,Capital Subs To Tocs,Department for Transport — Capital Subs To Tocs,false,129,194328980.74
692,6d4747134dc32724cee4f65415040a3dd9bbb4ece418a9d6eed942637d3ac3f7,Bristol City Council,Contract Cleaning,Bristol City Council — Contract Cleaning,false,100,182834.53
747,7607b88986e9b483a0d0c6cd9a33efa837294b3baea8d612a08c93c777d19df7,HM Revenue and Customs,EU supply - Irr VAT,HM Revenue and Customs — EU supply - Irr VAT,false,1,29700
782,7a8b8feafe38bde82f9a88b125dfc0b573182171ccf0c93c29f96dc39c0ff044,HM Revenue and Customs,Fast Strm VAT Exmpt,HM Revenue and Customs — Fast Strm VAT Exmpt,false,13,2082482.83
865,88637acfb28e421f27dd94cde08ca40fe680bfc550d5c8be002b8c450f72ad51,HM Revenue and Customs,Employee education,HM Revenue and Customs — Employee education,false,97,3843956.74
869,888c796cc1bae4869a5823d31cbfad75adb58e12a7c331474dd07c0f0dbf4d28,Department for Transport,Land Referencing,Department for Transport — Land Referencing,false,75,6509685.66
904,8d863233e8ed8cd449adbb1b5717f0bd90f2bfb9ccf760e81eddee843b791525,Bristol City Council,Equipment - Hire,Bristol City Council — Equipment - Hire,false,30,62208.88
916,8fa5644c9de914a89371aee8faba8b1a0295763123a87540f07e57a12550c1a9,Bristol City Council,Business Rates,Bristol City Council — Business Rates,false,10,273577.16
919,8fdc9407b1d831845521307687c9a5e9d224075e577ed62bd0132eaa1adb5cf9,Manchester City Council,Insurance,Manchester City Council — Insurance,false,90,3926251.19
1127,b3a3a2557a55f1138b143d41c97afc6e86e734e5e0c6ade7aed64f9d312c8a31,City of York Council,Non Statutory Service Grants,City of York Council — Non Statutory Service Grants,false,675,3810814.06
1169,b928b47c9ae0f5d2195f8bb18b6224a769095acdda1336cf53b0bd91f80ad370,Department for Transport,ESTATE LEGAL ADVISOR,Department for Transport — ESTATE LEGAL ADVISOR,false,4,146595.66
1205,be75fdaf94baf7c1d2752e24d1272f145f2a5fb099aebf85b1c2c08127f18393,City of York Council,PH - Pharmacies,City of York Council — PH - Pharmacies,false,7,2573.2
1215,bfbaf783e44ceb078212d10844e9bf61fa8584ff6b015523f2d7c9e63415e9a5,Manchester City Council,Responsive Repairs Work,Manchester City Council — Responsive Repairs Work,false,318,21640113.12
1370,d8ba660c3423ea2bc76d4e13cf162fe921b85617195e21ef695dd7c2e23e1edc,Department for Transport,IT (Owned) IT Hardware,Department for Transport — IT (Owned) IT Hardware,false,1,64138
1388,db0cea34f6123d4d7a4da95984c980fed5df53316abafb6a2ea62d3c2b07ad04,City of York Council,Property Consultancy Services,City of York Council — Property Consultancy Services,false,15,287974.8
1419,e063166b7efbeffa653028250cb502ced5be95154d89ce9fefa3733e16d8e70c,Manchester City Council,Liquid Contnr Recycl,Manchester City Council — Liquid Contnr Recycl,false,11,77373.39
1505,ec9d6a8a23d9d08fb3721285e11829a8779e4fd9fc40f9e331abf7aa3fc5178c,Bristol City Council,Bicycle Allowance,Bristol City Council — Bicycle Allowance,false,19,148309.67
1521,f01669f779df32e2b6cf82621da915778c7d2717a650666bf16073aade4ab823,City of York Council,Books and Publications,City of York Council — Books and Publications,false,50,111152.59
1530,f11c62c889e2fb169f49105ebb09d5c7dcbc5f273aad22c74c2067999234b073,Department for Transport,TESTING/TRAINING - MOTORCYCLE HIRE,Department for Transport — TESTING/TRAINING - MOTORCYCLE HIRE,false,5,408667.5
1561,f51a0031071991986b5447f7164d1612d36dbc97daa9a6eff2f5d6d406fa05c1,Department for Transport,"Printing, Publication & Stationery","Department for Transport — Printing, Publication & Stationery",false,14,566576.29
105,11301f246d4b7307a0e98299f82b551082ff834331b5706373a7ae4fdef14039,Manchester City Council,Third party payments to other Local Authorities,Manchester City Council — Third party payments to other Local Authorities,false,1637,44047084.36
182,1e9194be9b924795606d65869a462634d3a5a1ffbee3b064f8d712b77999e12c,Department for Transport,Salt,Department for Transport — Salt,false,27,982070.25
222,24d3f8908b57d05a394f58604e443d8d53ebdc2e4af1777b2f3e69762f9ce13c,Department for Transport,Government Broker Costs,Department for Transport — Government Broker Costs,false,3,234796.57
239,282073fae35567f48d3b83ac95c0ec608c06c565c84791a09248340b784d348a,Bristol City Council,Hire of Taxis,Bristol City Council — Hire of Taxis,false,65,96029.73
272,2c8f28d11cb690afd0032f2fa89886a6cc1019a14c6506af3c6357b112e9136d,Department for Transport,RECRUITMENT,Department for Transport — RECRUITMENT,false,6,1896846.08
355,37f89a3437911ab498f0bd0a25f88a6499eb86a2d1a154308e05cc996307ab6d,Bristol City Council,TPP - Waste Collection,Bristol City Council — TPP - Waste Collection,false,14,25382.25
492,4f7c42e65cd33da28e6f1ee3b88c57a30cca289138e65d347cb981735ee2bf61,Manchester City Council,Temp Care - Nursing,Manchester City Council — Temp Care - Nursing,false,482,2790630.01
503,51c4a0a0145c098725879a89c3be776e4abb1acbe3ad7d6c610cde7ded7ad25f,Department for Transport,Contractor Costs,Department for Transport — Contractor Costs,false,856,164396806.95
555,58fe0cc9470588476905d38d2196472aba3690c1e5f6cda8de7b7a1057940901,City of York Council,Maintenance of Equipment Pro-active,City of York Council — Maintenance of Equipment Pro-active,false,120,109147.02
589,5efe83ddf02d63a3e2bcea539c7a16a13830a84b8c1da2247aacb6e07b413632,Department for Transport,ESTATE LEGAL ADVISORS,Department for Transport — ESTATE LEGAL ADVISORS,false,1,155000
645,68883dc3fe5fabba821c4449196486682a15f1eaa2a33a33b2d03bd6c75da623,Bristol City Council,Refuse Collection,Bristol City Council — Refuse Collection,false,24,18218.22
703,70083650df9b3fb95957521a2e82246fade820d8f52dec52b0355b907bf8d149,HM Revenue and Customs,Cycle Purchase for Staff - Cycle to Work Scheme,HM Revenue and Customs — Cycle Purchase for Staff - Cycle to Work Scheme,false,15,523444.09
757,76d17e4c719f7bc453b8ee09df86a7e9e477592730ccc1d1d1a03cd5b66193a7,Department for Transport,FinanConsul-Non Rec,Department for Transport — FinanConsul-Non Rec,false,4,200000
802,7e1b7fff209c07d195f2ea34b17f9766adcd1827d26d35d687625a123d7b204e,Manchester City Council,Levies,Manchester City Council — Levies,false,40,122644369.83
933,93a8c88a430289d9b4669aec358b5d81ae4664e42850ad6935bce0e0a6914268,HM Revenue and Customs,Mail sealing machine,HM Revenue and Customs — Mail sealing machine,false,1,33894
977,9c3d3b7d798024f5b9f0dbf130e5c414d024bfef2fedf5489a4c9195870f04fc,Department for Transport,Legal Services,Department for Transport — Legal Services,false,37,2412829.41
1020,a369403a1a9630f690f444b7d120e2dfd2070bed6d617d49112d6ab6a080a9ff,City of York Council,PH - Acute Services,City of York Council — PH - Acute Services,false,14,112520
1030,a435139f2db549adac4641a49d7cd51b1dc0c30167d5518036208269741f3eb1,Department for Transport,TA Renewal of Structures - Capital,Department for Transport — TA Renewal of Structures - Capital,false,2364,279742152.85
1060,a7d7fb140655cd7dcf35fbb6967ac502eb667f062f8eb41587685649efc05d58,Department for Transport,PROPERTY MAINTENANCE - OTHER,Department for Transport — PROPERTY MAINTENANCE - OTHER,false,11,947894.8
1077,aafb1453f1cefa37093e83f4ca82a13f0bb17ed2c48b18dee3f879637da2b912,Manchester City Council,PCard Recovery,Manchester City Council — PCard Recovery,false,19,17919.3
1085,abf32b33647cda1ff72bdd1b3a1b8d487390f769d49267b5a7d01168dd3f2638,Department for Transport,Modelling And Analysis,Department for Transport — Modelling And Analysis,false,21,1299236.91
1133,b44f19ef9f92ed90140f10bb2b3ba23771e280640140f694c4f0da98aaeedbf9,Bristol City Council,Computing - Maint Agreements,Bristol City Council — Computing - Maint Agreements,false,8,295701.77
1207,beaca9807fa07688044936f3a30b725c560cee7ee4917f97cf2c8b96bed60fd4,Department for Transport,Training Costs,Department for Transport — Training Costs,false,3,123067.8
1231,c30c4d8c85b102039c1ec8ed1fa713accd7c9f9b43d952dc0dee521ef97635b0,Department for Transport,Plant & Machinery (Owned) - Cost - Additions,Department for Transport — Plant & Machinery (Owned) - Cost - Additions,false,83,4191633.4
1243,c4b8ad26e8928e9cc441e11e77cac5f9cd9b90b4d27a5b7ab8b62f08ad725ac2,Manchester City Council,Charges for Services,Manchester City Council — Charges for Services,false,3,120795.74
1306,ce0ec0ea11f3e8409db3892e202ee62b883b5d71be36194cd65103d8d9136ab0,HM Revenue and Customs,National postal ZVAT,HM Revenue and Customs — National postal ZVAT,false,23,87794.82
1390,db32dbe8c8d06aba1699c578ece7e6705c9a10c20b210e903ab4e9dfc9d35e7f,Department for Transport,RCU Pension costs,Department for Transport — RCU Pension costs,false,1,32537.77
1414,dfa972124e42c2a80de2094c1a5fc381c948fb0eebb712df1d95280e04413b2a,City of York Council,Community Payments,City of York Council — Community Payments,false,95,491691.18
1420,e0663f2e2f5388275b84886451fe8f25b35a4412f16847773a9e7e65be1e6c05,Manchester City Council,Day Care Payments,Manchester City Council — Day Care Payments,false,1085,2103597.04
1547,f3833b49d45502f568f1f1f15a60b2f755f435962725886a74b6b571bdf60d6e,Bristol City Council,R&M - Building Practice response,Bristol City Council — R&M - Building Practice response,false,165,2654081.49
1556,f47af93d60554c43a75643476741eee7c0fc393c7359f723259982241407b414,Department for Transport,Annual Licences - Software,Department for Transport — Annual Licences - Software,false,44,3986859.74
1569,f600648e953e662d44ec7997d671dbe55abb32d50275fb2ec07974d45c618b27,HM Revenue and Customs,External Training,HM Revenue and Customs — External Training,false,2,412815.18
1620,fd3dfa8dc7ebf71f3f196f2757fa4ca63512b4be2b2bb031410134e11c574f06,Department for Transport,Meeting Room Hire,Department for Transport — Meeting Room Hire,false,2,88038
12,020b7d92ceb287e031d0caf949cf3331bd1f9230afe3116e2be544cd83924bb7,Bristol City Council,Insurances - Premises,Bristol City Council — Insurances - Premises,false,10,4268909.34
30,0627ae1e23e920d8b3d8d4c88f3f99110f2824c5587492662c772b065929cf38,City of York Council,Supported Living Schemes,City of York Council — Supported Living Schemes,false,7847,42209658.5
71,0cb8f4fccf5804c83e379ff6606c0847ba8291bfb41080dbb4fd90ba247b043d,Department for Transport,Eurocontrol Contr,Department for Transport — Eurocontrol Contr,false,5,47813251.77
92,0f16d053c2bd57b4a361695cac1a372286bd2decca188e6a24b5eecb2ba63cdb,Department for Transport,CurrGrtPriSec-P&NPIS,Department for Transport — CurrGrtPriSec-P&NPIS,false,69,18576278.69
113,12704165851f5d8921d491f1a69822a562a82e8642c010ec49e67513b6bf253d,Manchester City Council,Fdlty Grntee Ins Prm,Manchester City Council — Fdlty Grntee Ins Prm,false,3,133984.48
127,1597982fe78f625505e73b3d9d1a2ed1310d376ac786ba3e45654fc8958a049e,HM Revenue and Customs,Furniture Repair,HM Revenue and Customs — Furniture Repair,false,1,30587
247,28e6d3f166664f1e0d73b5b248726a62221b1414f5151f503e9da7ea1d5f2c0f,Manchester City Council,Car Parking Permits,Manchester City Council — Car Parking Permits,false,97,637317.21
280,2e239fe75052fc51275b4124a888d268b874e9b8d426e4d9a33541788d551521,Department for Transport,Government Broker Co,Department for Transport — Government Broker Co,false,51,7771619.17
336,35755fe4ed7c3d75c4b8f35b0757a9df2e82a6573c83a13304611b17abbc5012,HM Revenue and Customs,Virtual Hosting,HM Revenue and Customs — Virtual Hosting,false,51,29258591.38
349,37a9b391b96bb3e3cee88a4cd9ca9f4302b0d0dfc964c9a7085c61c2e847a1c2,Department for Transport,L&B EXCL DWELLINGS,Department for Transport — L&B EXCL DWELLINGS,false,8,1321982.5
416,4293caad3b0a5a938b12c8701ab6cbb163b3aa5550bbbb4e0de4b1c67415ca1f,Department for Transport,Protective clothing & uniforms,Department for Transport — Protective clothing & uniforms,false,12,1094668.47
433,450aea9b397c0c8a9a2f58d1238810d418a3325059e791fe1d2043e0f9b1c1e7,Manchester City Council,VAT Output Tax-MA,Manchester City Council — VAT Output Tax-MA,false,2,168832
481,4e21b1359d90d9b08b5abee6fbac83c6c9c32926dd12aa02674cd24e6ef123f8,Department for Transport,SOFTWARE LICENCE CAPITAL,Department for Transport — SOFTWARE LICENCE CAPITAL,false,8,1570747.06
635,66fa24e72c3bb4de939bf0c3be3c66a1b1516a171a5a292532a114a4ac8e08d5,Department for Transport,PERIODICALS & SUBS,Department for Transport — PERIODICALS & SUBS,false,1,29200.01
699,6f4662260c0e1d351c46d7f392ea76e3c91538ce24e8a6f45af3277042847dbd,City of York Council,Water and Sewerage,City of York Council — Water and Sewerage,false,222,246700.16
700,6f9701e839359f510d0f928f50ca9662e29b67c1b49c29225b46a937c7af1d00,HM Revenue and Customs,Facilities Management,HM Revenue and Customs — Facilities Management,false,10,1105242.05
702,6ff2fdc219d4d161f44dbd2dadccd6aaa351ba615b87630e870ecbe0d836d438,City of York Council,Training Materials,City of York Council — Training Materials,false,4,5920
714,7157ee83a60b44795f87617c52bcd0a9d9e95fab368dc6932c99a5bc6e6f0c63,Department for Transport,General rates,Department for Transport — General rates,false,1,67158
860,87d879391485fda02822411f9bc87681bac8596b3f210f7dd3f0449c0416de7e,Bristol City Council,Services - Supplies and Services to service users,Bristol City Council — Services - Supplies and Services to service users,false,2239,12981293.54
883,8aed15d273eb5fbcfdfb13b22f423e51f85c3e172e13985fb3c51fc1eb9e50e2,Bristol City Council,Accommodation Costs,Bristol City Council — Accommodation Costs,false,35,46329.76
921,901e3fd08582d7f27e829926d4850e9f7c1e2d53b11272f91c9950d1f0402bd6,City of York Council,Christmas Holidays Birthdays Allowances,City of York Council — Christmas Holidays Birthdays Allowances,false,11,1273.15
949,977dc52d1fe28e73109d4003a683d36967eae9c2e05fb82db9089f23a321f97e,Manchester City Council,Catering Provisions,Manchester City Council — Catering Provisions,false,33,19454.02
974,9bf67bbd99f901f31791b48fb58c680c5396f379d503e244e6642557fce78b68,Manchester City Council,External repairs and maintenance for buildings,Manchester City Council — External repairs and maintenance for buildings,false,444,2549188.77
979,9d167fadbd0896ef10aab95b126d7f41f6354af5efb41f99e12e7c864b9b2766,Department for Transport,Recruitment Advertising,Department for Transport — Recruitment Advertising,false,1,70380
1099,ae16fd3483c0e428a40b9870ea2dac3b0088aa01b46a0ec468b86e9f47247078,Bristol City Council,Medical Fees,Bristol City Council — Medical Fees,false,2,17018.7
1123,b3489b155c676992a3b2a4bc58bb55b1e923db1e638ebc9f7b48845c8dffd3a4,City of York Council,Staff Lottery Projects,City of York Council — Staff Lottery Projects,false,2,1926.65
1159,b7a755473a70587f8791e14f0bca76d9a83b25c4cbd93f7abbb54df50aad5f4f,City of York Council,General Office Expenses,City of York Council — General Office Expenses,false,127,224134.72
1175,ba181f84bb1f0f771c42068dbc63f6eb70400105277df958e382277db3c40556,Bristol City Council,TPP - Crime and Substance Misuse,Bristol City Council — TPP - Crime and Substance Misuse,false,345,9100193.13
1184,bb79d1a87a3b4a0ae5b109320f5be5519f852af077122bbbacb96aea3974cfc2,Bristol City Council,Property Rental,Bristol City Council — Property Rental,false,27,118410.03
1295,cc971fa83fd7fa937f9fd7a061c955e8d5d4bcb983b85f37a7b777651fd45d9a,Department for Transport,Basic Franchise Pay,Department for Transport — Basic Franchise Pay,false,16,87292638.66
1357,d60d140714cd4ef8be0f9c8444f8c7c6646ad2f9f0a800cd424c62afea629b47,Ministry of Justice,EXP - PURCHASE OF GOODS/SERVICES - END USER SOFTWARE AND HARDWARE - Desktops,Ministry of Justice — EXP - PURCHASE OF GOODS/SERVICES - END USER SOFTWARE AND HARDWARE - Desktops,false,102,11910865.24
1471,e7c7e459b6f449bc7bd32652a47aa8c5004d686f41811e6638e5fd4407b44537,Department for Transport,Furniture & Fittings,Department for Transport — Furniture & Fittings,false,4,190629.69
1553,f4331809d511b5901c76360b598442dcc7b0ea72157aa500064966b6f72d5b5b,Bristol City Council,Donations,Bristol City Council — Donations,false,9,7049.84
1559,f50d3362afdc74e5b6deb9e8283c6a7fc00bd0ca1c6b3d8bccb1526960645517,City of York Council,Repairs and Maintenance (Reactive),City of York Council — Repairs and Maintenance (Reactive),false,2678,3182704.18
1608,fba2942b1560e1e9c82ac279a9381b9674cac7a2d0864352f6db14ebfb18be71,City of York Council,Employee Insurance Premiums,City of York Council — Employee Insurance Premiums,false,8,315967.2
