supplier_name_raw,supplier_name_norm,candidate_company_number,candidate_company_name,match_score,candidate_count,total_spend,decision,queue_reason
GREAT WESTERN RAILWAY,GREAT WESTERN RAILWAY,01759457,GREAT WESTERN RAILWAY LIMITED,1.0,1,1645099386.59,,tier 4 fuzzy
WEST MIDLANDS TRAINS,WEST MIDLANDS TRAINS,09860466,WEST MIDLANDS TRAINS LIMITED,1.0,1,870427482.8,,tier 4 fuzzy
CAPGEMINI,CAPGEMINI,00943935,CAPGEMINI UK PLC,,1,349037030.64,,tier 1 demoted: register name disagrees
NEXUS,NEXUS,OE007963,NEXUS LIMITED,1.0,1,106362560.99,,tier 4 fuzzy
CABINET OFFICE,CABINET OFFICE,05756325,THE CABINET OFFICE LTD,1.0,1,82040838.59,,tier 4 fuzzy
EVIDEN TECHNOLOGY SERVICES LIMITED,EVIDEN TECHNOLOGY SERVICES LTD,FC040271,EVIDEN TECHNOLOGY SERVICES LIMITED,1.0,2,56588031.83,,tier 4 fuzzy
LendLease Construction(EUROPE) Ltd,LENDLEASE CONSTRUCTION EUROPE LTD,00467006,BOVIS CONSTRUCTION (EUROPE) LIMITED,,1,49565932.31,,tier 1 demoted: register name disagrees
MERSEYTRAVEL,MERSEYTRAVEL,02027686,MERSEYTRAVEL LIMITED,1.0,1,45323203.07,,tier 4 fuzzy
NEWCASTLE ESTATE PARTNERSHIP,NEWCASTLE ESTATE PARTNERSHIP,03124864,THE NEWCASTLE ESTATE PARTNERSHIP LIMITED,1.0,1,42531455.37,,tier 4 fuzzy
TELEREAL TRILLIUM,TELEREAL TRILLIUM,09335291,TELEREAL TRILLIUM LIMITED,1.0,1,23574968.61,,tier 4 fuzzy
LAND SECURITIES PROPERTIES LTD,LAND SECURITIES PROPERTIES LTD,00961477,LAND SECURITIES PROPERTIES LIMITED,1.0,2,19968977,,tier 4 fuzzy
FIRST WEST OF ENGLAND,FIRST WEST OF ENGLAND,00025088,FIRST WEST OF ENGLAND LIMITED,1.0,1,18728940.74,,tier 4 fuzzy
XEROX U K LTD,XEROX U K LTD,00330754,XEROX (UK) LIMITED,,1,18657155.04,,tier 1 demoted: register name disagrees
GO NORTH EAST,GO NORTH EAST,02057284,GO NORTH EAST LIMITED,1.0,1,16197710.54,,tier 4 fuzzy
Chevron Traffic Management,CHEVRON TRAFFIC MANAGEMENT,03316774,CHEVRON TRAFFIC MANAGEMENT LIMITED,1.0,1,15469635.9,,tier 4 fuzzy
PRICEWATERHOUSE COOPERS LLP,PRICEWATERHOUSE COOPERS LLP,OC303525,PRICEWATERHOUSECOOPERS LLP,,1,13086655.57,,tier 1 demoted: register name disagrees
ETM Contractors Ltd,ETM CONTRACTORS LTD,02970707,E T M CONTRACTORS LIMITED,,1,12090246,,tier 1 demoted: register name disagrees
OVE ARUP & PARTNERS,OVE ARUP AND PARTNERS,01312453,OVE ARUP & PARTNERS LIMITED,1.0,1,10684378.79,,tier 4 fuzzy
OVE ARUP & PARTNERS,OVE ARUP AND PARTNERS,00952468,OVE ARUP & PARTNERS INTERNATIONAL LIMITED,,1,10684378.79,,tier 1 demoted: register name disagrees
Mencap,MENCAP,00889191,MENCAP LIMITED,1.0,1,10539075.78,,tier 4 fuzzy
CARTER JONAS,CARTER JONAS,06287947,CARTER JONAS LIMITED,1.0,2,10061631.9,,tier 4 fuzzy
VERSION 1,VERSION 1,03438874,VERSION 1 SOLUTIONS LIMITED,,1,9681079.54,,tier 1 demoted: register name disagrees
Npower,NPOWER,03653277,NPOWER LIMITED,1.0,1,9366968.8,,tier 4 fuzzy
KAPSCH TRAFFICCOM,KAPSCH TRAFFICCOM,05859799,KAPSCH TRAFFICCOM LIMITED,1.0,1,9332651.78,,tier 4 fuzzy
Amey Highways Lighting (Manchester),AMEY HIGHWAYS LIGHTING MANCHESTER,04738640,AMEY HIGHWAYS LIGHTING (MANCHESTER) LIMITED,1.0,1,9227605.5,,tier 4 fuzzy
VERSION 1 SOLUTION LTD,VERSION 1 SOLUTION LTD,03438874,VERSION 1 SOLUTIONS LIMITED,,1,8207263.68,,tier 1 demoted: register name disagrees
SUSTRANS LTD,SUSTRANS LTD,01797726,WALK WHEEL CYCLE TRUST,,1,7899039,,tier 1 demoted: register name disagrees
FCC Construccion S.A.UK Branch,FCC CONSTRUCCION S A UK BRANCH,FC031636,"FCC CONSTRUCCION S A, UK BRANCH OFFICE",0.8571,1,7768413.04,,tier 4 fuzzy
ARRIVA THE SHIRES,ARRIVA THE SHIRES,02116519,ARRIVA THE SHIRES LIMITED,1.0,1,7602161.4,,tier 4 fuzzy
Manchester Active,MANCHESTER ACTIVE,03747112,MANCHESTER ACTIVE LIMITED,1.0,1,7575788.18,,tier 4 fuzzy
CHELTENHAM & GLOUCESTER,CHELTENHAM AND GLOUCESTER,02299428,CHELTENHAM & GLOUCESTER PLC,1.0,1,6341542.98,,tier 4 fuzzy
Core Highways (Projects) Limited,CORE HIGHWAYS PROJECTS LTD,01664145,CORE HIGHWAYS HOLDINGS LIMITED,,1,6153685.21,,tier 1 demoted: register name disagrees
CLOUDTHING LIMITED,CLOUDTHING LTD,07510381,KERV DIGITAL LIMITED,,1,5885282.98,,tier 1 demoted: register name disagrees
Toyota (GB) PLC,TOYOTA GB PLC,00916634,TOYOTA(G.B.) PLC,,1,5620681.28,,tier 1 demoted: register name disagrees
Coforge,COFORGE,05046048,COFORGE LIMITED,1.0,1,4954019,,tier 4 fuzzy
EW Beard Limited,EW BEARD LTD,01126135,E.W. BEARD LIMITED,,1,4520100.53,,tier 1 demoted: register name disagrees
Changing Lives,CHANGING LIVES,09918526,CHANGING LIVES LIMITED,1.0,1,4145260.76,,tier 4 fuzzy
THOMSON REUTERS,THOMSON REUTERS,01679046,THOMSON REUTERS (PROFESSIONAL) UK LIMITED,,1,4135146.44,,tier 1 demoted: register name disagrees
MWJV,MWJV,11537308,MWJV LTD,1.0,1,4079615.99,,tier 4 fuzzy
Click Travel Ltd t/a travel.cloud,CLICK TRAVEL LTD,03770815,PERK UK LTD,,1,3850217.42,,tier 1 demoted: register name disagrees
Click Travel Ltd t/a travel.cloud,CLICK TRAVEL LTD,12234722,CLICK CLICK TRAVEL LTD,1.0,1,3850217.42,,tier 4 fuzzy
Bt Global Services,BT GLOBAL SERVICES,02410810,BT GLOBAL SERVICES LIMITED,,1,3800664.96,,tier 1 demoted: register name disagrees
Bt Global Services,BT GLOBAL SERVICES,02410810,BT GLOBAL SERVICES LIMITED,1.0,1,3800664.96,,tier 4 fuzzy
SPECIALIST COMPUTER CENTRE PLC,SPECIALIST COMPUTER CENTRE PLC,01428210,SPECIALIST COMPUTER CENTRES PLC,,1,3638787.39,,tier 1 demoted: register name disagrees
Automation Logic,AUTOMATION LOGIC,07093444,AUTOMATION LOGIC LTD,1.0,1,3544008.58,,tier 4 fuzzy
NATIONAL GRID ELECTRICITY TRANSMISSION,NATIONAL GRID ELECTRICITY TRANSMISSION,02366977,NATIONAL GRID ELECTRICITY TRANSMISSION PLC,1.0,1,3527965.98,,tier 4 fuzzy
Sureserve Fire and Electrical Limited,SURESERVE FIRE AND ELECTRICAL LTD,02504054,SURESERVE COMPLIANCE FIRE LIMITED,,1,3396760.87,,tier 1 demoted: register name disagrees
Manchester Creative Digital Assets,MANCHESTER CREATIVE DIGITAL ASSETS,10300159,MANCHESTER CREATIVE DIGITAL ASSETS LIMITED,1.0,1,3386046,,tier 4 fuzzy
Mediline Supported Living,MEDILINE SUPPORTED LIVING,02071750,MEDILINE SUPPORTED LIVING LIMITED,1.0,1,3136008.32,,tier 4 fuzzy
LOGAN CONSTRUCTION SE LTD,LOGAN CONSTRUCTION SE LTD,03167858,LOGAN CONSTRUCTION (SOUTH EAST) LTD,,1,3051843.85,,tier 1 demoted: register name disagrees
CLC Contractors Limited,CLC CONTRACTORS LTD,01230435,C.L.C. CONTRACTORS LIMITED,,1,2735834.47,,tier 1 demoted: register name disagrees
THE ENERGY SAVING TRUST ENTERPRISES,ENERGY SAVING TRUST ENTERPRISES,07805748,ENERGY SAVING TRUST ENTERPRISES LIMITED,1.0,1,2588283.81,,tier 4 fuzzy
Avalon T/a Adult Placement Services,AVALON,03204366,AVALON LIMITED,1.0,1,2532102.71,,tier 4 fuzzy
Avalon T/a Adult Placement Services,AVALON,02976727,AVALON GROUP (SOCIAL CARE),,1,2532102.71,,tier 1 demoted: register name disagrees
1625 Independent People,1625 INDEPENDENT PEOPLE,IP23964R,1625 INDEPENDENT PEOPLE LIMITED,1.0,1,2510303.06,,tier 4 fuzzy
CTC,CTC,09395744,CTC+ LTD,1.0,1,2425150,,tier 4 fuzzy
Derwent House,DERWENT HOUSE,14458646,DERWENT HOUSE LTD,1.0,1,2382838.88,,tier 4 fuzzy
VIRGIN MEDIA BUSINESS,VIRGIN MEDIA BUSINESS,01785381,VIRGIN MEDIA BUSINESS LIMITED,,1,2313453.03,,tier 1 demoted: register name disagrees
VIRGIN MEDIA BUSINESS,VIRGIN MEDIA BUSINESS,01785381,VIRGIN MEDIA BUSINESS LIMITED,1.0,1,2313453.03,,tier 4 fuzzy
HIGHSPEED OFFICE LTD,HIGHSPEED OFFICE LTD,03935705,SYNTURA GROUP LIMITED,,1,2298415.52,,tier 1 demoted: register name disagrees
THAMES TRAVEL (WALLINGFORD),THAMES TRAVEL WALLINGFORD,04184436,THAMES TRAVEL (WALLINGFORD) LIMITED,1.0,1,2284908.59,,tier 4 fuzzy
The Salvation Army,SALVATION ARMY,00259322,SALVATION ARMY TRUSTEE COMPANY(THE),,1,2220763.87,,tier 1 demoted: register name disagrees
Homes 4 All,HOMES 4 ALL,11589761,HOMES 4 ALL LTD,1.0,1,2181992.52,,tier 4 fuzzy
BARCLAYCARD,BARCLAYCARD,02530163,BARCLAYCARD FUNDING PLC,,1,2178355.29,,tier 1 demoted: register name disagrees
Corona Energy,CORONA ENERGY,03241012,CORONA ENERGY LIMITED,1.0,1,2154294.91,,tier 4 fuzzy
Enterprise Rent A Car,ENTERPRISE RENT A CAR,02946689,ENTERPRISE RENT-A-CAR UK LIMITED,,1,2150806.36,,tier 1 demoted: register name disagrees
CAPGEMINI UK,CAPGEMINI UK,00943935,CAPGEMINI UK PLC,1.0,1,2130039.58,,tier 4 fuzzy
Great Minds Together Ltd,GREAT MINDS TOGETHER LTD,12000329,GREAT MINDS TOGETHER LIMITED,1.0,1,2104396.53,,tier 4 fuzzy
Venturers Trust,VENTURERS TRUST,06511936,VENTURERS TRUST,1.0,1,2102841.95,,tier 4 fuzzy
EDF ENERGY,EDF ENERGY,02366852,EDF ENERGY LIMITED,1.0,1,2022040.75,,tier 4 fuzzy
Addleshaw Goddard,ADDLESHAW GODDARD,04673315,ADDLESHAW GODDARD LIMITED,,1,1940000,,tier 1 demoted: register name disagrees
Addleshaw Goddard,ADDLESHAW GODDARD,04673315,ADDLESHAW GODDARD LIMITED,1.0,2,1940000,,tier 4 fuzzy
Wythenshawe Community Housing Group,WYTHENSHAWE COMMUNITY HOUSING GROUP,RS008530,WYTHENSHAWE COMMUNITY HOUSING GROUP LIMITED,1.0,1,1936542.24,,tier 4 fuzzy
Gray Community Care,GRAY COMMUNITY CARE,10678050,GRAY COMMUNITY CARE LIMITED,1.0,1,1931997.41,,tier 4 fuzzy
DALCOUR MACLAREN,DALCOUR MACLAREN,04836300,DALCOUR MACLAREN LIMITED,1.0,1,1928264.6,,tier 4 fuzzy
Heathcotes Care,HEATHCOTES CARE,05232834,HEATHCOTES CARE LIMITED,1.0,1,1803325.99,,tier 4 fuzzy
IBM (UK) LIMITED,IBM UK LTD,00741598,IBM UNITED KINGDOM LIMITED,,1,1802243.67,,tier 1 demoted: register name disagrees
Witherslack Group,WITHERSLACK GROUP,03579104,WITHERSLACK GROUP LIMITED,1.0,1,1765311.59,,tier 4 fuzzy
Magans Taxis,MAGANS TAXIS,07675107,MAGANS TAXIS LIMITED,1.0,1,1647215.5,,tier 4 fuzzy
Robertson Construction Group,ROBERTSON CONSTRUCTION GROUP,SC347921,ROBERTSON CONSTRUCTION GROUP LIMITED,1.0,1,1626181.72,,tier 4 fuzzy
Robertson Construction Group,ROBERTSON CONSTRUCTION GROUP,SC347921,ROBERTSON CONSTRUCTION GROUP LIMITED,,1,1626181.72,,tier 1 demoted: register name disagrees
HOME,HOME,00368269,@HOME LIMITED,1.0,1,1577346.73,,tier 4 fuzzy
Fostering Solutions,FOSTERING SOLUTIONS,04006225,FOSTERING SOLUTIONS LIMITED,1.0,1,1561460.3,,tier 4 fuzzy
Westfield Minibuses,WESTFIELD MINIBUSES,15249853,WESTFIELD MINIBUSES LIMITED,1.0,1,1530233.25,,tier 4 fuzzy
Homecare Support,HOMECARE SUPPORT,10750586,HOMECARE SUPPORT LTD,1.0,1,1495885.05,,tier 4 fuzzy
The Big Life Company,BIG LIFE COMPANY,04227431,THE BIG LIFE COMPANY LIMITED,1.0,1,1492633.34,,tier 4 fuzzy
LITTLEFISH UK LIMITED,LITTLEFISH UK LTD,04700876,LITTLE FISH (UK) LIMITED,,1,1423604.39,,tier 1 demoted: register name disagrees
HOGAN LOVELLS INTERNATIONAL LLP,HOGAN LOVELLS INTERNATIONAL LLP,OC323639,HOGAN LOVELLS CADWALADER INTERNATIONAL LLP,,1,1359745.92,,tier 1 demoted: register name disagrees
THE DEXTROUS WEB T/A DXW,DEXTROUS WEB,06617101,THE DEXTROUS WEB LTD,1.0,1,1342829.34,,tier 4 fuzzy
The Fostering Team,FOSTERING TEAM,14002897,THE FOSTERING TEAM LIMITED,1.0,1,1312447.12,,tier 4 fuzzy
Great Western Credit Union,GREAT WESTERN CREDIT UNION,IP000597,GREAT WESTERN CREDIT UNION LIMITED,1.0,1,1276718.26,,tier 4 fuzzy
We Care and Repair,WE CARE AND REPAIR,IP25479R,WE CARE & REPAIR LIMITED,1.0,1,1275855.72,,tier 4 fuzzy
Muddy Boots Nursery,MUDDY BOOTS NURSERY,07479672,MUDDY BOOTS NURSERY LTD.,1.0,1,1250743.35,,tier 4 fuzzy
International Motors,INTERNATIONAL MOTORS,01269717,INTERNATIONAL MOTORS LIMITED,1.0,1,1211894.09,,tier 4 fuzzy
Anglian Water Business (National),ANGLIAN WATER BUSINESS NATIONAL,03017251,ANGLIAN WATER BUSINESS (NATIONAL) LIMITED,1.0,1,1208001.03,,tier 4 fuzzy
Newcross Healthcare Solutions,NEWCROSS HEALTHCARE SOLUTIONS,03184321,NEWCROSS HEALTHCARE SOLUTIONS LIMITED,1.0,1,1202251.81,,tier 4 fuzzy
Nexus Solicitors,NEXUS SOLICITORS,03997942,NEXUS SOLICITORS LIMITED,1.0,1,1199287.68,,tier 4 fuzzy
Resilience Residential Services,RESILIENCE RESIDENTIAL SERVICES,12708214,RESILIENCE RESIDENTIAL SERVICES LTD,1.0,1,1189975.28,,tier 4 fuzzy
PRICEWATERHOUSE COOPERS,PRICEWATERHOUSE COOPERS,OC338784,ACCOUNTING ADVISORY (UK) LLP,,1,1185250,,tier 1 demoted: register name disagrees
FIRST MIDLAND RED BUSES,FIRST MIDLAND RED BUSES,01556327,FIRST MIDLAND RED BUSES LIMITED,1.0,1,1168863.53,,tier 4 fuzzy
PWC LLP,PWC LLP,OC303525,PRICEWATERHOUSECOOPERS LLP,,1,1167528.62,,tier 1 demoted: register name disagrees
Voyage Care,VOYAGE CARE,02215899,VOYAGE 1 LIMITED,,1,1167058.07,,tier 1 demoted: register name disagrees
Voyage Care,VOYAGE CARE,04250960,VOYAGE CARE LIMITED,1.0,1,1167058.07,,tier 4 fuzzy
The Hesley Group,HESLEY GROUP,02665377,THE HESLEY GROUP LIMITED,1.0,1,1142702,,tier 4 fuzzy
24x7 Ltd,24X7 LTD,04142000,24 X 7 LTD.,,1,1142491.64,,tier 1 demoted: register name disagrees
Paramount Children's Services,PARAMOUNT CHILDREN S SERVICES,12015758,PARAMOUNT CHILDREN'S SERVICES LTD,1.0,1,1133585.03,,tier 4 fuzzy
Weightmans,WEIGHTMANS,02208009,WEIGHTMANS LIMITED,1.0,2,1117590.63,,tier 4 fuzzy
Care Signature Christian Homecare Services Ltd,CARE SIGNATURE CHRISTIAN HOMECARE SERVICES LTD,10063172,CARE SIGNATURE CHRISTIAN HOMECARE SERVICES LIMITED,1.0,1,1091340.6,,tier 4 fuzzy
Bottomline Technologies,BOTTOMLINE TECHNOLOGIES,08098450,BOTTOMLINE TECHNOLOGIES LIMITED,1.0,1,1086881.15,,tier 4 fuzzy
FRONTIER ECONOMICS,FRONTIER ECONOMICS,03752719,FRONTIER ECONOMICS LIMITED,1.0,1,1084154.54,,tier 4 fuzzy
H Jenkinson & Co Ltd.,H JENKINSON AND CO LTD,00169844,"H.JENKINSON & COMPANY,LIMITED",,1,1081899.99,,tier 1 demoted: register name disagrees
Grace 24/7 Care,GRACE 24 7 CARE,08131215,GRACE CARE 24/7 LTD,1.0,1,1077672.76,,tier 4 fuzzy
Grant Thornton,GRANT THORNTON,02917818,GRANT THORNTON LIMITED,1.0,1,1048430,,tier 4 fuzzy
Manchester Young Lives,MANCHESTER YOUNG LIVES,03450197,MANCHESTER YOUNG LIVES LTD,1.0,1,1043504,,tier 4 fuzzy
Eversheds Sutherland International,EVERSHEDS SUTHERLAND INTERNATIONAL,OC304065,EVERSHEDS SUTHERLAND (INTERNATIONAL) LLP,1.0,1,1030884.33,,tier 4 fuzzy
Cushman & Wakefield,CUSHMAN AND WAKEFIELD,11414195,CUSHMAN & WAKEFIELD UK HOLDCO (LONDON) LIMITED,,1,998924.41,,tier 1 demoted: register name disagrees
Devon Homes,DEVON HOMES,11388755,DEVON HOMES LIMITED,1.0,1,954219.3,,tier 4 fuzzy
York College,YORK COLLEGE,10007709,GENESIS NEW WORLD LIMITED,,1,946439.91,,tier 1 demoted: register name disagrees
Top Drawer Properties,TOP DRAWER PROPERTIES,05194321,TOP DRAWER PROPERTIES LIMITED,1.0,1,934307.24,,tier 4 fuzzy
OLIVER WYMAN,OLIVER WYMAN,02995605,OLIVER WYMAN LIMITED,1.0,1,931122.69,,tier 4 fuzzy
Ebor Home Care,EBOR HOME CARE,12520411,EBOR HOME CARE LTD,1.0,1,930747.23,,tier 4 fuzzy
Care Today Childrens Services,CARE TODAY CHILDRENS SERVICES,03576741,CARE TODAY (CHILDRENS SERVICES) LTD,1.0,1,909994.01,,tier 4 fuzzy
Ad Astra (Broadening Horizons),AD ASTRA BROADENING HORIZONS,09827977,AD ASTRA (BROADENING HORIZONS) LIMITED,1.0,1,887964.68,,tier 4 fuzzy
WORKMAN & PARTNERS,WORKMAN AND PARTNERS,02633008,WORKMAN & PARTNERS LIMITED,1.0,1,881180.02,,tier 4 fuzzy
LAMBERT SMITH HAMPTON,LAMBERT SMITH HAMPTON,02521225,LAMBERT SMITH HAMPTON GROUP LIMITED,,1,880127.38,,tier 1 demoted: register name disagrees
LAMBERT SMITH HAMPTON,LAMBERT SMITH HAMPTON,02222001,LAMBERT SMITH HAMPTON LIMITED,1.0,1,880127.38,,tier 4 fuzzy
The Greens ENS,GREENS ENS,13217031,THE GREENS ENS LTD,1.0,1,879649.49,,tier 4 fuzzy
Broadway Lodge,BROADWAY LODGE,01201899,BROADWAY LODGE LIMITED,1.0,1,874651.31,,tier 4 fuzzy
ROYAL BANK OF SCOTLAND,ROYAL BANK OF SCOTLAND,SC083026,THE ROYAL BANK OF SCOTLAND PUBLIC LIMITED COMPANY,1.0,1,866501.21,,tier 4 fuzzy
BOWE SYSTEC LTD,BOWE SYSTEC LTD,07300327,BOWE UK LIMITED,,1,828262.12,,tier 1 demoted: register name disagrees
Manchester Care & Repair Ltd,MANCHESTER CARE AND REPAIR LTD,08008229,MANCHESTER CARE AND REPAIR,1.0,1,818828.5,,tier 4 fuzzy
Posterity Milestone Consortium,POSTERITY MILESTONE CONSORTIUM,11164733,POSTERITY MILESTONE CONSORTIUM LIMITED,1.0,1,805679.14,,tier 4 fuzzy
IPSOS MORI,IPSOS MORI,01640855,IPSOS MORI UK LIMITED,,1,803206.87,,tier 1 demoted: register name disagrees
PEOPLE ASSET MANAGEMENT T/A PAM OH SOLUTIONS,PEOPLE ASSET MANAGEMENT,05199107,PEOPLE ASSET MANAGEMENT LTD,1.0,1,791795.37,,tier 4 fuzzy
Mulberry Court,MULBERRY COURT,05345448,MULBERRY COURT LIMITED,1.0,1,789412.21,,tier 4 fuzzy
TravelPerk UK IRL Ltd ,TRAVELPERK UK IRL LTD,03770815,PERK UK LTD,,1,783102.71,,tier 1 demoted: register name disagrees
Thermal Road Repairs,THERMAL ROAD REPAIRS,09127996,THERMAL ROAD REPAIRS LIMITED,1.0,1,773562.85,,tier 4 fuzzy
Olive Branch Fostering,OLIVE BRANCH FOSTERING,09775450,OLIVE BRANCH FOSTERING LTD,1.0,1,760797.97,,tier 4 fuzzy
Arvato,ARVATO,03923307,ARVATO LIMITED,1.0,1,760609.41,,tier 4 fuzzy
Holiday Inn,HOLIDAY INN,05479356,HOLIDAY INN LIMITED,1.0,1,758403,,tier 4 fuzzy
Complete Fire Protection,COMPLETE FIRE PROTECTION,02512101,COMPLETE FIRE PROTECTION LIMITED,1.0,1,750058.22,,tier 4 fuzzy
Shelter,SHELTER,01664057,SHELTER LIMITED,1.0,1,746244.94,,tier 4 fuzzy
Amicus Foster Care,AMICUS FOSTER CARE,06724648,AMICUS FOSTER CARE LIMITED,1.0,1,745457.38,,tier 4 fuzzy
FIDUM,FIDUM,11928597,FIDUM LTD,1.0,1,743597.31,,tier 4 fuzzy
TRAMS LIMITED,TRAMS LTD,02518864,ECONOCOM PRODUCTS & SOLUTIONS UK LIMITED,,1,742817.38,,tier 1 demoted: register name disagrees
Clear Channel UK Ltd,CLEAR CHANNEL UK LTD,00950526,BAUER MEDIA OUTDOOR UK LIMITED,,1,742389.32,,tier 1 demoted: register name disagrees
Premier Property and Construction,PREMIER PROPERTY AND CONSTRUCTION,09246122,PREMIER PROPERTY AND CONSTRUCTION LIMITED,1.0,1,735029,,tier 4 fuzzy
Ware & Kay Solicitors,WARE AND KAY SOLICITORS,08842594,WARE & KAY SOLICITORS LTD,1.0,1,720000,,tier 4 fuzzy
Turner & Townsend Project Management,TURNER AND TOWNSEND PROJECT MANAGEMENT,02165592,TURNER & TOWNSEND PROJECT MANAGEMENT LIMITED,1.0,1,710982.08,,tier 4 fuzzy
IFF RESEARCH LTD,IFF RESEARCH LTD,00849983,I.F.F RESEARCH LIMITED,,1,706894.12,,tier 1 demoted: register name disagrees
CDW Limited UK,CDW LIMITED UK,02465350,CDW LIMITED,,1,704336.93,,tier 1 demoted: register name disagrees
Malsis Hall,MALSIS HALL,10257170,MALSIS HALL LIMITED,1.0,1,696168.67,,tier 4 fuzzy
York Montessori Nursery,YORK MONTESSORI NURSERY,03125642,YORK MONTESSORI NURSERY LTD,1.0,1,689696.08,,tier 4 fuzzy
Fieldway Supplies Ltd,FIELDWAY SUPPLIES LTD,05743944,FIELDWAY COMPLIANCE LTD,,1,685654.17,,tier 1 demoted: register name disagrees
Remedi,REMEDI,13002415,REMEDI LTD,1.0,1,683107.96,,tier 4 fuzzy
Leeds Commercial,LEEDS COMMERCIAL,00587618,LEEDS COMMERCIAL LIMITED,1.0,1,679065.58,,tier 4 fuzzy
Baker & McKenzie,BAKER AND MCKENZIE,OC311297,BAKER & MCKENZIE LLP,1.0,1,678557,,tier 4 fuzzy
SURVIVORS NETWORK,SURVIVORS NETWORK,07780363,THE SURVIVORS' NETWORK LIMITED,1.0,1,673144,,tier 4 fuzzy
The National Fostering Agency,NATIONAL FOSTERING AGENCY,03127814,THE NATIONAL FOSTERING AGENCY LIMITED,1.0,1,657838.64,,tier 4 fuzzy
Fulford Nursing Home,FULFORD NURSING HOME,14082219,FULFORD NURSING HOME LIMITED,1.0,1,651294.32,,tier 4 fuzzy
Softcat,SOFTCAT,02174990,SOFTCAT PLC,1.0,1,648240.24,,tier 4 fuzzy
Softcat,SOFTCAT,02174990,SOFTCAT PLC,,1,648240.24,,tier 1 demoted: register name disagrees
NATIONAL ASSOCIATION OF CHILD CONTACT CENTRES (NACCC),NATIONAL ASSOCIATION OF CHILD CONTACT CENTRES NACCC,03886023,NATIONAL ASSOCIATION OF CHILD CONTACT CENTRES,0.8571,1,642000,,tier 4 fuzzy
Autism Plus,AUTISM PLUS,02098193,AUTISM PLUS LIMITED,1.0,1,632344.52,,tier 4 fuzzy
Smarter Technologies,SMARTER TECHNOLOGIES,07172781,SMARTER TECHNOLOGIES LTD,1.0,1,614235.36,,tier 4 fuzzy
Civica Election Services,CIVICA ELECTION SERVICES,02263092,CIVICA ELECTION SERVICES LIMITED,1.0,1,603331.18,,tier 4 fuzzy
CPC PROJECT SERVICES LLP,CPC PROJECT SERVICES LLP,OC366907,CPC PROJECT SERVICES (UK) LLP,,1,601176,,tier 1 demoted: register name disagrees
BMG Research,BMG RESEARCH,02841970,BMG RESEARCH LTD,,1,584240.3,,tier 1 demoted: register name disagrees
BMG Research,BMG RESEARCH,02841970,BMG RESEARCH LTD,1.0,1,584240.3,,tier 4 fuzzy
Next Steps,NEXT STEPS,06925319,NEXT STEPS LTD,1.0,1,577819.02,,tier 4 fuzzy
Sherburn House,SHERBURN HOUSE,07009722,SHERBURN HOUSE LTD,1.0,1,573310.84,,tier 4 fuzzy
Manchester Music City,MANCHESTER MUSIC CITY,14235909,MANCHESTER MUSIC CITY LIMITED,1.0,1,567579,,tier 4 fuzzy
Heaton Park View Nursery,HEATON PARK VIEW NURSERY,08602955,HEATON PARK VIEW NURSERY LIMITED,1.0,1,549666.91,,tier 4 fuzzy
By the Bridge North West,BY THE BRIDGE NORTH WEST,05448746,BY THE BRIDGE NORTH WEST LIMITED,1.0,1,548061.21,,tier 4 fuzzy
AVMI KINLY LTD,AVMI KINLY LTD,02468436,KINLY UK LTD,,1,546105.96,,tier 1 demoted: register name disagrees
HERTS ABILITY,HERTS ABILITY,03249335,HERTS ABILITY LIMITED,1.0,1,544928.21,,tier 4 fuzzy
CRONER-I LTD,CRONER-I LTD,10878116,CRONER LIMITED,,1,541320,,tier 1 demoted: register name disagrees
Street Cars,STREET CARS,12140010,STREET CARS LIMITED,1.0,1,533979.67,,tier 4 fuzzy
Acorn Education and Care Ltd t/a Hillcrest New Barn School,ACORN EDUCATION AND CARE LTD,05019430,ACORN CARE AND EDUCATION LIMITED,1.0,1,525616.37,,tier 4 fuzzy
Jones Lang Lasalle,JONES LANG LASALLE,01188567,JONES LANG LASALLE LIMITED,1.0,1,525222.93,,tier 4 fuzzy
Jones Lang Lasalle,JONES LANG LASALLE,01188567,JONES LANG LASALLE LIMITED,,1,525222.93,,tier 1 demoted: register name disagrees
Tiddlywinks Day Nursery,TIDDLYWINKS DAY NURSERY,05627488,TIDDLYWINKS DAY NURSERY LTD,1.0,1,518176.79,,tier 4 fuzzy
Paypoint,PAYPOINT,03581541,PAYPOINT PLC,1.0,1,516895.96,,tier 4 fuzzy
RIVUS FLEET SOLUTIONS LIMITED,RIVUS FLEET SOLUTIONS LTD,04383521,RIVUS FLEET SOLUTIONS LIMITED,1.0,1,514406.82,,tier 4 fuzzy
Carrington Riding Centre,CARRINGTON RIDING CENTRE,03753552,CARRINGTON RIDING CENTRE LIMITED,1.0,1,510508.68,,tier 4 fuzzy
Richmond Care,RICHMOND CARE,06422056,RICHMOND CARE LIMITED,1.0,1,506953.59,,tier 4 fuzzy
GLUE REPLY,GLUE REPLY,07299987,GLUE REPLY LIMITED,1.0,1,505014,,tier 4 fuzzy
Manchester Heat Network Tradeco,MANCHESTER HEAT NETWORK TRADECO,11954693,MANCHESTER HEAT NETWORK TRADECO LIMITED,1.0,1,500000,,tier 4 fuzzy
42nd Street,42ND STREET,01706903,42ND STREET LIMITED,1.0,1,494253.36,,tier 4 fuzzy
MAR VEHICLE SOLUTIONS LTD,MAR VEHICLE SOLUTIONS LTD,12742234,MAR VEHICLE SOLUTIONS LTD,1.0,1,490132.02,,tier 4 fuzzy
H F Brown & Son,H F BROWN AND SON,04132924,H.F. BROWN & SON LIMITED,1.0,1,481315.51,,tier 4 fuzzy
Amore Complex Care,AMORE COMPLEX CARE,11086042,AMORE COMPLEX CARE LTD,1.0,1,477832.32,,tier 4 fuzzy
Able Carers,ABLE CARERS,09349645,ABLE CARERS LIMITED,1.0,1,477805.71,,tier 4 fuzzy
Mott MacDonald,MOTT MACDONALD,01243967,MOTT MACDONALD LIMITED,1.0,1,476371.96,,tier 4 fuzzy
TAXAID,TAXAID,02814505,TAXAID LIMITED,1.0,1,470064,,tier 4 fuzzy
Murray Hills Solicitors,MURRAY HILLS SOLICITORS,08378879,MURRAY HILLS SOLICITORS LIMITED,1.0,1,470000,,tier 4 fuzzy
Mazars LLP,MAZARS LLP,OC308299,FORVIS MAZARS LLP,,1,467592,,tier 1 demoted: register name disagrees
Manchester Youth Zone,MANCHESTER YOUTH ZONE,07025561,THE MANCHESTER YOUTH ZONE LIMITED,1.0,1,466141.58,,tier 4 fuzzy
Handicare Accessibility Limited,HANDICARE ACCESSIBILITY LTD,04109393,SAVARIA LIFTS (UK) LTD.,,1,459794.78,,tier 1 demoted: register name disagrees
Unit 4 Business Software Ltd,UNIT 4 BUSINESS SOFTWARE LTD,01737985,UNIT4 BUSINESS SOFTWARE LIMITED,,1,459390,,tier 1 demoted: register name disagrees
Oldham Total Care,OLDHAM TOTAL CARE,14995316,OLDHAM TOTAL CARE LTD,1.0,1,455996.46,,tier 4 fuzzy
SKILLSOFT UK LTD,SKILLSOFT UK LTD,02051729,SKILLSOFT U.K. LIMITED,,1,454200,,tier 1 demoted: register name disagrees
Acacia Lodge Care Home,ACACIA LODGE CARE HOME,13693826,ACACIA LODGE CARE HOME LIMITED,1.0,1,453539.07,,tier 4 fuzzy
Benjamin UK,BENJAMIN UK,04938472,BENJAMIN UK LTD,1.0,1,451153.23,,tier 4 fuzzy
GERALD EVE LLP,GERALD EVE LLP,OC339470,NEWMARK GERALD EVE LLP,,1,435729.56,,tier 1 demoted: register name disagrees
Premier Property Lawyers,PREMIER PROPERTY LAWYERS,04323405,PREMIER PROPERTY LAWYERS LIMITED,1.0,1,433816.39,,tier 4 fuzzy
Pick Everard,PICK EVERARD,10098632,PEKG LTD,,1,426467.77,,tier 1 demoted: register name disagrees
Nks Contracts Ltd,NKS CONTRACTS LTD,03554173,N K S CONTRACTS LIMITED,,1,422943.44,,tier 1 demoted: register name disagrees
Hartcliffe & Withywood Ventures Ltd,HARTCLIFFE AND WITHYWOOD VENTURES LTD,01971731,HARTCLIFFE & WITHYWOOD VENTURES,1.0,1,420871.76,,tier 4 fuzzy
ITGL Limited,ITGL LTD,07902312,CONSCIA GROUP UK LTD,,1,419433.99,,tier 1 demoted: register name disagrees
Inseego Limited,INSEEGO LTD,04643588,CTRACK TELEMATICS LTD,,1,419400,,tier 1 demoted: register name disagrees
Elborough Care Services,ELBOROUGH CARE SERVICES,12879765,ELBOROUGH CARE SERVICES LIMITED,1.0,1,418973.11,,tier 4 fuzzy
Choices Home for Children Ltd,CHOICES HOME FOR CHILDREN LTD,04211653,CHOICES HOME FOR CHILDREN LIMITED,1.0,1,415285.88,,tier 4 fuzzy
Little Bugs Childcare,LITTLE BUGS CHILDCARE,13502430,LITTLE BUGS CHILDCARE LIMITED,1.0,1,414428.1,,tier 4 fuzzy
Telefonica UK,TELEFONICA UK,01743099,TELEFONICA UK LIMITED,1.0,1,408148.8,,tier 4 fuzzy
Fledglings Day Nursery,FLEDGLINGS DAY NURSERY,10602968,FLEDGLINGS DAY NURSERY LTD,1.0,1,407724.46,,tier 4 fuzzy
Blue Sky Fostering,BLUE SKY FOSTERING,05326869,BLUE SKY FOSTERING LIMITED,1.0,1,406859.83,,tier 4 fuzzy
RED EAGLE,RED EAGLE,05288420,RED EAGLE LIMITED,1.0,1,406121.72,,tier 4 fuzzy
1SPATIAL GROUP,1SPATIAL GROUP,04785688,1SPATIAL GROUP LIMITED,1.0,1,403080,,tier 4 fuzzy
Care Support and Domestic Services,CARE SUPPORT AND DOMESTIC SERVICES,07408564,CARE SUPPORT AND DOMESTIC SERVICES LIMITED,1.0,1,398647.19,,tier 4 fuzzy
Little Learning Ladder,LITTLE LEARNING LADDER,07676971,LITTLE LEARNING LADDER LIMITED,1.0,1,396510.64,,tier 4 fuzzy
New Moon Residential,NEW MOON RESIDENTIAL,13827165,NEW MOON RESIDENTIAL LTD,1.0,1,395135.68,,tier 4 fuzzy
SPECIALIST COMPUTER CENTRES PLC SCC,SPECIALIST COMPUTER CENTRES PLC SCC,01428210,SPECIALIST COMPUTER CENTRES PLC,,1,392494.74,,tier 1 demoted: register name disagrees
Sunshine Day Nursery,SUNSHINE DAY NURSERY,05327582,SUNSHINE DAY NURSERY LIMITED,1.0,1,386095.08,,tier 4 fuzzy
Zapmap,ZAPMAP,05960749,ZAPMAP LIMITED,1.0,1,381619.2,,tier 4 fuzzy
Equilibrium Healthcare,EQUILIBRIUM HEALTHCARE,03159421,EQUILIBRIUM HEALTHCARE LIMITED,1.0,1,379369.14,,tier 4 fuzzy
Royal Mail,ROYAL MAIL,14240638,ROYAL MAIL LIMITED,1.0,1,379354.45,,tier 4 fuzzy
Drive Devilbiss Healthcare Ltd,DRIVE DEVILBISS HEALTHCARE LTD,04301005,DRIVE MEDICAL LIMITED,,1,360272.94,,tier 1 demoted: register name disagrees
TETRATECH LIMITED,TETRATECH LTD,01959704,TETRA TECH LIMITED,,1,359792.19,,tier 1 demoted: register name disagrees
SOMERSET AND AVON RAPE AND SEXUAL ABUSE SUPPORT (SARSAS),SOMERSET AND AVON RAPE AND SEXUAL ABUSE SUPPORT SARSAS,06738639,SOMERSET AND AVON RAPE AND SEXUAL ABUSE SUPPORT,0.875,1,358177,,tier 4 fuzzy
1St Choice Stairlifts,1ST CHOICE STAIRLIFTS,05032057,1ST CHOICE STAIRLIFTS LIMITED,1.0,1,355554.48,,tier 4 fuzzy
Arboricultural Services Treework,ARBORICULTURAL SERVICES TREEWORK,05617718,ARBORICULTURAL SERVICES TREEWORK LIMITED,1.0,1,354546.88,,tier 4 fuzzy
Elim Housing Association,ELIM HOUSING ASSOCIATION,RS016402,ELIM HOUSING ASSOCIATION LIMITED,1.0,1,351020.54,,tier 4 fuzzy
Brookvale,BROOKVALE,01751661,BROOKVALE LIMITED,1.0,1,350535.6,,tier 4 fuzzy
THE FIRE SERVICE COLLEGE ,FIRE SERVICE COLLEGE,08102633,FIRE SERVICE COLLEGE LIMITED,,1,346184.98,,tier 1 demoted: register name disagrees
THE FIRE SERVICE COLLEGE ,FIRE SERVICE COLLEGE,08102633,FIRE SERVICE COLLEGE LIMITED,1.0,1,346184.98,,tier 4 fuzzy
Orchard School,ORCHARD SCHOOL,05628365,ORCHARD SCHOOL LIMITED,1.0,1,342605.34,,tier 4 fuzzy
The Whiteluck Group,WHITELUCK GROUP,12871208,THE WHITELUCK GROUP LTD,1.0,1,340311.65,,tier 4 fuzzy
DAISY CORPORATE SERVICES TRADING LIMITED,DAISY CORPORATE SERVICES TRADING LTD,02888250,WN CORPORATE SERVICES TRADING LIMITED,,1,340289.78,,tier 1 demoted: register name disagrees
Northern Powergrid,NORTHERN POWERGRID,03271033,NORTHERN POWERGRID LIMITED,1.0,1,340011.25,,tier 4 fuzzy
Northern Powergrid,NORTHERN POWERGRID,03271033,NORTHERN POWERGRID LIMITED,,1,340011.25,,tier 1 demoted: register name disagrees
Thompsons Solicitors,THOMPSONS SOLICITORS,OC356468,THOMPSONS SOLICITORS LLP,1.0,1,339629,,tier 4 fuzzy
Balmoral Court,BALMORAL COURT,NI017808,BALMORAL COURT LIMITED,1.0,1,338498.38,,tier 4 fuzzy
ADSM,ADSM,13374575,ADSM LIMITED,1.0,1,338168.61,,tier 4 fuzzy
AJ's Academy,AJ S ACADEMY,06807408,AJ'S ACADEMY LIMITED,1.0,1,338104.63,,tier 4 fuzzy
Torwood House School,TORWOOD HOUSE SCHOOL,04058527,TORWOOD HOUSE SCHOOL LIMITED,1.0,1,337949.27,,tier 4 fuzzy
Adatis Consulting Limited,ADATIS CONSULTING LTD,05727383,TELEFÓNICA TECH UK DATA & AI LIMITED,,1,336225.02,,tier 1 demoted: register name disagrees
Little Peanuts Day Nursery,LITTLE PEANUTS DAY NURSERY,12473557,LITTLE PEANUTS DAY NURSERY LIMITED,1.0,1,335786.16,,tier 4 fuzzy
Willows Nursing Home,WILLOWS NURSING HOME,02777851,WILLOWS NURSING HOME LIMITED,1.0,1,333709.19,,tier 4 fuzzy
FosterPlus,FOSTERPLUS,03196297,FOSTERPLUS LIMITED,1.0,1,333588.06,,tier 4 fuzzy
EXELA TECHNOLOGIES LTD,EXELA TECHNOLOGIES LTD,01283512,XBP EUROPE LIMITED,,1,330588.93,,tier 1 demoted: register name disagrees
AIRBUS DEFENCE & SPACE,AIRBUS DEFENCE AND SPACE,02449259,AIRBUS DEFENCE AND SPACE LIMITED,1.0,1,327749.63,,tier 4 fuzzy
Complete Care Holdings,COMPLETE CARE HOLDINGS,04522416,COMPLETE CARE HOLDINGS LIMITED,1.0,1,325758.69,,tier 4 fuzzy
Heritage Healthcare,HERITAGE HEALTHCARE,06307078,HERITAGE HEALTHCARE LIMITED,1.0,1,305474.82,,tier 4 fuzzy
FAMILY MATTERS,FAMILY MATTERS,13952109,FAMILY MATTERS LIMITED,1.0,1,302144,,tier 4 fuzzy
Aegis Care Solutions,AEGIS CARE SOLUTIONS,10499073,AEGIS CARE SOLUTIONS LIMITED,1.0,1,301251.17,,tier 4 fuzzy
CHY Consultancy,CHY CONSULTANCY,10825013,CHY CONSULTANCY LIMITED,1.0,1,300740,,tier 4 fuzzy
Care Solutions Recruitment,CARE SOLUTIONS RECRUITMENT,07128310,CARE RECRUITMENT SOLUTIONS LIMITED,1.0,1,299844.96,,tier 4 fuzzy
Tiny Steps Nursery,TINY STEPS NURSERY,13922509,TINY STEPS NURSERY LTD,1.0,1,299576.75,,tier 4 fuzzy
Little Spuds Day Nursery,LITTLE SPUDS DAY NURSERY,11325491,LITTLE SPUDS DAY NURSERY LTD,1.0,1,296172.12,,tier 4 fuzzy
Crombie Wilkinson Solicitors,CROMBIE WILKINSON SOLICITORS,OC353865,CROMBIE WILKINSON SOLICITORS LLP,1.0,1,293256,,tier 4 fuzzy
Cotham Gardens Primary School,COTHAM GARDENS PRIMARY SCHOOL,08144135,COTHAM GARDENS PRIMARY SCHOOL LTD,1.0,1,292080.23,,tier 4 fuzzy
Little Acorns New Earswick,LITTLE ACORNS NEW EARSWICK,08494903,LITTLE ACORNS NEW EARSWICK LTD,1.0,1,291619.49,,tier 4 fuzzy
Brain In Hand Ltd,BRAIN IN HAND LTD,06971006,BRAIN-IN-HAND LIMITED,,1,290580,,tier 1 demoted: register name disagrees
LDA Design,LDA DESIGN,02874205,LDA DESIGN LIMITED,1.0,1,282602.14,,tier 4 fuzzy
New World Timber,NEW WORLD TIMBER,05390101,NEW WORLD TIMBER LIMITED,1.0,1,282291.5,,tier 4 fuzzy
Walmgate Day Nursery,WALMGATE DAY NURSERY,SC728986,WALMGATE DAY NURSERY LTD,1.0,1,282152.53,,tier 4 fuzzy
Triangle Care,TRIANGLE CARE,08897382,TRIANGLE CARE LIMITED,1.0,1,280200,,tier 4 fuzzy
LGBT Foundation,LGBT FOUNDATION,03476576,LGBT FOUNDATION LTD,1.0,1,278094.5,,tier 4 fuzzy
BUPA,BUPA,02306135,BUPA LIMITED,1.0,1,275397.01,,tier 4 fuzzy
BUPA,BUPA,03956433,BUPA INSURANCE LIMITED,,1,275397.01,,tier 1 demoted: register name disagrees
PM Property Lawyers,PM PROPERTY LAWYERS,05455986,PM PROPERTY LAWYERS LIMITED,1.0,1,275000,,tier 4 fuzzy
Proddow Mackay (Conveyancing) Ltd,PRODDOW MACKAY CONVEYANCING LTD,05455942,PRODDOW MACKAY (CONVEYANCING) LIMITED,1.0,1,275000,,tier 4 fuzzy
Daisy Chain Day Nursery,DAISY CHAIN DAY NURSERY,06031948,DAISY CHAIN DAY NURSERY LIMITED,1.0,1,273393.42,,tier 4 fuzzy
City Care Partnership,CITY CARE PARTNERSHIP,04386239,CITY CARE PARTNERSHIP LIMITED,1.0,1,271975.97,,tier 4 fuzzy
Right Legal Solicitors,RIGHT LEGAL SOLICITORS,15196265,RIGHT LEGAL SOLICITORS LTD,1.0,1,270000,,tier 4 fuzzy
Hoist & Shower Chair Company,HOIST AND SHOWER CHAIR COMPANY,04359957,HOIST AND SHOWER CHAIR COMPANY LTD,1.0,1,269158.12,,tier 4 fuzzy
DAISY CORPORATE SERVICES,DAISY CORPORATE SERVICES,08205265,DAISY CORPORATE SERVICES LIMITED,1.0,1,266752.8,,tier 4 fuzzy
BRADFORD CHILDREN AND FAMILIES TRUST,BRADFORD CHILDREN AND FAMILIES TRUST,14060995,BRADFORD CHILDREN AND FAMILIES TRUST LIMITED,1.0,1,266339.09,,tier 4 fuzzy
Thorpe House Specialist Adult Mental Health Unit,THORPE HOUSE SPECIALIST ADULT MENTAL HEALTH UNIT,05319583,THORPE HOUSE SPECIALIST ADULT MENTAL HEALTH UNIT LIMITED,1.0,1,265105.57,,tier 4 fuzzy
Park View Day Nursery,PARK VIEW DAY NURSERY,11772852,PARK VIEW DAY NURSERY LIMITED,1.0,1,264462.27,,tier 4 fuzzy
SMITHS DETECTION WATFORD LTD,SMITHS DETECTION WATFORD LTD,05138140,SMITHS DETECTION GROUP LIMITED,,1,264257.11,,tier 1 demoted: register name disagrees
AECOM,AECOM,01846493,AECOM LIMITED,1.0,1,263589.98,,tier 4 fuzzy
KANTAR PUBLIC UK LTD,KANTAR PUBLIC UK LTD,13663077,VERIAN GROUP UK LIMITED,,1,262465.82,,tier 1 demoted: register name disagrees
SFJ AWARDS,SFJ AWARDS,06926458,SFJ AWARDS LIMITED,1.0,1,258021,,tier 4 fuzzy
SFJ AWARDS,SFJ AWARDS,06926458,SFJ AWARDS LIMITED,,1,258021,,tier 1 demoted: register name disagrees
CGLS Accountancy Ltd,CGLS ACCOUNTANCY LTD,09937413,CGLS ACCOUNTANCY LIMITED,1.0,1,250000,,tier 4 fuzzy
Mills & Reeve,MILLS AND REEVE,OC326165,MILLS & REEVE LLP,,1,248321.42,,tier 1 demoted: register name disagrees
Mills & Reeve,MILLS AND REEVE,02242713,MILLS & REEVE LIMITED,1.0,2,248321.42,,tier 4 fuzzy
Scrutiny Cleaning Services,SCRUTINY CLEANING SERVICES,06150330,SCRUTINY CLEANING SERVICES LIMITED,1.0,1,248249.58,,tier 4 fuzzy
RAPE & SEXUAL ABUSE (RASA) CENTRE,RAPE AND SEXUAL ABUSE RASA CENTRE,04538556,RAPE AND SEXUAL ABUSE CENTRE (RASA) LIMITED,1.0,1,247899,,tier 4 fuzzy
RAPE & SEXUAL ABUSE (RASA) CENTRE LTD,RAPE AND SEXUAL ABUSE RASA CENTRE LTD,04538556,RAPE AND SEXUAL ABUSE CENTRE (RASA) LIMITED,1.0,1,247899,,tier 4 fuzzy
RG Law,RG LAW,12481187,RG LAW LTD,1.0,1,245000,,tier 4 fuzzy
Watson Ramsbottom,WATSON RAMSBOTTOM,07950137,WATSON RAMSBOTTOM LIMITED,1.0,1,244000,,tier 4 fuzzy
Business Stream,BUSINESS STREAM,SC332092,BUSINESS STREAM LTD,1.0,1,236744.67,,tier 4 fuzzy
Business Stream,BUSINESS STREAM,SC332092,BUSINESS STREAM LTD,,1,236744.67,,tier 1 demoted: register name disagrees
CenturyPlus Ltd,CENTURYPLUS LTD,09998565,CENTURYPLUS LIMITED,1.0,1,235260.14,,tier 4 fuzzy
Glamorgan White Lining,GLAMORGAN WHITE LINING,03901449,GLAMORGAN WHITE LINING LIMITED,1.0,1,229090.37,,tier 4 fuzzy
CCS Media Limited,CCS MEDIA LTD,04418144,ADVANIA UK (CCS) LIMITED,,1,226750.16,,tier 1 demoted: register name disagrees
Maple House Day Nursery,MAPLE HOUSE DAY NURSERY,10420186,MAPLE HOUSE DAY NURSERY LIMITED,1.0,1,226344.06,,tier 4 fuzzy
Happy Tots Nursery,HAPPY TOTS NURSERY,09136488,HAPPY TOTS NURSERY LIMITED,1.0,1,223966.87,,tier 4 fuzzy
Womble Bond Dickinson LLP,WOMBLE BOND DICKINSON LLP,OC317661,WOMBLE BOND DICKINSON (UK) LLP,,1,223514,,tier 1 demoted: register name disagrees
North East Truck & Van,NORTH EAST TRUCK AND VAN,02786349,NORTH EAST TRUCK & VAN LIMITED,1.0,1,223250.69,,tier 4 fuzzy
Ashurst LLP,ASHURST LLP,OC330252,ASHURST PERKINS COIE UK LLP,,1,222522,,tier 1 demoted: register name disagrees
ROSA,ROSA,12144267,ROSA LTD,1.0,2,220449,,tier 4 fuzzy
Cameron Crowe,CAMERON CROWE,NI045652,CAMERON CROWE LIMITED,1.0,1,217800,,tier 4 fuzzy
Littleways Day Nursery,LITTLEWAYS DAY NURSERY,04560471,LITTLEWAYS DAY NURSERY LIMITED,1.0,1,214880.25,,tier 4 fuzzy
Walk The Plank Ltd,WALK THE PLANK LTD,03028442,WALK THE PLANK,1.0,1,214144.81,,tier 4 fuzzy
NL Group,NL GROUP,04295083,NL GROUP LIMITED,1.0,1,211806.37,,tier 4 fuzzy
Central Chambers,CENTRAL CHAMBERS,14980216,CENTRAL CHAMBERS LTD,1.0,1,210850,,tier 4 fuzzy
VOHKUS,VOHKUS,04142508,VOHKUS LIMITED,1.0,1,209684.28,,tier 4 fuzzy
Freshworks Inc,FRESHWORKS INC,09338697,FRESHWORKS TECHNOLOGIES UK LIMITED,,1,209652.89,,tier 1 demoted: register name disagrees
Integrity360,INTEGRITY360,03538529,INTEGRITY360 LIMITED,1.0,1,208137.41,,tier 4 fuzzy
HERBERT SMITH FREEHILLS LLP,HERBERT SMITH FREEHILLS LLP,OC310989,HERBERT SMITH FREEHILLS KRAMER LLP,,1,206873.7,,tier 1 demoted: register name disagrees
People First Housing Association,PEOPLE FIRST HOUSING ASSOCIATION,IP27746R,PEOPLE FIRST HOUSING ASSOCIATION LTD.,1.0,1,205600.78,,tier 4 fuzzy
Impact Mentoring,IMPACT MENTORING,10552787,IMPACT MENTORING LTD,1.0,1,204960.5,,tier 4 fuzzy
SAFELIVES LTD,SAFELIVES LTD,05203237,SAFELIVES,1.0,1,198125.44,,tier 4 fuzzy
FINANCIAL TIMES LTD,FINANCIAL TIMES LTD,00227590,FINANCIAL TIMES LIMITED(THE),,1,195976,,tier 1 demoted: register name disagrees
Wendy House Nursery,WENDY HOUSE NURSERY,09129153,THE WENDY HOUSE NURSERY LTD,1.0,1,194352.11,,tier 4 fuzzy
The Growth Company,GROWTH COMPANY,02443911,THE GROWTH COMPANY LIMITED,,1,193862.5,,tier 1 demoted: register name disagrees
The Growth Company,GROWTH COMPANY,02443911,THE GROWTH COMPANY LIMITED,1.0,1,193862.5,,tier 4 fuzzy
Easy Access Scaffolding,EASY ACCESS SCAFFOLDING,07957351,EASY ACCESS SCAFFOLDING LIMITED,1.0,1,193676.13,,tier 4 fuzzy
Ladybirds Kinder Class,LADYBIRDS KINDER CLASS,04488823,LADYBIRDS KINDER CLASS LTD,1.0,1,192222.56,,tier 4 fuzzy
EALING COMMUNITY TRANSPORT LTD,EALING COMMUNITY TRANSPORT LTD,07211806,EALING COMMUNITY TRANSPORT,1.0,1,190856.22,,tier 4 fuzzy
BLACKS SOLICITORS,BLACKS SOLICITORS,OC309566,BLACKS SOLICITORS LLP,1.0,1,188709.9,,tier 4 fuzzy
Manchester Credit Union,MANCHESTER CREDIT UNION,IP00235C,MANCHESTER CREDIT UNION LIMITED,1.0,1,187467.11,,tier 4 fuzzy
UNIVERSITY OF CENTRAL LANCASHIRE,UNIVERSITY OF CENTRAL LANCASHIRE,02340053,UNIVERSITY OF LANCASHIRE BUSINESS SERVICES LIMITED,,1,187206.19,,tier 1 demoted: register name disagrees
Happy Days Nursery,HAPPY DAYS NURSERY,04394075,HAPPY DAYS NURSERY LIMITED,1.0,1,187138.9,,tier 4 fuzzy
Full Circle Care,FULL CIRCLE CARE,06610632,FULL CIRCLE CARE LTD,1.0,1,185509.44,,tier 4 fuzzy
CYBERIS LIMITED,CYBERIS LTD,07556994,CYBERIS REPLY LIMITED,,1,185150,,tier 1 demoted: register name disagrees
Ikon Fostering,IKON FOSTERING,09055343,IKON FOSTERING LIMITED,1.0,1,184250.04,,tier 4 fuzzy
Simply Cherish Day Nursery,SIMPLY CHERISH DAY NURSERY,06647247,SIMPLY CHERISH DAY NURSERY LTD.,1.0,1,183901.58,,tier 4 fuzzy
Read Roper and Read T/A LPL,READ ROPER AND READ,OC362191,READ ROPER AND READ LLP,1.0,1,182000,,tier 4 fuzzy
The National Autistic Society,NATIONAL AUTISTIC SOCIETY,01205298,NATIONAL AUTISTIC SOCIETY(THE),,1,179506.39,,tier 1 demoted: register name disagrees
The Copyright Licensing Agency Ltd,COPYRIGHT LICENSING AGENCY LTD,01690026,COPYRIGHT LICENSING AGENCY LIMITED(THE),,1,178188.82,,tier 1 demoted: register name disagrees
York Wheels,YORK WHEELS,04448963,YORK WHEELS LIMITED,1.0,1,177406.59,,tier 4 fuzzy
Community Foster Care Ltd,COMMUNITY FOSTER CARE LTD,03719101,COMMUNITY FOSTER CARE,1.0,1,177295.13,,tier 4 fuzzy
Michael Page International,MICHAEL PAGE INTERNATIONAL,02327468,MICHAEL PAGE INTERNATIONAL LIMITED,1.0,1,176691.66,,tier 4 fuzzy
Huntington Kinder Class,HUNTINGTON KINDER CLASS,12049422,HUNTINGTON KINDER CLASS LTD,1.0,1,172038.92,,tier 4 fuzzy
Barlow Moor Community Association,BARLOW MOOR COMMUNITY ASSOCIATION,07476646,BARLOW MOOR COMMUNITY ASSOCIATION LIMITED,1.0,1,170764.35,,tier 4 fuzzy
Moores Furniture Group Limited,MOORES FURNITURE GROUP LTD,01083749,M REALISATIONS 2026 LIMITED,,1,170415.94,,tier 1 demoted: register name disagrees
BOURNEMOUTH INTERNATIONAL AIRPORT,BOURNEMOUTH INTERNATIONAL AIRPORT,02078270,BOURNEMOUTH INTERNATIONAL AIRPORT LIMITED,1.0,1,170396.24,,tier 4 fuzzy
Essex Wildlife Trust,ESSEX WILDLIFE TRUST,00638666,ESSEX WILDLIFE TRUST LIMITED,1.0,1,170088.23,,tier 4 fuzzy
Complete Background Screening,COMPLETE BACKGROUND SCREENING,05435348,COMPLETE BACKGROUND SCREENING LTD,1.0,1,169112,,tier 4 fuzzy
Bucher Municipal,BUCHER MUNICIPAL,00199841,BUCHER MUNICIPAL LIMITED,1.0,1,168594,,tier 4 fuzzy
Bucher Municipal,BUCHER MUNICIPAL,00199841,BUCHER MUNICIPAL LIMITED,,1,168594,,tier 1 demoted: register name disagrees
Rigby Taylor Ltd,RIGBY TAYLOR LTD,00157345,ORIGIN AMENITY SOLUTIONS LIMITED,,1,166936.18,,tier 1 demoted: register name disagrees
Greenshoot Care Services,GREENSHOOT CARE SERVICES,08536258,GREENSHOOT CARE SERVICES LIMITED,1.0,1,165239.95,,tier 4 fuzzy
Brightsparks Agency Ltd,BRIGHTSPARKS AGENCY LTD,09181544,BRIGHTSPARKS AGENCY LTD,1.0,1,165001.57,,tier 4 fuzzy
CAPSTICKS LLP,CAPSTICKS LLP,OC340360,CAPSTICKS SOLICITORS LLP,,1,165000,,tier 1 demoted: register name disagrees
Advanced Business Solutions,ADVANCED BUSINESS SOLUTIONS,11125626,ADVANCED BUSINESS SOLUTIONS LTD,1.0,1,164435.63,,tier 4 fuzzy
Lakeside School,LAKESIDE SCHOOL,05427002,LAKESIDE SCHOOL LIMITED,1.0,1,162087.23,,tier 4 fuzzy
Alderson House,ALDERSON HOUSE,03713784,ALDERSON HOUSE LIMITED,1.0,1,161127.53,,tier 4 fuzzy
Lacuna Agency,LACUNA AGENCY,09563851,LACUNA AGENCY LTD,1.0,1,160392,,tier 4 fuzzy
Sopra Steria,SOPRA STERIA,04077975,SOPRA STERIA LIMITED,1.0,1,159900,,tier 4 fuzzy
York Steiner School,YORK STEINER SCHOOL,01591107,YORK STEINER SCHOOL LIMITED,1.0,1,159825.64,,tier 4 fuzzy
GoGet,GOGET,13828174,GOGET LTD,1.0,1,159180.53,,tier 4 fuzzy
Cowling Swift & Kitchin,COWLING SWIFT AND KITCHIN,07935708,COWLING SWIFT & KITCHIN LIMITED,1.0,1,157650,,tier 4 fuzzy
Slimming World,SLIMMING WORLD,01555105,SLIMMING WORLD LIMITED,1.0,1,152350.5,,tier 4 fuzzy
OPTIMA HEALTH,OPTIMA HEALTH,13886031,OPTIMA HEALTH PLC,1.0,1,151764.59,,tier 4 fuzzy
Kenwood Day Nursery,KENWOOD DAY NURSERY,12177332,KENWOOD DAY NURSERY LTD,1.0,1,150037.64,,tier 4 fuzzy
WORKING CHANCE,WORKING CHANCE,06331809,WORKING CHANCE LIMITED,1.0,1,150000,,tier 4 fuzzy
Nottingham Rehab,NOTTINGHAM REHAB,01948041,NOTTINGHAM REHAB LIMITED,1.0,1,149971.15,,tier 4 fuzzy
Capstone Foster Care,CAPSTONE FOSTER CARE,06128293,CAPSTONE FOSTER CARE LIMITED,1.0,1,149843.72,,tier 4 fuzzy
COVENTRY RAPE AND SEXUAL ABUSE CENTRE (CRASAC),COVENTRY RAPE AND SEXUAL ABUSE CENTRE CRASAC,CE027159,COVENTRY RAPE AND SEXUAL ABUSE CENTRE,0.8571,2,149405,,tier 4 fuzzy
COVENTRY RAPE AND SEXUAL ABUSE CENTRE,COVENTRY RAPE AND SEXUAL ABUSE CENTRE,CE027159,COVENTRY RAPE AND SEXUAL ABUSE CENTRE,1.0,2,149405,,tier 4 fuzzy
Elmtree Grove School,ELMTREE GROVE SCHOOL,15789869,ELMTREE GROVE SCHOOL LTD,1.0,1,148083.78,,tier 4 fuzzy
OASIS PROJECT,OASIS PROJECT,03447762,OASIS PROJECT LTD,1.0,1,147415,,tier 4 fuzzy
Haven Care Group,HAVEN CARE GROUP,10015371,HAVEN CARE GROUP LIMITED,1.0,1,144912.88,,tier 4 fuzzy
Sunnyside,SUNNYSIDE,10554683,SUNNYSIDE LTD,1.0,1,144810.4,,tier 4 fuzzy
School Transport Solutions,SCHOOL TRANSPORT SOLUTIONS,10958195,SCHOOL TRANSPORT SOLUTIONS LTD,1.0,1,144290,,tier 4 fuzzy
Cherry Tree House,CHERRY TREE HOUSE,11892078,CHERRY TREE HOUSE LTD,1.0,1,143717.68,,tier 4 fuzzy
O&K INVESTMENT HOLDING (WORCESTER),O AND K INVESTMENT HOLDING WORCESTER,15302997,O&K INVESTMENT HOLDING (WORCESTER) LTD,1.0,1,143171.79,,tier 4 fuzzy
FLEXIFORM BUSINESS FURNITURE,FLEXIFORM BUSINESS FURNITURE,02542123,FLEXIFORM BUSINESS FURNITURE LIMITED,1.0,1,143075.47,,tier 4 fuzzy
Orchard House,ORCHARD HOUSE,12591440,ORCHARD HOUSE LTD,1.0,1,142506.42,,tier 4 fuzzy
BCL,BCL,08106928,BCL LIMITED,1.0,1,140353.45,,tier 4 fuzzy
The Bluebell Nursery,BLUEBELL NURSERY,07629915,BLUEBELL NURSERY LIMITED,1.0,1,140243.67,,tier 4 fuzzy
Manchester Youth Academy,MANCHESTER YOUTH ACADEMY,08560633,MANCHESTER YOUTH ACADEMY LTD,1.0,1,140014.25,,tier 4 fuzzy
Manchester Creche,MANCHESTER CRECHE,14542206,MANCHESTER CRECHE LIMITED,1.0,1,139912.12,,tier 4 fuzzy
Andrew Haslam,ANDREW HASLAM,06613988,ANDREW HASLAM LIMITED,1.0,1,139867.5,,tier 4 fuzzy
Coram Voice,CORAM VOICE,03050826,CORAM VOICE (FORMERLY VOICE FOR THE CHILD IN CARE),,1,139838.88,,tier 1 demoted: register name disagrees
Reed Talent Solutions t/a Consultancy+,REED TALENT SOLUTIONS,11875450,REED TALENT SOLUTIONS LIMITED,,1,138887.46,,tier 1 demoted: register name disagrees
Reed Talent Solutions t/a Consultancy+,REED TALENT SOLUTIONS,11875450,REED TALENT SOLUTIONS LIMITED,1.0,1,138887.46,,tier 4 fuzzy
PULSE,PULSE,06029025,PULSE LTD,1.0,3,138886.68,,tier 4 fuzzy
Brynawel House Alcohol and Drug Rehabilitation Centre,BRYNAWEL HOUSE ALCOHOL AND DRUG REHABILITATION CENTRE,05708345,BRYNAWEL HOUSE ALCOHOL AND DRUG REHABILITATION CENTRE LTD.,1.0,1,138215,,tier 4 fuzzy
Network Rail Property,NETWORK RAIL PROPERTY,10096751,NETWORK RAIL PROPERTY LIMITED,1.0,1,137597,,tier 4 fuzzy
Reform Radio CIC,REFORM RADIO CIC,08537221,REFORM RADIO COMMUNITY INTEREST COMPANY,,1,136589.17,,tier 1 demoted: register name disagrees
BRUNTWOOD,BRUNTWOOD,06017744,BRUNTWOOD LIMITED,1.0,1,135216.18,,tier 4 fuzzy
Granicus Firmstep Limited,GRANICUS FIRMSTEP LTD,04283951,GRANICUS-FIRMSTEP LIMITED,,1,134215.2,,tier 1 demoted: register name disagrees
Mini Miners Nursery,MINI MINERS NURSERY,11095295,MINI MINERS NURSERY LTD,1.0,1,131146.45,,tier 4 fuzzy
Martin Beisly Fine Art,MARTIN BEISLY FINE ART,11454034,MARTIN BEISLY FINE ART LIMITED,1.0,1,130000,,tier 4 fuzzy
Pavement Testing Services Ltd,PAVEMENT TESTING SERVICES LTD,04374737,XAIS-PTS LIMITED,,1,128229.42,,tier 1 demoted: register name disagrees
Dobbins Industrial Cleaning,DOBBINS INDUSTRIAL CLEANING,04573441,DOBBINS INDUSTRIAL CLEANING LIMITED,1.0,1,128104,,tier 4 fuzzy
Waddington & Son Solicitors,WADDINGTON AND SON SOLICITORS,10719441,WADDINGTON & SON (SOLICITORS) LIMITED,1.0,1,127555.89,,tier 4 fuzzy
Kings Chambers,KINGS CHAMBERS,07091130,KINGS CHAMBERS LIMITED,1.0,1,126561,,tier 4 fuzzy
Kings Chambers,KINGS CHAMBERS,07091130,KINGS CHAMBERS LIMITED,,1,126561,,tier 1 demoted: register name disagrees
SMG (Europe) Ltd,SMG EUROPE LTD,02896111,SMG EUROPE,1.0,1,125177.5,,tier 4 fuzzy
TM Fortis Solicitors,TM FORTIS SOLICITORS,07629393,TM FORTIS SOLICITORS LTD,1.0,1,125000,,tier 4 fuzzy
Cityco,CITYCO,11040161,CITYCO LTD,1.0,1,124975,,tier 4 fuzzy
Parkway Cabs & Cars,PARKWAY CABS AND CARS,08100000,PARKWAY CABS AND CARS LIMITED,1.0,1,124893.5,,tier 4 fuzzy
MHA Auchlochan,MHA AUCHLOCHAN,SC352117,MHA AUCHLOCHAN,1.0,1,124660.97,,tier 4 fuzzy
Bristol Tuition,BRISTOL TUITION,13447711,BRISTOL TUITION LIMITED,1.0,1,124495,,tier 4 fuzzy
Elliott House,ELLIOTT HOUSE,10836785,ELLIOTT HOUSE LIMITED,1.0,1,124445.49,,tier 4 fuzzy
AKCESS CIC,AKCESS CIC,05216027,AKCESS CIC,1.0,1,124317.53,,tier 4 fuzzy
SWIIS Foster Care,SWIIS FOSTER CARE,03985713,SWIIS FOSTER CARE LIMITED,1.0,1,122335.47,,tier 4 fuzzy
Impact For All,IMPACT FOR ALL,07351396,IMPACT FOR ALL LTD.,1.0,1,121870,,tier 4 fuzzy
Inaaya Solicitors,INAAYA SOLICITORS,10364401,INAAYA SOLICITORS LIMITED,1.0,1,121675.57,,tier 4 fuzzy
Kingarth,KINGARTH,07198635,KINGARTH LIMITED,1.0,1,120099.28,,tier 4 fuzzy
AMR CYBER SECURITY LTD,AMR CYBER SECURITY LTD,11551941,AMR CYBERSECURITY LTD,,1,119518.2,,tier 1 demoted: register name disagrees
FINANCIAL REPORTING COUNCIL,FINANCIAL REPORTING COUNCIL,02486368,THE FINANCIAL REPORTING COUNCIL LIMITED,1.0,1,118495.63,,tier 4 fuzzy
FINANCIAL REPORTING COUNCIL,FINANCIAL REPORTING COUNCIL,02486368,THE FINANCIAL REPORTING COUNCIL LIMITED,,1,118495.63,,tier 1 demoted: register name disagrees
SHELBORN ASSET MANAGEMENT,SHELBORN ASSET MANAGEMENT,08439076,SHELBORN ASSET MANAGEMENT LTD,1.0,1,117840.48,,tier 4 fuzzy
INOVEM LTD,INOVEM LTD,04228932,KAHOOTZ LIMITED,,1,117671.4,,tier 1 demoted: register name disagrees
Carebase,CAREBASE,04491605,CAREBASE LIMITED,1.0,1,116083.95,,tier 4 fuzzy
Eversheds Llp,EVERSHEDS LLP,OC304065,EVERSHEDS SUTHERLAND (INTERNATIONAL) LLP,,1,115454.5,,tier 1 demoted: register name disagrees
LAW FOR LIFE FOUNDATION FOR PUBLIC LEGAL EDUCATION,LAW FOR LIFE FOUNDATION FOR PUBLIC LEGAL EDUCATION,07695486,LAW FOR LIFE: THE FOUNDATION FOR PUBLIC LEGAL EDUCATION,0.875,1,115445.25,,tier 4 fuzzy
SOMEONE CARES,SOMEONE CARES,IP29399R,SOMEONE CARES LIMITED,1.0,1,114922,,tier 4 fuzzy
Kingfisher School,KINGFISHER SCHOOL,15500435,KINGFISHER SCHOOL LIMITED,1.0,1,113158.98,,tier 4 fuzzy
RAPE AND SEXUAL ABUSE COUNSELLING CENTRE (DARLINGTON AND COUNTY DURHAM),RAPE AND SEXUAL ABUSE COUNSELLING CENTRE DARLINGTON AND COUNTY DURHAM,CE005491,RAPE AND SEXUAL ABUSE COUNSELLING CENTRE (DARLINGTON AND COUNTY DURHAM) CIO,0.9,1,112110,,tier 4 fuzzy
Apollo Cleaning Solutions,APOLLO CLEANING SOLUTIONS,07166680,APOLLO CLEANING SOLUTIONS LTD,1.0,1,112098.44,,tier 4 fuzzy
Anaeko Limited,ANAEKO LTD,NI044494,ANAEKO LIMITED,1.0,1,111337.1,,tier 4 fuzzy
GLOUCESTERSHIRE RAPE AND SEXUAL ABUSE CENTRE [GRASAC],GLOUCESTERSHIRE RAPE AND SEXUAL ABUSE CENTRE GRASAC,CE000857,GLOUCESTERSHIRE RAPE AND SEXUAL ABUSE CENTRE,0.8571,1,110818,,tier 4 fuzzy
The Guide dogs for the Blind Association,GUIDE DOGS FOR THE BLIND ASSOCIATION,00291646,GUIDE DOGS FOR THE BLIND ASSOCIATION(THE),1.0,1,110502.55,,tier 4 fuzzy
The Guide dogs for the Blind Association,GUIDE DOGS FOR THE BLIND ASSOCIATION,00291646,GUIDE DOGS FOR THE BLIND ASSOCIATION(THE),,1,110502.55,,tier 1 demoted: register name disagrees
Silver Birch School,SILVER BIRCH SCHOOL,11213769,SILVER BIRCH SCHOOL LTD,1.0,1,109999.98,,tier 4 fuzzy
WEST MERCIA RAPE AND SEXUAL ABUSE SUPPORT CENTRE (WMRSASC),WEST MERCIA RAPE AND SEXUAL ABUSE SUPPORT CENTRE WMRSASC,07083844,WEST MERCIA RAPE AND SEXUAL ABUSE SUPPORT CENTRE,0.8889,1,109741,,tier 4 fuzzy
Step and Stone,STEP AND STONE,07559083,STEP AND STONE LIMITED,1.0,1,108769.41,,tier 4 fuzzy
GET THE DATA,GET THE DATA,08059874,GET THE DATA LTD,1.0,1,104958.18,,tier 4 fuzzy
SURVIVOR SPACE OXFORDSHIRE,SURVIVOR SPACE OXFORDSHIRE,06835605,SURVIVOR SPACE OXFORDSHIRE LTD,1.0,1,104870,,tier 4 fuzzy
Codebase8,CODEBASE8,02696599,CODEBASE8 LIMITED,1.0,1,104457.6,,tier 4 fuzzy
Arrow Self Drive,ARROW SELF DRIVE,03794992,ARROW SELF DRIVE LIMITED,1.0,1,103714.92,,tier 4 fuzzy
Arrow Self Drive,ARROW SELF DRIVE,02206442,ARROW COMMERCIAL CENTRE (HUDDERSFIELD) LIMITED,,1,103714.92,,tier 1 demoted: register name disagrees
Cabot Learning Federation Ltd t/a Lansdown Park Academy,CABOT LEARNING FEDERATION LTD,06207590,CABOT LEARNING FEDERATION,1.0,1,103535.95,,tier 4 fuzzy
TLT Solicitors,TLT SOLICITORS,05022675,TLT SOLICITORS LIMITED,1.0,1,101711,,tier 4 fuzzy
NEC SOFTWARE SOLUTIONS,NEC SOFTWARE SOLUTIONS,00968498,NEC SOFTWARE SOLUTIONS UK LIMITED,,1,101563.86,,tier 1 demoted: register name disagrees
Moor Allerton Preparatory School,MOOR ALLERTON PREPARATORY SCHOOL,09738485,MOOR ALLERTON PREPARATORY SCHOOL LIMITED,1.0,1,101437.63,,tier 4 fuzzy
The Mount School,MOUNT SCHOOL,10806477,THE MOUNT SCHOOL LIMITED,1.0,1,101390.96,,tier 4 fuzzy
Northern Gas Networks,NORTHERN GAS NETWORKS,05167070,NORTHERN GAS NETWORKS LIMITED,1.0,1,100559.69,,tier 4 fuzzy
Jordans Solicitors,JORDANS SOLICITORS,OC312294,JORDANS SOLICITORS LLP,1.0,1,100000,,tier 4 fuzzy
CW Studio,CW STUDIO,08054283,CW STUDIO LIMITED,1.0,1,99872.11,,tier 4 fuzzy
The Proud Trust,PROUD TRUST,05585290,THE PROUD TRUST LTD,1.0,1,99847.63,,tier 4 fuzzy
Ecomix Concrete Ltd,ECOMIX CONCRETE LTD,06431224,ECOMIX CONCRETE LIMITED,1.0,1,98002.5,,tier 4 fuzzy
Matrix Traffic and Transport Data,MATRIX TRAFFIC AND TRANSPORT DATA,10495309,MATRIX TRAFFIC AND TRANSPORT DATA LIMITED,1.0,1,97769.5,,tier 4 fuzzy
Voyage 1,VOYAGE 1,02215899,VOYAGE 1 LIMITED,1.0,1,97662.11,,tier 4 fuzzy
Coffee4Craig Ltd,COFFEE4CRAIG LTD,CE006374,COFFEE4CRAIG,1.0,1,97550,,tier 4 fuzzy
CURTIS LAW SOLICITORS,CURTIS LAW SOLICITORS,11426885,CURTIS LAW SOLICITORS LIMITED,1.0,1,97500,,tier 4 fuzzy
CYBANETIX,CYBANETIX,10558582,CYBANETIX LIMITED,1.0,1,97311.1,,tier 4 fuzzy
TJA Associates,TJA ASSOCIATES,09791686,TJA ASSOCIATES LIMITED,1.0,1,97189.2,,tier 4 fuzzy
Eville & Jones Commercial Services,EVILLE AND JONES COMMERCIAL SERVICES,09341619,EVILLE & JONES (COMMERCIAL SERVICES) LIMITED,1.0,1,96514.12,,tier 4 fuzzy
Cornthwaite Tree Care,CORNTHWAITE TREE CARE,06623718,CORNTHWAITE TREE CARE LIMITED,1.0,1,95822.8,,tier 4 fuzzy
Second Chance Housing,SECOND CHANCE HOUSING,07274686,SECOND CHANCE HOUSING LTD,1.0,1,95720,,tier 4 fuzzy
LANDOR LINKS,LANDOR LINKS,02346104,LANDOR LINKS LIMITED,1.0,1,95512,,tier 4 fuzzy
NLA MEDIA ACCESS,NLA MEDIA ACCESS,03003569,NLA MEDIA ACCESS LIMITED,,1,94392,,tier 1 demoted: register name disagrees
NLA MEDIA ACCESS,NLA MEDIA ACCESS,03003569,NLA MEDIA ACCESS LIMITED,1.0,1,94392,,tier 4 fuzzy
Willow Tree Support Services Ltd,WILLOW TREE SUPPORT SERVICES LTD,11642105,WILLOW TREE SUPPORT SERVICES LTD,1.0,1,93699.13,,tier 4 fuzzy
Copmanthorpe Childcare Centre,COPMANTHORPE CHILDCARE CENTRE,11895873,COPMANTHORPE CHILDCARE CENTRE LIMITED,1.0,1,93191.58,,tier 4 fuzzy
Response Team 247 Ltd,RESPONSE TEAM 247 LTD,13522163,RESPONSE TEAM 247 LIMITED,1.0,1,93059.03,,tier 4 fuzzy
BECHTLE DIRECT LTD,BECHTLE DIRECT LTD,03283032,BECHTLE LIMITED,,1,92975.27,,tier 1 demoted: register name disagrees
Alan Wood & Partners,ALAN WOOD AND PARTNERS,02648520,ALAN WOOD & PARTNERS LIMITED,1.0,1,92619.6,,tier 4 fuzzy
The Park Community Centre,PARK COMMUNITY CENTRE,07472743,THE PARK COMMUNITY CENTRE LIMITED,1.0,1,92126.09,,tier 4 fuzzy
The Blueberry Academy,BLUEBERRY ACADEMY,06052107,THE BLUEBERRY ACADEMY LIMITED,1.0,1,91910.71,,tier 4 fuzzy
GOCARDLESS,GOCARDLESS,07495895,GOCARDLESS LTD,1.0,1,91383.33,,tier 4 fuzzy
Strive Services,STRIVE SERVICES,14264245,STRIVE SERVICES LIMITED,1.0,1,91196.81,,tier 4 fuzzy
ARUP,ARUP,02461313,ARUP LIMITED,1.0,1,90818.7,,tier 4 fuzzy
Thompson Solicitors,THOMPSON SOLICITORS,15700697,THOMPSON SOLICITORS LIMITED,1.0,1,90548,,tier 4 fuzzy
BRITISH INSTITUTE OF INTERNATIONAL & COMPARATIVE LAW,BRITISH INSTITUTE OF INTERNATIONAL AND COMPARATIVE LAW,00615025,BRITISH INSTITUTE OF INTERNATIONAL AND COMPARATIVE LAW(THE),0.875,1,87560.58,,tier 4 fuzzy
Societe Generale t/a ALD Automotive Limited,SOCIETE GENERALE,FC000268,SOCIETE GENERALE,1.0,2,87183.65,,tier 4 fuzzy
NRS Healthcare,NRS HEALTHCARE,01948041,NOTTINGHAM REHAB LIMITED,,1,86611.44,,tier 1 demoted: register name disagrees
NRS Healthcare,NRS HEALTHCARE,11480843,NRS HEALTHCARE LIMITED,1.0,1,86611.44,,tier 4 fuzzy
National Highways,NATIONAL HIGHWAYS,09346363,NATIONAL HIGHWAYS LIMITED,1.0,1,85387.12,,tier 4 fuzzy
National Highways,NATIONAL HIGHWAYS,09346363,NATIONAL HIGHWAYS LIMITED,,1,85387.12,,tier 1 demoted: register name disagrees
Re:Work Ltd,RE WORK LTD,03738243,RE:WORK LTD,1.0,1,84982.31,,tier 4 fuzzy
Landmark Chambers,LANDMARK CHAMBERS,04525957,LANDMARK CHAMBERS LIMITED,1.0,1,84262.5,,tier 4 fuzzy
CPD Property Services,CPD PROPERTY SERVICES,07020609,CPD PROPERTY SERVICES LTD,1.0,1,83920,,tier 4 fuzzy
Veritas Solicitors,VERITAS SOLICITORS,OC332899,VERITAS SOLICITORS LLP,1.0,1,83573.53,,tier 4 fuzzy
Tribal Education,TRIBAL EDUCATION,04163300,TRIBAL EDUCATION LIMITED,1.0,1,83030.56,,tier 4 fuzzy
COPYRIGHT LICENSING AGENCY,COPYRIGHT LICENSING AGENCY,01690026,COPYRIGHT LICENSING AGENCY LIMITED(THE),,1,82473.46,,tier 1 demoted: register name disagrees
Astra Signs,ASTRA SIGNS,03115547,ASTRA SIGNS LIMITED,1.0,1,81927.84,,tier 4 fuzzy
In Abis Hands Ltd,IN ABIS HANDS LTD,12462682,IN ABIS HANDS LTD,1.0,1,81919.35,,tier 4 fuzzy
Wythenshawe Community Initiative,WYTHENSHAWE COMMUNITY INITIATIVE,05564192,WYTHENSHAWE COMMUNITY INITIATIVE LTD,1.0,1,81812.13,,tier 4 fuzzy
Sense,SENSE,14050839,SENSE LTD,1.0,1,81242.15,,tier 4 fuzzy
CPCAB,CPCAB,02952656,CPCAB LIMITED,1.0,1,80411,,tier 4 fuzzy
V Cars Limited T/A Streamline Taxis,V CARS LTD,14411711,V V CARS LTD,1.0,1,80009.62,,tier 4 fuzzy
British Telecom PLC,BRITISH TELECOM PLC,01800000,BRITISH TELECOMMUNICATIONS LIMITED,,1,79271.65,,tier 1 demoted: register name disagrees
Talk Talk Business,TALK TALK BUSINESS,11347230,TALKTALK BUSINESS DIRECT LIMITED,,1,77923.93,,tier 1 demoted: register name disagrees
Talk Talk Business,TALK TALK BUSINESS,05821647,TALK + BUSINESS LIMITED,1.0,2,77923.93,,tier 4 fuzzy
Venture Arts Ltd,VENTURE ARTS LTD,10823617,VENTURE ARTS,1.0,1,77472.34,,tier 4 fuzzy
Corbenic Camphill Community,CORBENIC CAMPHILL COMMUNITY,SC066657,CORBENIC CAMPHILL COMMUNITY LIMITED,1.0,1,77274.61,,tier 4 fuzzy
Man Coed VM Ltd,MAN COED VM LTD,09576481,MAN COED VM LIMITED,1.0,1,77183,,tier 4 fuzzy
Select Fashion Ltd,SELECT FASHION LTD,11788458,SELECT FASHION LTD,1.0,1,76772,,tier 4 fuzzy
ROTHERHAM COMMUNITY TRANSPORT,ROTHERHAM COMMUNITY TRANSPORT,RS026853,ROTHERHAM COMMUNITY TRANSPORT LIMITED,1.0,1,76629.14,,tier 4 fuzzy
ADFERIAD RECOVERY,ADFERIAD RECOVERY,02751104,ADFERIAD RECOVERY LIMITED,1.0,1,75600,,tier 4 fuzzy
JFH Horticultural Supplies,JFH HORTICULTURAL SUPPLIES,08758818,JFH HORTICULTURAL SUPPLIES LIMITED,1.0,1,75212.7,,tier 4 fuzzy
Shardale St Annes Ltd,SHARDALE ST ANNES LTD,08413345,SHARDALE (ST ANNES) LIMITED,1.0,1,74406.72,,tier 4 fuzzy
PHS Group,PHS GROUP,05384799,PHS GROUP LIMITED,1.0,1,73072.72,,tier 4 fuzzy
Salutem LD Bidco IV T/a Ambito Care & Education,SALUTEM LD BIDCO IV,10988939,SALUTEM LD BIDCO IV LIMITED,1.0,1,72958.12,,tier 4 fuzzy
Holmes Care Group,HOLMES CARE GROUP,05794940,THE HOLMES CARE (GROUP) LIMITED,1.0,1,72524.49,,tier 4 fuzzy
SLAUGHTER AND MAY,SLAUGHTER AND MAY,00535683,SLAUGHTER AND MAY LIMITED,1.0,1,72496.5,,tier 4 fuzzy
SJK PROPERTIES LIMITED,SJK PROPERTIES LTD,04860981,SJK PROPERTIES LTD,1.0,2,71067,,tier 4 fuzzy
Life By Ringley,LIFE BY RINGLEY,11697366,LIFE BY RINGLEY LIMITED,1.0,1,70337.97,,tier 4 fuzzy
FOOD MATTERS,FOOD MATTERS,08117087,FOOD MATTERS LIMITED,1.0,1,70136,,tier 4 fuzzy
Armstrong Watson,ARMSTRONG WATSON,OC415608,ARMSTRONG WATSON LLP,1.0,1,69758,,tier 4 fuzzy
Manchester Early Learning Centre,MANCHESTER EARLY LEARNING CENTRE,08108798,MANCHESTER EARLY LEARNING CENTRE LIMITED,1.0,1,69661.52,,tier 4 fuzzy
Morgan Lambert,MORGAN LAMBERT,03448234,MORGAN LAMBERT LIMITED,1.0,1,69469.16,,tier 4 fuzzy
Morgan Lambert,MORGAN LAMBERT,03448234,MORGAN LAMBERT LIMITED,,1,69469.16,,tier 1 demoted: register name disagrees
11KBW,11KBW,05829287,11 KBW LIMITED,,1,69413,,tier 1 demoted: register name disagrees
Ventbrook,VENTBROOK,04390614,VENTBROOK LIMITED,1.0,1,69364.07,,tier 4 fuzzy
Manchester Montessori House,MANCHESTER MONTESSORI HOUSE,13182418,MANCHESTER MONTESSORI HOUSE LTD,1.0,1,69323.4,,tier 4 fuzzy
Irwell Valley Housing Association,IRWELL VALLEY HOUSING ASSOCIATION,IP20684R,IRWELL VALLEY HOUSING ASSOCIATION LIMITED,1.0,1,69175.86,,tier 4 fuzzy
Link Treasury Services Ltd,LINK TREASURY SERVICES LTD,02652033,MUFG CORPORATE MARKETS TREASURY LIMITED,,1,68695,,tier 1 demoted: register name disagrees
Democracy Counts,DEMOCRACY COUNTS,07095502,DEMOCRACY COUNTS LIMITED,1.0,1,68552.87,,tier 4 fuzzy
Subscan UDS,SUBSCAN UDS,08108600,SUBSCAN UDS LIMITED,1.0,1,67815,,tier 4 fuzzy
SAVE THE FAMILY,SAVE THE FAMILY,01908006,SAVE THE FAMILY LIMITED,1.0,1,67160,,tier 4 fuzzy
Resolve West,RESOLVE WEST,02538842,RESOLVE WEST LTD,1.0,1,66614.43,,tier 4 fuzzy
Express Solicitors,EXPRESS SOLICITORS,08458462,EXPRESS SOLICITORS LIMITED,1.0,1,65923.3,,tier 4 fuzzy
Kaleidoscope Assessment Services,KALEIDOSCOPE ASSESSMENT SERVICES,05377864,KALEIDOSCOPE ASSESSMENT SERVICES LIMITED,1.0,1,65512.84,,tier 4 fuzzy
Sterling Event Group,STERLING EVENT GROUP,06877734,STERLING EVENT GROUP LIMITED,1.0,1,65283.69,,tier 4 fuzzy
Hachette UK Distribution,HACHETTE UK DISTRIBUTION,03541391,HACHETTE UK DISTRIBUTION LIMITED,1.0,1,65110.71,,tier 4 fuzzy
Emmett Russell Architects,EMMETT RUSSELL ARCHITECTS,08802579,EMMETT RUSSELL ARCHITECTS LTD,1.0,1,64679.55,,tier 4 fuzzy
Riverside,RIVERSIDE,OE019563,RIVERSIDE LTD,1.0,1,63995.12,,tier 4 fuzzy
Holgate House,HOLGATE HOUSE,03614370,HOLGATE HOUSE LIMITED,1.0,1,62654.43,,tier 4 fuzzy
BS3 Community Development Ltd,BS3 COMMUNITY DEVELOPMENT LTD,02542176,BS3 COMMUNITY DEVELOPMENT,1.0,1,62629.89,,tier 4 fuzzy
Liberty Academy Trust,LIBERTY ACADEMY TRUST,07954396,LIBERTY ACADEMY TRUST LTD.,1.0,1,62611.68,,tier 4 fuzzy
Inforhousing,INFORHOUSING,11536454,INFORHOUSING LTD,1.0,1,62074,,tier 4 fuzzy
Brighter Beginnings Day Nursery,BRIGHTER BEGINNINGS DAY NURSERY,04607295,BRIGHTER BEGINNINGS DAY NURSERY LIMITED,1.0,1,61865.5,,tier 4 fuzzy
Nordic Products and Services,NORDIC PRODUCTS AND SERVICES,09131544,NORDIC PRODUCTS & SERVICES LTD,,1,61828,,tier 1 demoted: register name disagrees
Nordic Products and Services,NORDIC PRODUCTS AND SERVICES,09131544,NORDIC PRODUCTS & SERVICES LTD,1.0,1,61828,,tier 4 fuzzy
RUNTIME COLLECTIVE T/A BRANDWATCH,RUNTIME COLLECTIVE,03898053,RUNTIME COLLECTIVE LIMITED,1.0,1,61775.76,,tier 4 fuzzy
Consensus 2013,CONSENSUS 2013,08574447,CONSENSUS (2013) LIMITED,1.0,1,61652.36,,tier 4 fuzzy
Reliance Motor Services,RELIANCE MOTOR SERVICES,12324721,RELIANCE MOTOR SERVICES LIMITED,1.0,1,61319.64,,tier 4 fuzzy
Apse,APSE,08368976,APSE LTD,1.0,1,61244,,tier 4 fuzzy
Advanced Child Care Assessments,ADVANCED CHILD CARE ASSESSMENTS,05571239,ADVANCED CHILD CARE ASSESSMENTS LIMITED,1.0,1,61197.83,,tier 4 fuzzy
MetaCompliance,METACOMPLIANCE,NI049166,METACOMPLIANCE LIMITED,1.0,1,61073.5,,tier 4 fuzzy
TARMAC,TARMAC,05560273,TARMAC LIMITED,1.0,1,60420.63,,tier 4 fuzzy
Nisai Virtual Academy,NISAI VIRTUAL ACADEMY,05030261,NISAI VIRTUAL ACADEMY LIMITED,1.0,1,59828.39,,tier 4 fuzzy
Nisai Virtual Academy,NISAI VIRTUAL ACADEMY,05030261,NISAI VIRTUAL ACADEMY LIMITED,,1,59828.39,,tier 1 demoted: register name disagrees
Mason Clark Associates,MASON CLARK ASSOCIATES,02537113,MASON CLARK ASSOCIATES LIMITED,1.0,1,59763.5,,tier 4 fuzzy
Arrow County Supplies,ARROW COUNTY SUPPLIES,06355141,ARROW COUNTY SUPPLIES LIMITED,1.0,1,59707.24,,tier 4 fuzzy
Arrow County Supplies,ARROW COUNTY SUPPLIES,06355141,ARROW COUNTY SUPPLIES LIMITED,,1,59707.24,,tier 1 demoted: register name disagrees
Ferrol Lodge Care Home,FERROL LODGE CARE HOME,10248611,FERROL LODGE CARE HOME LIMITED,1.0,1,59507.36,,tier 4 fuzzy
Hilldale Housing Association,HILLDALE HOUSING ASSOCIATION,RS008777,HILLDALE HOUSING ASSOCIATION LIMITED,1.0,1,58953.02,,tier 4 fuzzy
Canada Life Limited,CANADA LIFE LTD,00973271,CANADA LIFE LIMITED,1.0,2,58770,,tier 4 fuzzy
IDAS,IDAS,04984337,INDEPENDENT DOMESTIC ABUSE SERVICES,,1,58379.19,,tier 1 demoted: register name disagrees
IDAS,IDAS,02792217,IDAS LIMITED,1.0,1,58379.19,,tier 4 fuzzy
Atkins Realis,ATKINS REALIS,00688424,ATKINSRÉALIS UK LIMITED,,1,58329,,tier 1 demoted: register name disagrees
Costain,COSTAIN,00610201,COSTAIN LIMITED,1.0,1,58309.88,,tier 4 fuzzy
Jon Matthews Architects,JON MATTHEWS ARCHITECTS,11578881,JON MATTHEWS ARCHITECTS LIMITED,1.0,1,58000,,tier 4 fuzzy
Local Taxis,LOCAL TAXIS,12576860,LOCAL TAXIS LTD,1.0,1,57943,,tier 4 fuzzy
Artspace Lifespace Ltd,ARTSPACE LIFESPACE LTD,CE007822,ARTSPACE LIFESPACE,1.0,1,57930.88,,tier 4 fuzzy
Event Technical Support,EVENT TECHNICAL SUPPORT,08323546,EVENT TECHNICAL SUPPORT LIMITED,1.0,1,57826.72,,tier 4 fuzzy
Casa Environmental Services,CASA ENVIRONMENTAL SERVICES,07649903,CASA ENVIRONMENTAL SERVICES LTD,1.0,1,57327,,tier 4 fuzzy
Ignite Sports Coaching,IGNITE SPORTS COACHING,13902001,IGNITE SPORTS COACHING LIMITED,1.0,1,57292,,tier 4 fuzzy
Kids Limited,KIDS LTD,01346252,KIDS,1.0,1,56992,,tier 4 fuzzy
Wirral Change,WIRRAL CHANGE,05844145,WIRRAL CHANGE LIMITED,1.0,1,56720,,tier 4 fuzzy
The Dolphin School,DOLPHIN SCHOOL,12376081,DOLPHIN SCHOOL LIMITED,1.0,1,56639.96,,tier 4 fuzzy
Moving Forward Supported Lodgings,MOVING FORWARD SUPPORTED LODGINGS,10643777,MOVING FORWARD SUPPORTED LODGINGS LIMITED,1.0,1,56604.72,,tier 4 fuzzy
People Who Foster,PEOPLE WHO FOSTER,09886973,PEOPLE WHO FOSTER LTD,1.0,1,56356.2,,tier 4 fuzzy
Bishopston Beanstalks,BISHOPSTON BEANSTALKS,08556138,BISHOPSTON BEANSTALKS LTD,1.0,1,56239.73,,tier 4 fuzzy
AMP Clean Energy,AMP CLEAN ENERGY,11320925,AMP CLEAN ENERGY LIMITED,1.0,1,56186.88,,tier 4 fuzzy
Kids Allowed,KIDS ALLOWED,05161564,KIDS ALLOWED LIMITED,1.0,1,55910.4,,tier 4 fuzzy
Driscoll Kingston & Co,DRISCOLL KINGSTON AND CO,13872283,DRISCOLL KINGSTON & CO LTD,1.0,1,55484.79,,tier 4 fuzzy
Tranter Cleere & Co,TRANTER CLEERE AND CO,06719427,TRANTER CLEERE AND CO LIMITED,1.0,1,55191.24,,tier 4 fuzzy
Iron Mountain,IRON MOUNTAIN,02236749,IRON MOUNTAIN LIMITED,1.0,1,55172.66,,tier 4 fuzzy
Arena Group,ARENA GROUP,02168309,ARENA GROUP LIMITED,1.0,1,54713.5,,tier 4 fuzzy
Policy In Practice,POLICY IN PRACTICE,07042993,POLICY IN PRACTICE LTD,1.0,1,54615,,tier 4 fuzzy
Policy In Practice,POLICY IN PRACTICE,07042993,POLICY IN PRACTICE LTD,,1,54615,,tier 1 demoted: register name disagrees
Lisclare,LISCLARE,NI031180,LISCLARE LIMITED,,1,53923,,tier 1 demoted: register name disagrees
Lisclare,LISCLARE,NI031180,LISCLARE LIMITED,1.0,1,53923,,tier 4 fuzzy
TOTAL GAS & POWER LTD,TOTAL GAS AND POWER LTD,02172239,TOTALENERGIES GAS & POWER LIMITED,,1,53668.9,,tier 1 demoted: register name disagrees
Apex Specialist Education,APEX SPECIALIST EDUCATION,14596287,APEX SPECIALIST EDUCATION LTD,1.0,1,53469,,tier 4 fuzzy
IOTA,IOTA,15593675,IOTA LTD,1.0,1,53279.02,,tier 4 fuzzy
M&G Transport & Technical Services,M AND G TRANSPORT AND TECHNICAL SERVICES,06609351,M & G TRANSPORT AND TECHNICAL SERVICES LIMITED,1.0,1,52795.06,,tier 4 fuzzy
Advanced Pest Control,ADVANCED PEST CONTROL,03915269,ADVANCED PEST CONTROL LIMITED,1.0,1,52647,,tier 4 fuzzy
My Time Wellness,MY TIME WELLNESS,12288867,MY TIME WELLNESS LTD,1.0,1,52615.5,,tier 4 fuzzy
Working on Wellbeing Ltd,WORKING ON WELLBEING LTD,08544676,OPTIMA HEALTH UK LIMITED,,1,52416.36,,tier 1 demoted: register name disagrees
Link Mediation Services,LINK MEDIATION SERVICES,08837997,LINK MEDIATION SERVICES LTD,1.0,1,52200,,tier 4 fuzzy
Bates Wells & Braithwaite,BATES WELLS AND BRAITHWAITE,08321040,BATES WELLS & BRAITHWAITE LIMITED,1.0,1,52000,,tier 4 fuzzy
SAFER WALES LTD,SAFER WALES LTD,03611374,SAFER WALES,1.0,1,51741,,tier 4 fuzzy
ROFFEY PARK INSTITUTE,ROFFEY PARK INSTITUTE,00923975,ROFFEY PARK INSTITUTE LIMITED,,1,51576,,tier 1 demoted: register name disagrees
ROFFEY PARK INSTITUTE,ROFFEY PARK INSTITUTE,00923975,ROFFEY PARK INSTITUTE LIMITED,1.0,1,51576,,tier 4 fuzzy
Cornflower Ltd,CORNFLOWER LTD,03292989,CORNFLOWER LIMITED,1.0,2,50838.83,,tier 4 fuzzy
Temple Studios,TEMPLE STUDIOS,07936198,TEMPLE STUDIOS LIMITED,1.0,1,50539.82,,tier 4 fuzzy
Latcham Direct,LATCHAM DIRECT,06695717,LATCHAM DIRECT LIMITED,1.0,1,50174.62,,tier 4 fuzzy
Bay Media,BAY MEDIA,03788497,BAY MEDIA LTD,1.0,1,50151,,tier 4 fuzzy
Foster Care Values,FOSTER CARE VALUES,08405979,FOSTER CARE VALUES LIMITED,1.0,1,50100.15,,tier 4 fuzzy
THE CHARTERED INSTITUTION OF HIGHWAYS & TRANSPORTATION (CIHT),CHARTERED INSTITUTION OF HIGHWAYS AND TRANSPORTATION CIHT,RC000835,THE CHARTERED INSTITUTION OF HIGHWAYS AND TRANSPORTATION,0.8571,1,50000,,tier 4 fuzzy
RoadPeace,ROADPEACE,04165519,ROADPEACE,1.0,1,50000,,tier 4 fuzzy
WOMEN IN PRISON,WOMEN IN PRISON,05581944,WOMEN IN PRISON LIMITED,1.0,1,49997,,tier 4 fuzzy
The Sanctuary Project,SANCTUARY PROJECT,07632992,THE SANCTUARY PROJECT LIMITED,1.0,1,49875.76,,tier 4 fuzzy
Care Worldwide (Staffordshire),CARE WORLDWIDE STAFFORDSHIRE,06987005,CARE WORLDWIDE (STAFFORDSHIRE) LIMITED,1.0,1,49593.6,,tier 4 fuzzy
Upwards Care Solutions,UPWARDS CARE SOLUTIONS,11599555,UPWARDS CARE SOLUTIONS LIMITED,1.0,1,49184.8,,tier 4 fuzzy
Little Sisters of the Poor (Glasgow),LITTLE SISTERS OF THE POOR GLASGOW,CS002753,"LITTLE SISTERS OF THE POOR, GLASGOW SCIO",0.8571,1,49030.99,,tier 4 fuzzy
Trevi,TREVI,07648861,TREVI LTD,1.0,1,48342.84,,tier 4 fuzzy
Elcocks,ELCOCKS,01294435,ELCOCKS LIMITED,1.0,1,48212.89,,tier 4 fuzzy
Tevva Motors Limited,TEVVA MOTORS LTD,08368694,TEVVA MOTORS LIMITED,1.0,1,48000,,tier 4 fuzzy
SRA,SRA,12997819,SRA SRA LIMITED,1.0,1,47989,,tier 4 fuzzy
Capita Business Services,CAPITA BUSINESS SERVICES,02299747,CAPITA BUSINESS SERVICES LTD,1.0,1,47808,,tier 4 fuzzy
Capita Business Services,CAPITA BUSINESS SERVICES,02299747,CAPITA BUSINESS SERVICES LTD,,1,47808,,tier 1 demoted: register name disagrees
Cornerstone Design and Marketing,CORNERSTONE DESIGN AND MARKETING,07203931,CORNERSTONE DESIGN & MARKETING LIMITED,1.0,1,47291.67,,tier 4 fuzzy
Cornerstone Design and Marketing,CORNERSTONE DESIGN AND MARKETING,07203931,CORNERSTONE DESIGN & MARKETING LIMITED,,1,47291.67,,tier 1 demoted: register name disagrees
NORTH WALES WOMEN'S CENTRE,NORTH WALES WOMEN S CENTRE,03886363,NORTH WALES WOMEN'S CENTRE LIMITED,1.0,1,47195,,tier 4 fuzzy
Toucan Archive Storage,TOUCAN ARCHIVE STORAGE,11265970,TOUCAN ARCHIVE STORAGE LIMITED,1.0,1,47180.68,,tier 4 fuzzy
Clifton Bridge Hotel,CLIFTON BRIDGE HOTEL,08810411,CLIFTON BRIDGE HOTEL LIMITED,1.0,1,47040,,tier 4 fuzzy
CAP TRAC,CAP TRAC,06910854,CAP TRAC LTD,1.0,1,47005,,tier 4 fuzzy
CAP TRAC,CAP TRAC,06910854,CAP TRAC LTD,,1,47005,,tier 1 demoted: register name disagrees
Diligent,DILIGENT,04227741,DILIGENT LIMITED,1.0,1,46449.61,,tier 4 fuzzy
Mail Solutions,MAIL SOLUTIONS,02413935,MAIL SOLUTIONS LIMITED,1.0,1,46439.95,,tier 4 fuzzy
Mail Solutions,MAIL SOLUTIONS,05157725,MAIL SOLUTIONS UK LIMITED,,1,46439.95,,tier 1 demoted: register name disagrees
Satchell Moran Solicitors,SATCHELL MORAN SOLICITORS,09847571,SATCHELL MORAN SOLICITORS LIMITED,1.0,1,46272.13,,tier 4 fuzzy
Manchester Deaf Centre Ltd,MANCHESTER DEAF CENTRE LTD,CE033914,THE MANCHESTER DEAF CENTRE,1.0,2,46194,,tier 4 fuzzy
DeepStore,DEEPSTORE,02672031,DEEPSTORE LIMITED,1.0,1,46162.3,,tier 4 fuzzy
Gariff Construction,GARIFF CONSTRUCTION,02801429,GARIFF CONSTRUCTION LIMITED,1.0,1,46053,,tier 4 fuzzy
Royal Society For The Prevention of Accidents,ROYAL SOCIETY FOR THE PREVENTION OF ACCIDENTS,00231435,ROYAL SOCIETY FOR THE PREVENTION OF ACCIDENTS(THE),1.0,1,45000,,tier 4 fuzzy
Ripon Farm Services,RIPON FARM SERVICES,01667383,RIPON FARM SERVICES LIMITED,1.0,1,44917.09,,tier 4 fuzzy
Middleton Hall,MIDDLETON HALL,00065737,MIDDLETON HALL LIMITED,1.0,1,44800,,tier 4 fuzzy
Morelock Signs Limited,MORELOCK SIGNS LTD,03193048,MORELOCK SIGNS LIMITED,1.0,1,44608.71,,tier 4 fuzzy
Universal Live,UNIVERSAL LIVE,06617594,UNIVERSAL LIVE LIMITED,1.0,1,44557.92,,tier 4 fuzzy
Savanta,SAVANTA,06537386,SAVANTA LIMITED,1.0,1,44298.29,,tier 4 fuzzy
Cater-Trailer,CATER-TRAILER,05528548,CATER-TRAILER LIMITED,1.0,1,44240,,tier 4 fuzzy
Foster Talk,FOSTER TALK,06318354,FOSTER TALK LIMITED,1.0,1,43814.13,,tier 4 fuzzy
The Bilbrough Country Classroom,BILBROUGH COUNTRY CLASSROOM,07801644,THE BILBROUGH COUNTRY CLASSROOM LIMITED,1.0,1,43187,,tier 4 fuzzy
Serenity Welfare,SERENITY WELFARE,10484348,SERENITY WELFARE LTD,1.0,1,42982.84,,tier 4 fuzzy
ARMSTRONG RENEWABLES,ARMSTRONG RENEWABLES,08849059,ARMSTRONG RENEWABLES LIMITED,1.0,1,42500,,tier 4 fuzzy
Poole Dick Associates,POOLE DICK ASSOCIATES,01477221,POOLE DICK ASSOCIATES LIMITED,1.0,1,42465.58,,tier 4 fuzzy
SKY,SKY,02247735,SKY LIMITED,1.0,1,42027.22,,tier 4 fuzzy
SMART SURVEY LTD,SMART SURVEY LTD,04885155,SMARTSURVEY LTD,,1,42000,,tier 1 demoted: register name disagrees
Winter Service Solutions,WINTER SERVICE SOLUTIONS,07841440,WINTER SERVICE SOLUTIONS LTD,1.0,1,41916,,tier 4 fuzzy
Fox Group (Yorkshire),FOX GROUP YORKSHIRE,11069004,FOX GROUP (YORKSHIRE) LIMITED,1.0,1,41727,,tier 4 fuzzy
Donald Insall Associates,DONALD INSALL ASSOCIATES,01550406,DONALD INSALL ASSOCIATES LIMITED,1.0,1,41654.12,,tier 4 fuzzy
Obitus,OBITUS,05750459,VIVEDIA LIMITED,,1,40728.92,,tier 1 demoted: register name disagrees
At Home Specialists in Care Ltd,AT HOME SPECIALISTS IN CARE LTD,09204812,AT HOME - SPECIALISTS IN CARE LTD,1.0,1,39904.21,,tier 4 fuzzy
Kaasuu Properties,KAASUU PROPERTIES,11540683,KAASUU PROPERTIES LTD,1.0,1,39720,,tier 4 fuzzy
The Grange,GRANGE,NI031662,GRANGE LIMITED,1.0,1,38799.77,,tier 4 fuzzy
GO-CENTRIC LIMITED,GO-CENTRIC LTD,07377180,GO-CENTRIC LIMITED,1.0,1,38767.08,,tier 4 fuzzy
Mosaic Partnership Trust Ltd,MOSAIC PARTNERSHIP TRUST LTD,15391314,MOSAIC PARTNERSHIP TRUST,1.0,1,38557.48,,tier 4 fuzzy
STANDARD SIGNS & TRAFFIC SYSTEMS,STANDARD SIGNS AND TRAFFIC SYSTEMS,01691783,STANDARD SIGNS & TRAFFIC SYSTEMS LIMITED,1.0,1,38389.29,,tier 4 fuzzy
Jack In The Box Day Nursery,JACK IN THE BOX DAY NURSERY,04290790,JACK IN THE BOX (DAY NURSERY) LIMITED,1.0,1,38099.7,,tier 4 fuzzy
Johnsons Of Whixley Ltd,JOHNSONS OF WHIXLEY LTD,00616324,JOHNSONS NURSERIES LIMITED,,1,38017.57,,tier 1 demoted: register name disagrees
Initial Medical Services,INITIAL MEDICAL SERVICES,03174140,INITIAL MEDICAL SERVICES LIMITED,1.0,1,37635.57,,tier 4 fuzzy
West Street Glazing,WEST STREET GLAZING,15250123,WEST STREET GLAZING LIMITED,1.0,1,37530,,tier 4 fuzzy
Ellern Mede School,ELLERN MEDE SCHOOL,10642453,ELLERN MEDE SCHOOL LIMITED,1.0,1,37469,,tier 4 fuzzy
Haven Healthcare Services,HAVEN HEALTHCARE SERVICES,12427819,HAVEN HEALTHCARE SERVICES LIMITED,1.0,1,37450,,tier 4 fuzzy
Life Environmental Services,LIFE ENVIRONMENTAL SERVICES,03053057,LIFE ENVIRONMENTAL SERVICES LIMITED,1.0,1,37363.44,,tier 4 fuzzy
Rising Stars SLS ,RISING STARS SLS,13874983,RISING STARS SLS LTD,1.0,1,37122,,tier 4 fuzzy
Teach Me Happy,TEACH ME HAPPY,14254384,TEACH ME HAPPY LTD,1.0,1,36180,,tier 4 fuzzy
LANCASTER UNIVERSITY,LANCASTER UNIVERSITY,RC000657,UNIVERSITY OF LANCASTER,,1,36138.42,,tier 1 demoted: register name disagrees
University of Nottingham,UNIVERSITY OF NOTTINGHAM,RC000664,UNIVERSITY OF NOTTINGHAM (THE),,1,35910.13,,tier 1 demoted: register name disagrees
Skills Construction Centre,SKILLS CONSTRUCTION CENTRE,06550761,SKILLS CONSTRUCTION CENTRE LTD,1.0,1,34680,,tier 4 fuzzy
B M Services,B M SERVICES,01474614,B.M. SERVICES LIMITED,1.0,1,34475,,tier 4 fuzzy
Windsor Telecom,WINDSOR TELECOM,03752620,WINDSOR TELECOM LIMITED,1.0,1,34408.68,,tier 4 fuzzy
St John Ambulance Supplies,ST JOHN AMBULANCE SUPPLIES,06216408,ST JOHN AMBULANCE SUPPLIES LIMITED,1.0,1,34100,,tier 4 fuzzy
Severnside Community Rail Partnership,SEVERNSIDE COMMUNITY RAIL PARTNERSHIP,05270340,SEVERNSIDE COMMUNITY RAIL PARTNERSHIP C.I.C,,1,34000,,tier 1 demoted: register name disagrees
Link Maker Systems,LINK MAKER SYSTEMS,08472919,LINK MAKER SYSTEMS LIMITED,1.0,1,33532.74,,tier 4 fuzzy
Concerto Support Services,CONCERTO SUPPORT SERVICES,05124418,CONCERTO SUPPORT SERVICES LIMITED,,1,33000,,tier 1 demoted: register name disagrees
Concerto Support Services,CONCERTO SUPPORT SERVICES,05124418,CONCERTO SUPPORT SERVICES LIMITED,1.0,1,33000,,tier 4 fuzzy
NCB RiP Ltd,NCB RIP LTD,15336152,NCB RIP,1.0,1,32560,,tier 4 fuzzy
Andrew G Podmore & Son,ANDREW G PODMORE AND SON,08557810,ANDREW G PODMORE & SON LIMITED,1.0,1,32506.11,,tier 4 fuzzy
TRAFFORD HALL HOTEL,TRAFFORD HALL HOTEL,04618371,THE TRAFFORD HALL HOTEL LIMITED,1.0,1,32473,,tier 4 fuzzy
Vitalize Consultancy,VITALIZE CONSULTANCY,06873637,VITALIZE CONSULTANCY LIMITED,1.0,1,32159,,tier 4 fuzzy
ITSA,ITSA,02767942,ITSA LIMITED,1.0,1,32080.32,,tier 4 fuzzy
GEOFFREY OSBORNE LTD,GEOFFREY OSBORNE LTD,00873093,GEOFFREY OSBORNE LIMITED,1.0,1,32032.61,,tier 4 fuzzy
Georgie Porgies Nursery,GEORGIE PORGIES NURSERY,04816419,GEORGIE PORGIES NURSERY LIMITED,1.0,1,31879.98,,tier 4 fuzzy
MICHAEL PAGE,MICHAEL PAGE,03310225,MICHAEL PAGE PLC,1.0,1,31878,,tier 4 fuzzy
Kyocera Document Solutions (UK) Ltd,KYOCERA DOCUMENT SOLUTIONS UK LTD,02150688,KYOCERA DOCUMENT SOLUTIONS (U.K.) LIMITED,,1,31690.08,,tier 1 demoted: register name disagrees
Premier Education Group,PREMIER EDUCATION GROUP,05922136,PREMIER EDUCATION GROUP LIMITED,1.0,1,31629,,tier 4 fuzzy
Evidence Talks,EVIDENCE TALKS,04611669,EVIDENCE TALKS LIMITED,1.0,1,31500,,tier 4 fuzzy
The Loop t/a Gamma Telecom Ltd,LOOP,12971631,LOOP LOOP LTD,1.0,1,31430.74,,tier 4 fuzzy
Tudor Environmental,TUDOR ENVIRONMENTAL,08693251,TUDOR (UK) LTD,,1,31423.31,,tier 1 demoted: register name disagrees
Tudor Environmental,TUDOR ENVIRONMENTAL,14282608,TUDOR ENVIRONMENTAL LTD,1.0,1,31423.31,,tier 4 fuzzy
Showmed,SHOWMED,06448256,SHOWMED LIMITED,1.0,1,31341.5,,tier 4 fuzzy
EBSCO INTERNATIONAL INC,EBSCO INTERNATIONAL INC,FC016134,EBSCO INTERNATIONAL INC.,1.0,2,31179.6,,tier 4 fuzzy
South Lockleaze and Purdown Neighbourhood Group,SOUTH LOCKLEAZE AND PURDOWN NEIGHBOURHOOD GROUP,10030391,SOUTH LOCKLEAZE AND PURDOWN NEIGHBOURHOOD GROUP CIC,0.8571,1,31120,,tier 4 fuzzy
Inclusivity Global,INCLUSIVITY GLOBAL,06448212,INCLUSIVITY GLOBAL LTD,1.0,1,30995,,tier 4 fuzzy
E.ON Next Energy,E ON NEXT ENERGY,03782443,E.ON NEXT ENERGY LIMITED,1.0,1,30861.65,,tier 4 fuzzy
INSIGHTS LEARNING & DEVELOPMENT,INSIGHTS LEARNING AND DEVELOPMENT,SC107074,INSIGHTS LEARNING & DEVELOPMENT LIMITED,1.0,1,30781.88,,tier 4 fuzzy
Manchester Stay Hotel,MANCHESTER STAY HOTEL,14159562,MANCHESTER STAY HOTEL LIMITED,1.0,1,30745,,tier 4 fuzzy
Emotional and Trauma Support,EMOTIONAL AND TRAUMA SUPPORT,14154517,EMOTIONAL AND TRAUMA SUPPORT LIMITED,1.0,1,30450,,tier 4 fuzzy
Hirepoint York,HIREPOINT YORK,09602518,HIREPOINT (YORK) LIMITED,1.0,1,30213.35,,tier 4 fuzzy
Amelio Enterprises T/A EV Camel,AMELIO ENTERPRISES,07341860,AMELIO ENTERPRISES LIMITED,1.0,1,30000,,tier 4 fuzzy
BOOKING.COM,BOOKING COM,03512889,BOOKING.COM LIMITED,1.0,1,29996,,tier 4 fuzzy
Values Academy,VALUES ACADEMY,03618159,VALUES ACADEMY,1.0,1,29821,,tier 4 fuzzy
HOOTSUITE INC,HOOTSUITE INC,08056847,HOOTSUITE MEDIA UK LIMITED,,1,29487.15,,tier 1 demoted: register name disagrees
Dream Big Sports,DREAM BIG SPORTS,10538270,DREAM BIG SPORTS LTD,1.0,1,29460,,tier 4 fuzzy
Willow View,WILLOW VIEW,10301016,WILLOW VIEW LIMITED,1.0,1,29155.27,,tier 4 fuzzy
Little Foxes Forest School,LITTLE FOXES FOREST SCHOOL,OC452105,LITTLE FOXES FOREST SCHOOL LLP,1.0,1,29061.24,,tier 4 fuzzy
JCW Energy Services,JCW ENERGY SERVICES,08831030,JCW ENERGY SERVICES LIMITED,1.0,1,29020.3,,tier 4 fuzzy
Studybugs,STUDYBUGS,08352917,STUDYBUGS LIMITED,1.0,1,28782,,tier 4 fuzzy
BEN ELLIOTT,BEN ELLIOTT,09964658,BEN ELLIOTT LIMITED,1.0,1,28692,,tier 4 fuzzy
Skills and Work Solutions,SKILLS AND WORK SOLUTIONS,03918013,SKILLS AND WORK SOLUTIONS LIMITED,1.0,1,28614.45,,tier 4 fuzzy
Leeds Beckett University,LEEDS BECKETT UNIVERSITY,02369724,LEEDS BECKETT UNIVERSITY ENTERPRISES LIMITED,,1,28466.67,,tier 1 demoted: register name disagrees
Strive Academy,STRIVE ACADEMY,13832822,STRIVE ACADEMY LIMITED,1.0,1,28380,,tier 4 fuzzy
Haymarket Media Group,HAYMARKET MEDIA GROUP,00267189,HAYMARKET MEDIA GROUP LTD.,,1,28380,,tier 1 demoted: register name disagrees
Haymarket Media Group,HAYMARKET MEDIA GROUP,00267189,HAYMARKET MEDIA GROUP LTD.,1.0,1,28380,,tier 4 fuzzy
eGOV Solutions,EGOV SOLUTIONS,11651414,EGOV SOLUTIONS LTD,1.0,1,28250.5,,tier 4 fuzzy
UPLIFT GROUP,UPLIFT GROUP,13538734,UPLIFT GROUP LTD,1.0,1,28219.3,,tier 4 fuzzy
Hydrock Consultants Limited,HYDROCK CONSULTANTS LTD,03118932,STANTEC HYDROCK LIMITED,,1,28200,,tier 1 demoted: register name disagrees
Advance Marine,ADVANCE MARINE,05949799,ADVANCE MARINE LIMITED,1.0,1,28028.42,,tier 4 fuzzy
Osborne House,OSBORNE HOUSE,01702727,OSBORNE HOUSE LIMITED,1.0,1,27996.65,,tier 4 fuzzy
CBRE,CBRE,03536032,CBRE LIMITED,1.0,1,27983.77,,tier 4 fuzzy
CBRE,CBRE,03536032,CBRE LIMITED,,1,27983.77,,tier 1 demoted: register name disagrees
Structural Investigation Services,STRUCTURAL INVESTIGATION SERVICES,11231077,STRUCTURAL INVESTIGATION SERVICES LIMITED,1.0,1,27765,,tier 4 fuzzy
Newpark Security Limited,NEWPARK SECURITY LTD,NI061344,NEWPARK SECURITY LTD,1.0,1,27442.5,,tier 4 fuzzy
Big Blue Door,BIG BLUE DOOR,07958927,BIG BLUE DOOR LIMITED,1.0,1,27350,,tier 4 fuzzy
Big Blue Door,BIG BLUE DOOR,07958927,BIG BLUE DOOR LIMITED,,1,27350,,tier 1 demoted: register name disagrees
ADVICE NI LTD,ADVICE NI LTD,NI071966,ADVICE NI,1.0,1,27111.7,,tier 4 fuzzy
WEARDALE MOTOR SERVICES,WEARDALE MOTOR SERVICES,00708826,WEARDALE MOTOR SERVICES LIMITED,1.0,1,26839.37,,tier 4 fuzzy
HH ASSOCIATES LTD,HH ASSOCIATES LTD,02671533,H H ASSOCIATES LIMITED,,1,26780.85,,tier 1 demoted: register name disagrees
Community Arts North West,COMMUNITY ARTS NORTH WEST,01400213,COMMUNITY ARTS NORTH WEST LTD.,1.0,1,26757,,tier 4 fuzzy
Buttress,BUTTRESS,03764182,BUTTRESS LIMITED,1.0,1,26498.38,,tier 4 fuzzy
CM MONITOR BRITAIN THINKS LTD,CM MONITOR BRITAIN THINKS LTD,07291125,THINKS INSIGHT AND STRATEGY (BRITAIN THINKS) LIMITED,,1,26391,,tier 1 demoted: register name disagrees
Auction House North West Commercial,AUCTION HOUSE NORTH WEST COMMERCIAL,10416346,AUCTION HOUSE NORTH WEST COMMERCIAL LIMITED,1.0,1,26356,,tier 4 fuzzy
Create Signs,CREATE SIGNS,07490353,CREATE SIGNS LTD,1.0,1,26088.05,,tier 4 fuzzy
ROC TECHNOLOGIES,ROC TECHNOLOGIES,07579363,ROC TECHNOLOGIES LIMITED,1.0,1,25890,,tier 4 fuzzy
Ideal Fostering,IDEAL FOSTERING,08606830,IDEAL FOSTERING LIMITED,1.0,1,25689.14,,tier 4 fuzzy
WESTFIELD HEALTH,WESTFIELD HEALTH,05696250,REWARD GATEWAY (UK) LTD,,1,25381.88,,tier 1 demoted: register name disagrees
WESTFIELD HEALTH,WESTFIELD HEALTH,10034914,WESTFIELD HEALTH LTD,1.0,1,25381.88,,tier 4 fuzzy
LexisNexis,LEXISNEXIS,02746621,RELX (UK) LIMITED,,1,25181.99,,tier 1 demoted: register name disagrees
Bear Care Services,BEAR CARE SERVICES,12479828,BEAR CARE SERVICES LIMITED,1.0,1,25000,,tier 4 fuzzy
Rhombus Studio Ltd,RHOMBUS STUDIO LTD,11583823,RHOMBUS STUDIO LTD,1.0,1,24999,,tier 4 fuzzy
Thrive Economics,THRIVE ECONOMICS,07424081,THRIVE ECONOMICS LIMITED,1.0,1,24999,,tier 4 fuzzy
Delphi Medical,DELPHI MEDICAL,06944767,DELPHI MEDICAL LIMITED,1.0,1,24835,,tier 4 fuzzy
ANGEL HOME CARE SERVICE PRIVATE,ANGEL HOME CARE SERVICE PRIVATE,07925464,ANGEL HOME CARE SERVICE PRIVATE LIMITED,1.0,1,24670.01,,tier 4 fuzzy
IDS York Ltd,IDS YORK LTD,11522117,IDS YORK LTD,1.0,1,24230,,tier 4 fuzzy
Opus Energy,OPUS ENERGY,04382246,OPUS ENERGY LIMITED,1.0,1,24172.91,,tier 4 fuzzy
Barton Hill Family Activity Club C.I.C,BARTON HILL FAMILY ACTIVITY CLUB C I C,12797101,BARTON HILL ACTIVITY CLUB C.I.C.,0.8571,1,24080,,tier 4 fuzzy
Durham University,DURHAM UNIVERSITY,RC000650,UNIVERSITY OF DURHAM,,1,24000,,tier 1 demoted: register name disagrees
Symetri,SYMETRI,03239798,SYMETRI LIMITED,1.0,1,23690,,tier 4 fuzzy
BB Heritage Studio,BB HERITAGE STUDIO,08862139,BB HERITAGE STUDIO LTD,1.0,1,23620,,tier 4 fuzzy
Howard Civil Engineering,HOWARD CIVIL ENGINEERING,04656708,HOWARD CIVIL ENGINEERING LIMITED,1.0,1,23605.91,,tier 4 fuzzy
Ashdene,ASHDENE,11482826,ASHDENE LIMITED,1.0,1,23598.72,,tier 4 fuzzy
Redmonds Solicitors,REDMONDS SOLICITORS,05734150,REDMONDS SOLICITORS LIMITED,1.0,1,23456.8,,tier 4 fuzzy
Accora,ACCORA,04915604,ACCORA LIMITED,1.0,1,23431,,tier 4 fuzzy
Step Together Volunteering,STEP TOGETHER VOLUNTEERING,02932195,STEP TOGETHER VOLUNTEERING LTD.,1.0,1,23131.76,,tier 4 fuzzy
Elite Services Group,ELITE SERVICES GROUP,09507288,ELITE SERVICES GROUP LTD,1.0,1,23120,,tier 4 fuzzy
Love to Ride,LOVE TO RIDE,06409628,LOVE TO RIDE LTD,1.0,1,23000,,tier 4 fuzzy
The Essential Parent Company,ESSENTIAL PARENT COMPANY,07535196,THE ESSENTIAL PARENT COMPANY LIMITED,1.0,1,23000,,tier 4 fuzzy
Key Steps Supported Accommodation,KEY STEPS SUPPORTED ACCOMMODATION,14173086,KEY STEPS SUPPORTED ACCOMMODATION LIMITED,1.0,1,22950,,tier 4 fuzzy
Ultra Cleaning Service,ULTRA CLEANING SERVICE,08200813,ULTRA CLEANING SERVICE LIMITED,1.0,1,22900,,tier 4 fuzzy
Argos Business Solutions,ARGOS BUSINESS SOLUTIONS,03234511,ARGOS BUSINESS SOLUTIONS LIMITED,1.0,1,22574.57,,tier 4 fuzzy
Sherbutt Home Care Services,SHERBUTT HOME CARE SERVICES,07259559,SHERBUTT HOME CARE SERVICES LIMITED,1.0,1,22511.85,,tier 4 fuzzy
Netsweeper,NETSWEEPER,07445898,NETSWEEPER LIMITED,1.0,1,22500,,tier 4 fuzzy
Coupland Cavendish t/a Gowing Law S,COUPLAND CAVENDISH,08034773,COUPLAND CAVENDISH LTD,1.0,1,22496.91,,tier 4 fuzzy
DWF 360,DWF 360,03556829,DWF 360 LIMITED,1.0,1,22200,,tier 4 fuzzy
Aspire Family Assessment Services,ASPIRE FAMILY ASSESSMENT SERVICES,13681290,ASPIRE FAMILY ASSESSMENT SERVICES LTD,1.0,1,22003.35,,tier 4 fuzzy
ADHD Foundation,ADHD FOUNDATION,05368328,ADHD FOUNDATION,1.0,1,21896.22,,tier 4 fuzzy
Bristol Taxis,BRISTOL TAXIS,08547900,BRISTOL TAXIS LTD,1.0,1,21745,,tier 4 fuzzy
Teleshore Group,TELESHORE GROUP,14671939,THE TELESHORE GROUP LIMITED,1.0,1,21330.55,,tier 4 fuzzy
Advanced Business Software and Solutions,ADVANCED BUSINESS SOFTWARE AND SOLUTIONS,04345919,ADVANCED BUSINESS SOFTWARE AND SOLUTIONS LIMITED,1.0,1,21106.58,,tier 4 fuzzy
AWS Solicitors,AWS SOLICITORS,09625570,AWS SOLICITORS LTD,1.0,1,21102.22,,tier 4 fuzzy
Mendip Toilet Hire,MENDIP TOILET HIRE,07554931,MENDIP TOILET HIRE LIMITED,1.0,1,21038,,tier 4 fuzzy
Stopford Information Systems,STOPFORD INFORMATION SYSTEMS,03837891,STOPFORD INFORMATION SYSTEMS LIMITED,1.0,1,20600,,tier 4 fuzzy
Stopford Information Systems,STOPFORD INFORMATION SYSTEMS,03837891,STOPFORD INFORMATION SYSTEMS LIMITED,,1,20600,,tier 1 demoted: register name disagrees
Kingfisher Design & Management Ltd,KINGFISHER DESIGN AND MANAGEMENT LTD,04653056,KINGFISHER DESIGN AND MANAGEMENT LTD,1.0,1,20546,,tier 4 fuzzy
Nationwide Data Collection,NATIONWIDE DATA COLLECTION,06351414,NATIONWIDE DATA COLLECTION LIMITED,1.0,1,20540,,tier 4 fuzzy
The information Lab,INFORMATION LAB,07389833,THE INFORMATION LAB LIMITED,1.0,1,20400,,tier 4 fuzzy
The Lancashire Wildlife Trust,LANCASHIRE WILDLIFE TRUST,00731548,THE LANCASHIRE WILDLIFE TRUST LTD,1.0,1,20400,,tier 4 fuzzy
Groundwork Yorkshire,GROUNDWORK YORKSHIRE,02202681,GROUNDWORK YORKSHIRE LIMITED,1.0,1,20180,,tier 4 fuzzy
Teamworks Karting,TEAMWORKS KARTING,03822178,TEAMWORKS KARTING LIMITED,1.0,1,20150,,tier 4 fuzzy
Carter Brown The Expert Service,CARTER BROWN THE EXPERT SERVICE,04547728,CARTER BROWN - THE EXPERT SERVICE LIMITED,1.0,1,19995.35,,tier 4 fuzzy
JEP Youth Engagement Ltd,JEP YOUTH ENGAGEMENT LTD,12868385,JEP YOUTH ENGAGEMENT LTD,1.0,1,19980,,tier 4 fuzzy
The Ethical Property Company,ETHICAL PROPERTY COMPANY,02961327,THE ETHICAL PROPERTY COMPANY PLC,1.0,1,19682.6,,tier 4 fuzzy
Hardstaff Barriers,HARDSTAFF BARRIERS,02791285,HARDSTAFF BARRIERS LIMITED,1.0,1,19653.36,,tier 4 fuzzy
Castlefield Gallery Limited,CASTLEFIELD GALLERY LTD,01838334,CASTLEFIELD GALLERY,1.0,1,19621.8,,tier 4 fuzzy
Graham Tew,GRAHAM TEW,07838540,GRAHAM TEW LTD,1.0,1,19507.95,,tier 4 fuzzy
Wilkinson Bros,WILKINSON BROS,09908949,WILKINSON BROS LTD,1.0,1,19360,,tier 4 fuzzy
Aggregate Industries T/A Kennedy,AGGREGATE INDUSTRIES,09634189,AGGREGATE INDUSTRIES LIMITED,1.0,1,19333.9,,tier 4 fuzzy
Dignity in Life,DIGNITY IN LIFE,09410554,DIGNITY IN LIFE LTD,1.0,1,19327.2,,tier 4 fuzzy
Bath Academy,BATH ACADEMY,03025819,BATH ACADEMY LIMITED,1.0,1,19272,,tier 4 fuzzy
Crossways Residential Home,CROSSWAYS RESIDENTIAL HOME,08843855,CROSSWAYS RESIDENTIAL HOME LIMITED,1.0,1,19225.2,,tier 4 fuzzy
Manchester Academy,MANCHESTER ACADEMY,12544904,THE MANCHESTER ACADEMY LTD,1.0,1,19040,,tier 4 fuzzy
DWF,DWF,OC328794,DWF LLP,,1,18462.3,,tier 1 demoted: register name disagrees
DWF,DWF,OC328794,DWF LLP,1.0,1,18462.3,,tier 4 fuzzy
Aspire-Igen Group Ltd,ASPIRE-IGEN GROUP LTD,03037445,ASPIRE-IGEN GROUP LTD,1.0,1,18167,,tier 4 fuzzy
Frenchay Forestry,FRENCHAY FORESTRY,09210796,FRENCHAY FORESTRY LIMITED,1.0,1,18014.5,,tier 4 fuzzy
Advanced Business,ADVANCED BUSINESS,11370631,ADVANCED BUSINESS LIMITED,1.0,1,18011.52,,tier 4 fuzzy
Elected Technologies,ELECTED TECHNOLOGIES,08843747,ELECTED TECHNOLOGIES LIMITED,1.0,1,18000,,tier 4 fuzzy
Arawak Walton Housing Association,ARAWAK WALTON HOUSING ASSOCIATION,IP025160,ARAWAK WALTON HOUSING ASSOCIATION LIMITED,1.0,1,17481,,tier 4 fuzzy
NEWSWIFT MANAGEMENT,NEWSWIFT MANAGEMENT,07104181,NEWSWIFT MANAGEMENT LTD,1.0,1,17415,,tier 4 fuzzy
Hurtwood Ltd,HURTWOOD LTD,04297233,HURTWOOD LIMITED,1.0,2,17065.4,,tier 4 fuzzy
The Lawrence,LAWRENCE,13915585,LAWRENCE LAWRENCE LTD,1.0,1,16911.52,,tier 4 fuzzy
Seetec Business Technology Centre,SEETEC BUSINESS TECHNOLOGY CENTRE,02291188,SEETEC BUSINESS TECHNOLOGY CENTRE LIMITED,,1,16800,,tier 1 demoted: register name disagrees
Seetec Business Technology Centre,SEETEC BUSINESS TECHNOLOGY CENTRE,02291188,SEETEC BUSINESS TECHNOLOGY CENTRE LIMITED,1.0,1,16800,,tier 4 fuzzy
Ambleside Lodge,AMBLESIDE LODGE,05142526,AMBLESIDE LODGE LIMITED,1.0,1,16675.2,,tier 4 fuzzy
Scan Computers International,SCAN COMPUTERS INTERNATIONAL,02620081,SCAN COMPUTERS INTERNATIONAL LIMITED,1.0,1,16304.18,,tier 4 fuzzy
Kloodle,KLOODLE,08497166,KLOODLE LIMITED,1.0,1,16250,,tier 4 fuzzy
Manchester Tutors,MANCHESTER TUTORS,14183845,MANCHESTER TUTORS LTD,1.0,1,16195.71,,tier 4 fuzzy
National Car Parks Ltd,NATIONAL CAR PARKS LTD,00253240,NATIONAL CAR PARKS LIMITED,1.0,1,16080.02,,tier 4 fuzzy
BPS Solicitors,BPS SOLICITORS,11057016,BPS SOLICITORS LIMITED,1.0,1,16055.95,,tier 4 fuzzy
Enhance Manchester Education,ENHANCE MANCHESTER EDUCATION,15167414,ENHANCE MANCHESTER EDUCATION LTD,1.0,1,16050,,tier 4 fuzzy
PHS CARE SERVICES,PHS CARE SERVICES,16032660,PHS CARE SERVICES LTD,1.0,1,16000,,tier 4 fuzzy
Avon Minibuses,AVON MINIBUSES,04840423,AVON MINIBUSES LIMITED,1.0,1,16000,,tier 4 fuzzy
Excellence Floorcare T/A Excellence Cleaning,EXCELLENCE FLOORCARE,10419020,EXCELLENCE FLOORCARE LIMITED,1.0,1,15942.64,,tier 4 fuzzy
Children and uniting Families Across Borders CFAB,CHILDREN AND UNITING FAMILIES ACROSS BORDERS CFAB,04025539,CHILDREN AND FAMILIES ACROSS BORDERS (CFAB),0.8571,1,15893.41,,tier 4 fuzzy
TN Electrical Services,TN ELECTRICAL SERVICES,14726915,TN ELECTRICAL SERVICES LTD,1.0,1,15876.35,,tier 4 fuzzy
Hideaway Youth Project,HIDEAWAY YOUTH PROJECT,05409204,HIDEAWAY YOUTH PROJECT LIMITED,1.0,1,15860,,tier 4 fuzzy
NHS Supply Chain,NHS SUPPLY CHAIN,10881715,SUPPLY CHAIN COORDINATION LIMITED,,1,15787.26,,tier 1 demoted: register name disagrees
Core Special Projects Ltd,CORE SPECIAL PROJECTS LTD,05012836,CORE SPECIAL PROJECTS LIMITED,1.0,1,15680.25,,tier 4 fuzzy
Schools Direct,SCHOOLS DIRECT,00543329,SCHOOLS DIRECT LIMITED,1.0,1,15649.2,,tier 4 fuzzy
Bearded Fellows Ltd,BEARDED FELLOWS LTD,08218554,BEARDED FELLOWS LTD,1.0,1,15550,,tier 4 fuzzy
GTD Healthcare,GTD HEALTHCARE,12293359,GTD HEALTHCARE LIMITED,1.0,1,15240,,tier 4 fuzzy
Pam Bates Consultancy,PAM BATES CONSULTANCY,12107834,PAM BATES CONSULTANCY LTD,1.0,1,15200,,tier 4 fuzzy
University Of Salford,UNIVERSITY OF SALFORD,RC000666,UNIVERSITY OF SALFORD(THE),,1,15152.5,,tier 1 demoted: register name disagrees
Intra City Investments,INTRA CITY INVESTMENTS,11220102,INTRA CITY INVESTMENTS LTD,1.0,1,15080,,tier 4 fuzzy
Smeeden Foreman,SMEEDEN FOREMAN,06580261,SMEEDEN FOREMAN LTD,1.0,1,15075,,tier 4 fuzzy
Systems Link,SYSTEMS LINK,11352186,THE SYSTEMS LINK LTD,1.0,1,15020,,tier 4 fuzzy
Concept Care,CONCEPT CARE,13870610,CONCEPT CARE LIMITED,1.0,1,15001.5,,tier 4 fuzzy
Novus Property Solutions,NOVUS PROPERTY SOLUTIONS,02403551,NOVUS PROPERTY SOLUTIONS LIMITED,1.0,1,14948.6,,tier 4 fuzzy
Tynetec,TYNETEC,01663928,TYNETEC LIMITED,1.0,1,14784,,tier 4 fuzzy
Stanford Marsh,STANFORD MARSH,00838089,STANFORD MARSH LIMITED,1.0,1,14763.76,,tier 4 fuzzy
Ralli Solicitors,RALLI SOLICITORS,OC354973,RALLI SOLICITORS LLP,1.0,1,14703,,tier 4 fuzzy
Dickinson Environmental,DICKINSON ENVIRONMENTAL,05420199,DICKINSON ENVIRONMENTAL LTD,1.0,1,14657.33,,tier 4 fuzzy
Northern Housing Consortium,NORTHERN HOUSING CONSORTIUM,04361009,NORTHERN HOUSING CONSORTIUM LIMITED,1.0,1,14446,,tier 4 fuzzy
Northern Housing Consortium,NORTHERN HOUSING CONSORTIUM,04361009,NORTHERN HOUSING CONSORTIUM LIMITED,,1,14446,,tier 1 demoted: register name disagrees
Bond Solon,BOND SOLON,02271977,BOND SOLON TRAINING LIMITED,,1,14435,,tier 1 demoted: register name disagrees
Cambridge Education,CAMBRIDGE EDUCATION,01566758,CAMBRIDGE EDUCATION LIMITED,1.0,1,14424.89,,tier 4 fuzzy
DLG Legal Services,DLG LEGAL SERVICES,08302561,DLG LEGAL SERVICES LIMITED,1.0,1,14392,,tier 4 fuzzy
Genuine Property Investments,GENUINE PROPERTY INVESTMENTS,08810139,GENUINE PROPERTY INVESTMENTS LIMITED,1.0,1,14354.3,,tier 4 fuzzy
Places for People Living +,PLACES FOR PEOPLE LIVING,IP20014R,PLACES FOR PEOPLE LIVING+ LIMITED,1.0,1,14331.36,,tier 4 fuzzy
The Education Community Partnership,EDUCATION COMMUNITY PARTNERSHIP,14758949,THE EDUCATION COMMUNITY PARTNERSHIP LTD,1.0,1,14250,,tier 4 fuzzy
Ruche Marketing,RUCHE MARKETING,OC443068,RUCHE MARKETING LLP,1.0,1,14160,,tier 4 fuzzy
arc4,ARC4,06205180,ARC4 LIMITED,1.0,1,13875.64,,tier 4 fuzzy
arc4,ARC4,06205180,ARC4 LIMITED,,1,13875.64,,tier 1 demoted: register name disagrees
AS Care Limited,AS CARE LTD,04864452,A S CARE LIMITED,,1,13699.66,,tier 1 demoted: register name disagrees
Cheshire Estate & Legal,CHESHIRE ESTATE AND LEGAL,10370954,CHESHIRE ESTATE AND LEGAL LIMITED,1.0,1,13650,,tier 4 fuzzy
Finastra,FINASTRA,FC034398,FINASTRA LIMITED,1.0,1,13549.6,,tier 4 fuzzy
Karcher Hire,KARCHER HIRE,06523042,KARCHER HIRE LIMITED,1.0,1,13442.3,,tier 4 fuzzy
Nappi (uk) Ltd,NAPPI UK LTD,03050134,N.A.P.P.I. (UK) LIMITED,,1,13292,,tier 1 demoted: register name disagrees
MK Maintenance and Renovations,MK MAINTENANCE AND RENOVATIONS,12694570,MK MAINTENANCE AND RENOVATIONS LIMITED,1.0,1,13240,,tier 4 fuzzy
Tylers Solicitors,TYLERS SOLICITORS,07045900,TYLERS SOLICITORS LIMITED,1.0,1,13080,,tier 4 fuzzy
The Asbestos Law Partnership,ASBESTOS LAW PARTNERSHIP,OC415464,THE ASBESTOS LAW PARTNERSHIP LLP,1.0,1,12985.5,,tier 4 fuzzy
RH Environmental Ltd,RH ENVIRONMENTAL LTD,05530460,R H ENVIRONMENTAL LIMITED,,1,12967,,tier 1 demoted: register name disagrees
Canfly Marketing Limited,CANFLY MARKETING LTD,12073630,CANFLY MARKETING LIMITED,1.0,1,12950,,tier 4 fuzzy
Smile Mediation,SMILE MEDIATION,03672399,SMILE MEDIATION LTD,1.0,1,12935,,tier 4 fuzzy
Bridging the Gap,BRIDGING THE GAP,05447509,BRIDGING THE GAP LTD,1.0,1,12929.13,,tier 4 fuzzy
Irwin Mitchell,IRWIN MITCHELL,06789204,IRWIN MITCHELL LIMITED,1.0,2,12504,,tier 4 fuzzy
Manchester Literature Festival,MANCHESTER LITERATURE FESTIVAL,04369668,MANCHESTER LITERATURE FESTIVAL LIMITED,1.0,1,12500,,tier 4 fuzzy
Beat Bazaar Projects Ltd,BEAT BAZAAR PROJECTS LTD,08669281,BEAT BAZAAR PROJECTS,1.0,1,12500,,tier 4 fuzzy
Scottish Power,SCOTTISH POWER,SC193794,SCOTTISH POWER LIMITED,1.0,1,12155.68,,tier 4 fuzzy
Langley House Trust,LANGLEY HOUSE TRUST,07888191,LANGLEY TRUST,,1,12151.44,,tier 1 demoted: register name disagrees
Hello Lamp Post,HELLO LAMP POST,11249234,HELLO LAMP POST LIMITED,1.0,1,12150,,tier 4 fuzzy
Matthews Environmental Solutions Ltd,MATTHEWS ENVIRONMENTAL SOLUTIONS LTD,07826037,ENVIRONMENTAL COMBUSTION TECHNOLOGIES LIMITED,,1,11990.02,,tier 1 demoted: register name disagrees
Cemetery Development Services,CEMETERY DEVELOPMENT SERVICES,05048077,CEMETERY DEVELOPMENT SERVICES LIMITED,1.0,1,11960,,tier 4 fuzzy
Advanced Visualisation Technologies,ADVANCED VISUALISATION TECHNOLOGIES,14330765,ADVANCED VISUALISATION TECHNOLOGIES LTD,1.0,1,11850,,tier 4 fuzzy
Buchanan Computing,BUCHANAN COMPUTING,03274424,BUCHANAN COMPUTING LIMITED,1.0,1,11577.2,,tier 4 fuzzy
Walker Morris,WALKER MORRIS,OC338981,WALKER MORRIS LLP,1.0,1,11525,,tier 4 fuzzy
Ideal Hygiene,IDEAL HYGIENE,14017076,IDEAL HYGIENE LIMITED,1.0,1,11424,,tier 4 fuzzy
Chics,CHICS,02207890,CHICS LIMITED,1.0,1,11168.75,,tier 4 fuzzy
The Training Hub,TRAINING HUB,08816279,THE TRAINING HUB LTD,1.0,1,11035,,tier 4 fuzzy
Super Clean Bristol ltd,SUPER CLEAN BRISTOL LTD,10898408,SUPER CLEAN BRISTOL LTD,1.0,1,10920,,tier 4 fuzzy
Hubsolutions,HUBSOLUTIONS,03406554,HUBSOLUTIONS LIMITED,1.0,1,10736.16,,tier 4 fuzzy
ProQuest,PROQUEST,03037526,PROQUEST LIMITED,1.0,1,10598.11,,tier 4 fuzzy
Cleardata,CLEARDATA,06892060,CLEARDATA LIMITED,1.0,1,10558.64,,tier 4 fuzzy
Shield Environmental Services,SHIELD ENVIRONMENTAL SERVICES,01889657,SHIELD ENVIRONMENTAL SERVICES LIMITED,1.0,1,10530,,tier 4 fuzzy
Hardwood Landscapes,HARDWOOD LANDSCAPES,13623998,HARDWOOD LANDSCAPES LIMITED,1.0,1,10528,,tier 4 fuzzy
Gemini Print Southern Ltd	,GEMINI PRINT SOUTHERN LTD,08530704,GEMINI PRINT SOUTHERN LIMITED,1.0,1,10460,,tier 4 fuzzy
The Beauty Project HQ,BEAUTY PROJECT HQ,14609417,THE BEAUTY PROJECT HQ LIMITED,1.0,1,10360,,tier 4 fuzzy
GATEWAY QUALIFICATIONS,GATEWAY QUALIFICATIONS,05502449,GATEWAY QUALIFICATIONS LIMITED,1.0,1,10323,,tier 4 fuzzy
T C Harrison Jcb,T C HARRISON JCB,01199798,T.C. HARRISON JCB LIMITED,1.0,1,10250,,tier 4 fuzzy
SLS Solicitors,SLS SOLICITORS,13043393,SLS SOLICITORS LIMITED,1.0,1,10000,,tier 4 fuzzy
Manchester Camerata,MANCHESTER CAMERATA,01128463,MANCHESTER CAMERATA LIMITED,1.0,1,10000,,tier 4 fuzzy
Lima Delta,LIMA DELTA,12393040,LIMA DELTA LTD,1.0,1,10000,,tier 4 fuzzy
Nurture Development and Training Ltd,NURTURE DEVELOPMENT AND TRAINING LTD,12167755,NURTURE TRAINING AND DEVELOPMENT LIMITED,1.0,1,10000,,tier 4 fuzzy
Frost and Sullivan,FROST AND SULLIVAN,01119817,"FROST & SULLIVAN, LIMITED",1.0,1,10000,,tier 4 fuzzy
Sanderson Weatherall,SANDERSON WEATHERALL,OC344770,SANDERSON WEATHERALL LLP,1.0,1,10000,,tier 4 fuzzy
Sanderson Weatherall,SANDERSON WEATHERALL,OC344770,SANDERSON WEATHERALL LLP,,1,10000,,tier 1 demoted: register name disagrees
Ryans Solicitors,RYANS SOLICITORS,08374353,RYANS SOLICITORS LIMITED,1.0,1,9976.68,,tier 4 fuzzy
Bristol Blue Glass,BRISTOL BLUE GLASS,02553696,BRISTOL BLUE GLASS LIMITED,1.0,1,9928.78,,tier 4 fuzzy
Tripod Partners,TRIPOD PARTNERS,08230012,TRIPOD PARTNERS LIMITED,1.0,1,9904.5,,tier 4 fuzzy
Roland Dransfield Public Relations,ROLAND DRANSFIELD PUBLIC RELATIONS,00729556,ROLAND DRANSFIELD PUBLIC RELATIONS LIMITED,1.0,1,9800,,tier 4 fuzzy
Little Angels Day Nursery,LITTLE ANGELS DAY NURSERY,13852950,LITTLE ANGELS DAY NURSERY LTD,1.0,1,9778.28,,tier 4 fuzzy
Liam Trippier School Improvement,LIAM TRIPPIER SCHOOL IMPROVEMENT,07365335,LIAM TRIPPIER SCHOOL IMPROVEMENT LTD,1.0,1,9737.5,,tier 4 fuzzy
Urban Splash,URBAN SPLASH,02827908,URBAN SPLASH LIMITED,1.0,1,9720.77,,tier 4 fuzzy
Bristol Old Vic Theatre Royal Trust Limited,BRISTOL OLD VIC THEATRE ROYAL TRUST LTD,00756007,BRISTOL OLD VIC AND THEATRE ROYAL TRUST LIMITED,0.8571,1,9602.38,,tier 4 fuzzy
Health Jobs,HEALTH JOBS,11787824,HEALTH JOBS LTD,1.0,1,9588,,tier 4 fuzzy
The Learn Centre,LEARN CENTRE,03652566,THE LEARN CENTRE LIMITED,1.0,1,9560.65,,tier 4 fuzzy
LTE Group,LTE GROUP,11726027,LTE GROUP LIMITED,1.0,1,9393.9,,tier 4 fuzzy
Lewis Tree Surgery,LEWIS TREE SURGERY,10062026,LEWIS TREE SURGERY LTD,1.0,1,9381,,tier 4 fuzzy
Professional Development Group t/a Government Events,PROFESSIONAL DEVELOPMENT GROUP,11295320,PROFESSIONAL DEVELOPMENT GROUP LIMITED,1.0,1,9358.75,,tier 4 fuzzy
Crown Gas and Power,CROWN GAS AND POWER,07980591,CROWN GAS AND POWER LIMITED,,1,9150.11,,tier 1 demoted: register name disagrees
Crown Gas and Power,CROWN GAS AND POWER,07980591,CROWN GAS AND POWER LIMITED,1.0,1,9150.11,,tier 4 fuzzy
Asian Arts Agency Ltd,ASIAN ARTS AGENCY LTD,03961654,ASIAN ARTS AGENCY,1.0,1,9000,,tier 4 fuzzy
Customer First Venue Services,CUSTOMER FIRST VENUE SERVICES,08522015,CUSTOMER FIRST VENUE SERVICES LTD,1.0,1,8936,,tier 4 fuzzy
FRAGRANCE UK-HOTEL MANAGEMENT,FRAGRANCE UK-HOTEL MANAGEMENT,13199191,FRAGRANCE UK-HOTEL MANAGEMENT LIMITED,1.0,1,8926.22,,tier 4 fuzzy
24-7 Locks Ltd,24-7 LOCKS LTD,07629702,24-7 LOCKS SECURE HORIZON LTD,,1,8882,,tier 1 demoted: register name disagrees
Think Image Ltd,THINK IMAGE LTD,08955714,THINK IMAGE LIMITED,1.0,1,8865,,tier 4 fuzzy
Applied Psychology Services,APPLIED PSYCHOLOGY SERVICES,06311631,APPLIED PSYCHOLOGY SERVICES LTD,1.0,1,8840,,tier 4 fuzzy
Peter Kneale Solicitor,PETER KNEALE SOLICITOR,08603112,PETER KNEALE SOLICITOR LTD,1.0,1,8808,,tier 4 fuzzy
Oliver & Co Solicitors,OLIVER AND CO SOLICITORS,07034465,OLIVER & CO SOLICITORS LIMITED,1.0,1,8804,,tier 4 fuzzy
Star Editions,STAR EDITIONS,06628133,STAR EDITIONS LIMITED,1.0,1,8800.62,,tier 4 fuzzy
Total Traffic Surveys,TOTAL TRAFFIC SURVEYS,11285406,TOTAL TRAFFIC SURVEYS LTD,1.0,1,8780,,tier 4 fuzzy
Comms Express,COMMS EXPRESS,04359914,COMMS EXPRESS LIMITED,1.0,1,8776.92,,tier 4 fuzzy
Revitalise,REVITALISE,05087837,REVITALISE LIMITED,1.0,1,8710,,tier 4 fuzzy
Didsbury Good Neighbours Ltd,DIDSBURY GOOD NEIGHBOURS LTD,07885159,DIDSBURY GOOD NEIGHBOURS,1.0,1,8540,,tier 4 fuzzy
Brooke Williams Solicitors,BROOKE WILLIAMS SOLICITORS,04699468,BROOKE WILLIAMS SOLICITORS LIMITED,1.0,1,8499.2,,tier 4 fuzzy
LCC Group,LCC GROUP,NI031142,LCC GROUP LIMITED,1.0,1,8484,,tier 4 fuzzy
LCC Group,LCC GROUP,NI031142,LCC GROUP LIMITED,,1,8484,,tier 1 demoted: register name disagrees
British Standards Institution Limited,BRITISH STANDARDS INSTITUTION LTD,RC000074,BRITISH STANDARDS INSTITUTION,1.0,2,8456,,tier 4 fuzzy
Stadium Self-Storage York Ltd,STADIUM SELF-STORAGE YORK LTD,12834862,STADIUM SELF-STORAGE YORK LIMITED,1.0,1,8327.25,,tier 4 fuzzy
Forbes Solicitors,FORBES SOLICITORS,OC433300,FORBES SOLICITORS LLP,1.0,1,8256,,tier 4 fuzzy
Howdens Joinery Co,HOWDENS JOINERY CO,00526923,HOWDEN JOINERY LIMITED,,1,8210.25,,tier 1 demoted: register name disagrees
H C Slingsby PLC,H C SLINGSBY PLC,00452716,H C SLINGSBY P L C,,1,8176.9,,tier 1 demoted: register name disagrees
BUSY BEES,BUSY BEES,00439525,BUSY BEES LIMITED,1.0,1,8134.2,,tier 4 fuzzy
Euromonitor International,EUROMONITOR INTERNATIONAL,01040587,EUROMONITOR INTERNATIONAL LIMITED,1.0,1,8127,,tier 4 fuzzy
MRI Software,MRI SOFTWARE,03341304,MRI SOFTWARE LIMITED,,1,8089.65,,tier 1 demoted: register name disagrees
MRI Software,MRI SOFTWARE,03341304,MRI SOFTWARE LIMITED,1.0,1,8089.65,,tier 4 fuzzy
SQW,SQW,01701564,SQW LIMITED,1.0,1,8000,,tier 4 fuzzy
SQW,SQW,01701564,SQW LIMITED,,1,8000,,tier 1 demoted: register name disagrees
Lonely Mouth Ltd,LONELY MOUTH LTD,15321129,LONELY MOUTH LTD,1.0,1,8000,,tier 4 fuzzy
Diversity Environmental Consultants,DIVERSITY ENVIRONMENTAL CONSULTANTS,06129605,DIVERSITY ENVIRONMENTAL CONSULTANTS LIMITED,1.0,1,7935,,tier 4 fuzzy
Rendall and Rittner,RENDALL AND RITTNER,02515428,RENDALL & RITTNER LIMITED,1.0,1,7931.36,,tier 4 fuzzy
Barnes Solicitors,BARNES SOLICITORS,OC428641,BARNES SOLICITORS LLP,1.0,1,7906.81,,tier 4 fuzzy
Helping Hands Home Care,HELPING HANDS HOME CARE,09443304,HELPING HANDS HOME CARE LIMITED,1.0,1,7878.83,,tier 4 fuzzy
The Lowry Hotel,LOWRY HOTEL,03807696,THE LOWRY HOTEL LIMITED,1.0,1,7800,,tier 4 fuzzy
McDermott Smith Law,MCDERMOTT SMITH LAW,09982511,MCDERMOTT SMITH LAW LTD,1.0,1,7779.41,,tier 4 fuzzy
Melcourt Industries,MELCOURT INDUSTRIES,01734220,MELCOURT INDUSTRIES LIMITED,1.0,1,7700,,tier 4 fuzzy
Graysons Solicitors,GRAYSONS SOLICITORS,OC440580,GRAYSONS SOLICITORS LLP,1.0,1,7689.79,,tier 4 fuzzy
Phoenix Health and Safety,PHOENIX HEALTH AND SAFETY,05055984,PHOENIX HEALTH & SAFETY LIMITED,1.0,1,7670,,tier 4 fuzzy
Clear Law,CLEAR LAW,OC308339,CLEAR LAW LLP,1.0,1,7650.64,,tier 4 fuzzy
BHR Pharmaceuticals,BHR PHARMACEUTICALS,02460338,BHR PHARMACEUTICALS LIMITED,1.0,1,7644.47,,tier 4 fuzzy
Law Together,LAW TOGETHER,OC418072,LAW TOGETHER LLP,1.0,1,7630,,tier 4 fuzzy
Synergy Fire Technologies T/a Firehub,SYNERGY FIRE TECHNOLOGIES,10238896,SYNERGY FIRE TECHNOLOGIES LIMITED,1.0,1,7558,,tier 4 fuzzy
Trade Union Legal,TRADE UNION LEGAL,OC388189,TRADE UNION LEGAL LLP,1.0,1,7556,,tier 4 fuzzy
Horseworld,HORSEWORLD,05461448,HORSEWORLD LIMITED,1.0,1,7500,,tier 4 fuzzy
Projekts MCR,PROJEKTS MCR,IP29726R,PROJEKTS MCR LIMITED,1.0,1,7500,,tier 4 fuzzy
CIEH,CIEH,01999717,CIEH LIMITED,1.0,1,7480,,tier 4 fuzzy
Atorus Consult,ATORUS CONSULT,09812063,ATORUS CONSULT LIMITED,1.0,1,7400,,tier 4 fuzzy
Rainbow Centre,RAINBOW CENTRE,IP24442R,RAINBOW CENTRE LIMITED,1.0,1,7335.28,,tier 4 fuzzy
LITE Ltd,LITE LTD,01828125,LITE LIMITED,1.0,2,7312,,tier 4 fuzzy
LITE Ltd,LITE LTD,04246192,LIGHTING & ILLUMINATION TECHNOLOGY EXPERIENCE LIMITED,,1,7312,,tier 1 demoted: register name disagrees
The Electric Bike Shop,ELECTRIC BIKE SHOP,09097113,THE ELECTRIC BIKE SHOP LTD,1.0,1,7249.87,,tier 4 fuzzy
Adt Fire And Security,ADT FIRE AND SECURITY,01161045,ADT FIRE AND SECURITY PLC,1.0,1,7239.27,,tier 4 fuzzy
Adt Fire And Security,ADT FIRE AND SECURITY,01161045,ADT FIRE AND SECURITY PLC,,1,7239.27,,tier 1 demoted: register name disagrees
The Lawyers Firm,LAWYERS FIRM,11012196,THE LAWYERS FIRM LTD,1.0,1,7197.5,,tier 4 fuzzy
The Landmark Practice,LANDMARK PRACTICE,05768723,THE LANDMARK PRACTICE LIMITED,1.0,1,7077,,tier 4 fuzzy
Johnsons Apparelmaster,JOHNSONS APPARELMASTER,11687539,JOHNSONS APPARELMASTER LIMITED,1.0,1,6951.06,,tier 4 fuzzy
Assessment And Qualifications Alliance,ASSESSMENT AND QUALIFICATIONS ALLIANCE,08038687,ASSESSMENT AND QUALIFICATIONS ALLIANCE LIMITED,1.0,1,6889.3,,tier 4 fuzzy
Sight and Sound Technology,SIGHT AND SOUND TECHNOLOGY,01408275,SIGHT AND SOUND TECHNOLOGY LIMITED,1.0,1,6856.39,,tier 4 fuzzy
Wyncourt Nursing Home,WYNCOURT NURSING HOME,15305475,WYNCOURT NURSING HOME LTD,1.0,1,6800,,tier 4 fuzzy
SSE Energy Solutions,SSE ENERGY SOLUTIONS,SC374961,ARGYLL FERRIES LTD.,,1,6782.78,,tier 1 demoted: register name disagrees
"Asteer Planning,",ASTEER PLANNING,OC436575,ASTEER PLANNING LLP,1.0,1,6729.93,,tier 4 fuzzy
WISE,WISE,13211214,WISE LIMITED,1.0,1,6668,,tier 4 fuzzy
Ocean Laundry Ltd,OCEAN LAUNDRY LTD,10985840,OCEAN LAUNDRY LTD,1.0,1,6645.84,,tier 4 fuzzy
Jump Space Ltd,JUMP SPACE LTD,06780801,JUMP SPACE LIMITED,1.0,1,6644.46,,tier 4 fuzzy
Paragon Costs Solutions,PARAGON COSTS SOLUTIONS,07496353,PARAGON COSTS SOLUTIONS LIMITED,1.0,1,6633,,tier 4 fuzzy
CAYP Psychology,CAYP PSYCHOLOGY,12016198,CAYP PSYCHOLOGY LIMITED,1.0,1,6590,,tier 4 fuzzy
Gordon Harrison,GORDON HARRISON,01159087,GORDON HARRISON LIMITED,1.0,1,6567.49,,tier 4 fuzzy
BC Joinery,BC JOINERY,13348068,BC JOINERY LIMITED,1.0,1,6500,,tier 4 fuzzy
First Dispute Management,FIRST DISPUTE MANAGEMENT,11606678,FIRST DISPUTE MANAGEMENT LIMITED,1.0,1,6500,,tier 4 fuzzy
Acomb Out of School Club,ACOMB OUT OF SCHOOL CLUB,05081540,ACOMB OUT OF SCHOOL CLUB LIMITED,1.0,1,6448.95,,tier 4 fuzzy
RAM Utility Solutions,RAM UTILITY SOLUTIONS,11897746,RAM UTILITY SOLUTIONS LTD,1.0,1,6405,,tier 4 fuzzy
Atomic Signs,ATOMIC SIGNS,12409765,ATOMIC SIGNS LTD,1.0,1,6378.16,,tier 4 fuzzy
BRUNTWOOD SCIENCE,BRUNTWOOD SCIENCE,07737629,BRUNTWOOD SCIENCE LIMITED,1.0,1,6360.6,,tier 4 fuzzy
Clearwater Solicitors,CLEARWATER SOLICITORS,10462199,CLEARWATER SOLICITORS LIMITED,1.0,1,6340,,tier 4 fuzzy
Small Steps Consultants,SMALL STEPS CONSULTANTS,09422180,SMALL STEPS CONSULTANTS LTD,1.0,1,6300,,tier 4 fuzzy
Sure Maintenance Ltd,SURE MAINTENANCE LTD,04072464,SURESERVE COMPLIANCE NORTHWEST LIMITED,,1,6239.58,,tier 1 demoted: register name disagrees
CIPFA,CIPFA,02376684,CIPFA BUSINESS LIMITED,,1,6213.35,,tier 1 demoted: register name disagrees
Whitestone Solicitors,WHITESTONE SOLICITORS,07129011,WHITESTONE SOLICITORS LIMITED,1.0,1,6209,,tier 4 fuzzy
Crown Office Chambers,CROWN OFFICE CHAMBERS,03901990,CROWN OFFICE CHAMBERS LIMITED,1.0,1,6187.5,,tier 4 fuzzy
The Japanese Shop,JAPANESE SHOP,06820799,THE JAPANESE SHOP LIMITED,1.0,1,6155.9,,tier 4 fuzzy
Integra Buildings,INTEGRA BUILDINGS,03386037,INTEGRA BUILDINGS LIMITED,1.0,1,6155.84,,tier 4 fuzzy
Enable Law,ENABLE LAW,03484745,ENABLE LAW LIMITED,1.0,1,6000,,tier 4 fuzzy
Performance in Education,PERFORMANCE IN EDUCATION,15215717,PERFORMANCE IN EDUCATION LTD,1.0,1,6000,,tier 4 fuzzy
Your Cafe,YOUR CAFE,12950894,YOUR CAFE LIMITED,1.0,1,6000,,tier 4 fuzzy
Project Centre,PROJECT CENTRE,02625312,PROJECT CENTRE LIMITED,1.0,1,6000,,tier 4 fuzzy
Real Bristol Bakery Ltd,REAL BRISTOL BAKERY LTD,11884688,REAL BRISTOL BAKERY LTD,1.0,1,6000,,tier 4 fuzzy
Ursell Pools & Wellness,URSELL POOLS AND WELLNESS,12247167,URSELL POOLS & WELLNESS LIMITED,1.0,1,5961.3,,tier 4 fuzzy
CROWN HOMES,CROWN HOMES,07588128,CROWN HOMES LTD,1.0,1,5887.57,,tier 4 fuzzy
Quantum,QUANTUM,01592381,QUANTUM LIMITED,1.0,1,5836.54,,tier 4 fuzzy
The Dandelion Community,DANDELION COMMUNITY,RS005042,DANDELION COMMUNITY LIMITED,1.0,1,5820,,tier 4 fuzzy
Mark Reynolds Solicitors,MARK REYNOLDS SOLICITORS,07803860,MARK REYNOLDS SOLICITORS LIMITED,1.0,1,5712,,tier 4 fuzzy
JCS Online Resources,JCS ONLINE RESOURCES,07462992,JCS ONLINE RESOURCES LIMITED,1.0,1,5710.26,,tier 4 fuzzy
JCS Online Resources,JCS ONLINE RESOURCES,07462992,JCS ONLINE RESOURCES LIMITED,,1,5710.26,,tier 1 demoted: register name disagrees
Bell Group,BELL GROUP,SC114142,BELL GROUP LTD,1.0,1,5638.54,,tier 4 fuzzy
Pitman Training Group,PITMAN TRAINING GROUP,07286351,PITMAN TRAINING GROUP LIMITED,1.0,1,5600,,tier 4 fuzzy
Elvington Holdings T/A Elvington Plant Hire,ELVINGTON HOLDINGS,01159252,ELVINGTON HOLDINGS LIMITED,1.0,1,5579.99,,tier 4 fuzzy
Janus,JANUS,02444584,JANUS LIMITED,1.0,1,5579.6,,tier 4 fuzzy
Gladstone House,GLADSTONE HOUSE,10370892,GLADSTONE HOUSE LTD,1.0,1,5519.1,,tier 4 fuzzy
Andrew Clarke,ANDREW CLARKE,11239665,ANDREW CLARKE LTD,1.0,1,5500,,tier 4 fuzzy
Places For People Homes,PLACES FOR PEOPLE HOMES,IP19447R,PLACES FOR PEOPLE HOMES LIMITED,1.0,1,5485.78,,tier 4 fuzzy
Solarsense,SOLARSENSE,01322642,SOLARSENSE LIMITED,1.0,1,5450,,tier 4 fuzzy
EweMove Sales & Lettings,EWEMOVE SALES AND LETTINGS,07191403,EWEMOVE SALES & LETTINGS LTD,1.0,1,5408,,tier 4 fuzzy
Asbestos Audit Ltd,ASBESTOS AUDIT LTD,11217528,ASBESTOS AUDIT LTD,1.0,1,5400,,tier 4 fuzzy
British Gas,BRITISH GAS,08811254,BRITISH GAS LIMITED,1.0,1,5383.89,,tier 4 fuzzy
Friends of Severus Hill,FRIENDS OF SEVERUS HILL,15531651,FRIENDS OF SEVERUS HILL LTD,1.0,1,5346,,tier 4 fuzzy
Work In Style,WORK IN STYLE,00299255,WORK IN STYLE LIMITED,1.0,1,5341.32,,tier 4 fuzzy
Digital ID,DIGITAL ID,02819044,DIGITAL ID LTD,1.0,1,5306.25,,tier 4 fuzzy
Central Locksmiths,CENTRAL LOCKSMITHS,08064035,CENTRAL LOCKSMITHS LIMITED,1.0,1,5266.64,,tier 4 fuzzy
Newcastle University,NEWCASTLE UNIVERSITY,03068111,NEWCASTLE UNIVERSITY HOLDINGS LIMITED,,1,5264,,tier 1 demoted: register name disagrees
Kernock Park Plants,KERNOCK PARK PLANTS,03297350,KERNOCK PARK PLANTS LIMITED,1.0,1,5196.65,,tier 4 fuzzy
Wessex Archaeology,WESSEX ARCHAEOLOGY,01712772,WESSEX ARCHAEOLOGY LIMITED,1.0,1,5196,,tier 4 fuzzy
T.I.S. Limited,T I S LTD,04241663,T.I.S.S. LIMITED,1.0,1,5120,,tier 4 fuzzy
Fishers Cleaning Services Ltd,FISHERS CLEANING SERVICES LTD,05114287,FISHERS CLEANING SERVICES LIMITED,1.0,1,5118.57,,tier 4 fuzzy
HAGS – SMP Ltd,HAGS SMP LTD,00908021,HAGS-SMP LIMITED,,1,5109.06,,tier 1 demoted: register name disagrees
JARVIS TRAINING MANAGEMENT LTD,JARVIS TRAINING MANAGEMENT LTD,02354200,JARVIS TRAINING MANAGEMENT LIMITED,1.0,1,5100,,tier 4 fuzzy
VOUCHER EXPRESS,VOUCHER EXPRESS,00286143,VOUCHER EXPRESS LIMITED,1.0,1,5040,,tier 4 fuzzy
West & North Yorkshire Chamber of Commerce,WEST AND NORTH YORKSHIRE CHAMBER OF COMMERCE,00054940,WEST AND NORTH YORKSHIRE CHAMBER OF COMMERCE AND INDUSTRY,0.875,1,5000,,tier 4 fuzzy
Association of Independent Festivals,ASSOCIATION OF INDEPENDENT FESTIVALS,11246560,THE ASSOCIATION OF INDEPENDENT FESTIVALS LIMITED,1.0,1,5000,,tier 4 fuzzy
Grosvenor Supermarket,GROSVENOR SUPERMARKET,07593112,GROSVENOR SUPERMARKET LIMITED,1.0,1,5000,,tier 4 fuzzy
ESEA Contemporary,ESEA CONTEMPORARY,02137427,ESEA CONTEMPORARY LTD,1.0,1,5000,,tier 4 fuzzy
MAYK Theatre LTD,MAYK THEATRE LTD,CE034989,MAYK THEATRE,1.0,1,5000,,tier 4 fuzzy
Tim Groom Architects,TIM GROOM ARCHITECTS,05639668,TIM GROOM ARCHITECTS LTD,1.0,1,5000,,tier 4 fuzzy
Hope Community Church,HOPE COMMUNITY CHURCH,06181631,HOPE COMMUNITY CHURCH,1.0,1,4999,,tier 4 fuzzy
ABC Food Law,ABC FOOD LAW,08168250,ABC FOOD LAW LIMITED,1.0,1,4980.75,,tier 4 fuzzy
Twinkl,TWINKL,07201458,TWINKL LTD,1.0,1,4896.9,,tier 4 fuzzy
Fools Paradise,FOOLS PARADISE,03859585,FOOLS PARADISE LIMITED,1.0,1,4884,,tier 4 fuzzy
Aspire Accountancy School,ASPIRE ACCOUNTANCY SCHOOL,10073833,ASPIRE ACCOUNTANCY SCHOOL LIMITED,1.0,1,4864,,tier 4 fuzzy
Stitched Up,STITCHED UP,14279621,STITCHED UP LIMITED,1.0,1,4850,,tier 4 fuzzy
Parents Plus,PARENTS PLUS,07544448,PARENTS PLUS LTD,1.0,1,4834,,tier 4 fuzzy
Cherry Tree Developments,CHERRY TREE DEVELOPMENTS,08433610,CHERRY TREE DEVELOPMENTS LIMITED,1.0,1,4831.74,,tier 4 fuzzy
Rekindle School,REKINDLE SCHOOL,12206728,REKINDLE SCHOOL LTD,1.0,1,4800,,tier 4 fuzzy
Dandy Booksellers,DANDY BOOKSELLERS,04846829,DANDY BOOKSELLERS LIMITED,1.0,1,4795.95,,tier 4 fuzzy
MA Education Limited,MA EDUCATION LTD,04002826,MA EDUCATION & MUSIC LIMITED,,1,4770,,tier 1 demoted: register name disagrees
Flu Xpress,FLU XPRESS,07425649,FLU XPRESS LTD,1.0,1,4770,,tier 4 fuzzy
Bruton Knowles,BRUTON KNOWLES,12481998,BRUTON KNOWLES LIMITED,1.0,1,4750,,tier 4 fuzzy
No.5 Chambers,NO 5 CHAMBERS,02727465,NO 5 CHAMBERS LIMITED,1.0,1,4750,,tier 4 fuzzy
Bruton Knowles,BRUTON KNOWLES,12481998,BRUTON KNOWLES LIMITED,,1,4750,,tier 1 demoted: register name disagrees
Association of Learning Providers,ASSOCIATION OF LEARNING PROVIDERS,07623920,THE ASSOCIATION OF LEARNING PROVIDERS LIMITED,1.0,1,4650,,tier 4 fuzzy
Clifton Pharmacy,CLIFTON PHARMACY,04830645,CLIFTON PHARMACY LIMITED,1.0,1,4622.55,,tier 4 fuzzy
Enterprise Transport Training,ENTERPRISE TRANSPORT TRAINING,09884343,ENTERPRISE TRANSPORT TRAINING LIMITED,1.0,1,4615,,tier 4 fuzzy
Travis Perkins Trading Co Ltd,TRAVIS PERKINS TRADING CO LTD,00733503,TRAVIS PERKINS TRADING COMPANY LIMITED,,1,4599.98,,tier 1 demoted: register name disagrees
Spectrum Workwear,SPECTRUM WORKWEAR,14416318,SPECTRUM WORKWEAR LTD,1.0,1,4590,,tier 4 fuzzy
J Lister Electrical,J LISTER ELECTRICAL,04335941,J LISTER ELECTRICAL LIMITED,1.0,1,4518.16,,tier 4 fuzzy
Paul Richardson,PAUL RICHARDSON,12797597,PAUL RICHARDSON LIMITED,1.0,1,4500,,tier 4 fuzzy
John Sutch Cranes,JOHN SUTCH CRANES,07960996,JOHN SUTCH CRANES LIMITED,1.0,1,4500,,tier 4 fuzzy
Synergy Fire Engineering,SYNERGY FIRE ENGINEERING,08042517,SYNERGY FIRE ENGINEERING LIMITED,1.0,1,4500,,tier 4 fuzzy
Xtreme,XTREME,09880832,XTREME LTD,1.0,1,4440,,tier 4 fuzzy
Lexicon Linguistics,LEXICON LINGUISTICS,13057438,LEXICON LINGUISTICS LIMITED,1.0,1,4412.88,,tier 4 fuzzy
Abbeyway Commercial,ABBEYWAY COMMERCIAL,08355944,ABBEYWAY COMMERCIAL LTD,1.0,1,4408.86,,tier 4 fuzzy
BLUE ICE MACHINES,BLUE ICE MACHINES,07405679,BLUE ICE MACHINES LIMITED,1.0,1,4399,,tier 4 fuzzy
FLOOR EXPRESS,FLOOR EXPRESS,12093300,FLOOR EXPRESS LTD,1.0,1,4385.39,,tier 4 fuzzy
Chalfont Project,CHALFONT PROJECT,03700600,THE CHALFONT PROJECT LTD,1.0,1,4381.54,,tier 4 fuzzy
Fife Silica Sands,FIFE SILICA SANDS,SC237018,FIFE SILICA SANDS LIMITED,1.0,1,4353.36,,tier 4 fuzzy
Acorn Analytical Services,ACORN ANALYTICAL SERVICES,04723192,ACORN ANALYTICAL SERVICES LTD,1.0,1,4350,,tier 4 fuzzy
Acorn Analytical Services,ACORN ANALYTICAL SERVICES,08340465,ACORN ANALYTICAL SERVICES (UK) LTD,,1,4350,,tier 1 demoted: register name disagrees
Nabma,NABMA,10653452,NABMA LIMITED,1.0,1,4270,,tier 4 fuzzy
Screwfix Direct T/A Trade UK,SCREWFIX DIRECT,03006378,SCREWFIX DIRECT LIMITED,1.0,1,4242.74,,tier 4 fuzzy
Reeds Electrical,REEDS ELECTRICAL,13997007,REEDS ELECTRICAL LIMITED,1.0,1,4200.68,,tier 4 fuzzy
King and McGaw,KING AND MCGAW,03850720,KING & MCGAW LIMITED,1.0,1,4168.57,,tier 4 fuzzy
Greengauge Building Energy Consultants,GREENGAUGE BUILDING ENERGY CONSULTANTS,11366406,GREENGAUGE BUILDING ENERGY CONSULTANTS LTD,1.0,1,4122.5,,tier 4 fuzzy
Creased Puddle,CREASED PUDDLE,12186594,CREASED PUDDLE LTD,1.0,1,4100,,tier 4 fuzzy
The Property File,PROPERTY FILE,04710128,THE PROPERTY FILE LIMITED,1.0,1,4100,,tier 4 fuzzy
Whitecroft Lighting,WHITECROFT LIGHTING,03848973,WHITECROFT LIGHTING LIMITED,1.0,1,4095.87,,tier 4 fuzzy
Kennys Global Links,KENNYS GLOBAL LINKS,13114120,KENNYS GLOBAL LINKS LTD,1.0,1,4089,,tier 4 fuzzy
Nexus Planning,NEXUS PLANNING,08491440,NEXUS PLANNING LIMITED,,1,4059,,tier 1 demoted: register name disagrees
Nexus Planning,NEXUS PLANNING,08491440,NEXUS PLANNING LIMITED,1.0,1,4059,,tier 4 fuzzy
Gough Square Chambers,GOUGH SQUARE CHAMBERS,02792311,GOUGH SQUARE CHAMBERS LIMITED,1.0,1,4032,,tier 4 fuzzy
TULLOCH PROPERTY SERVICES,TULLOCH PROPERTY SERVICES,09831793,TULLOCH PROPERTY SERVICES LTD,1.0,1,4014.58,,tier 4 fuzzy
McDermott Smith Law Ltd,MCDERMOTT SMITH LAW LTD,09982511,MCDERMOTT SMITH LAW LTD,1.0,1,4000,,tier 4 fuzzy
Hulme Community Garden Centre,HULME COMMUNITY GARDEN CENTRE,IP28958R,HULME COMMUNITY GARDEN CENTRE LIMITED,1.0,1,3986,,tier 4 fuzzy
University of Wolverhampton,UNIVERSITY OF WOLVERHAMPTON,08124820,THE ROWLEY LEARNING TRUST,,1,3957,,tier 1 demoted: register name disagrees
Freight Transport Association t/a FTA Logistics Uk,FREIGHT TRANSPORT ASSOCIATION,00391957,FREIGHT TRANSPORT ASSOCIATION LIMITED,1.0,1,3931.1,,tier 4 fuzzy
Street Doctors,STREET DOCTORS,08330240,STREET DOCTORS LTD,1.0,1,3900,,tier 4 fuzzy
Strategic Leisure Limited,STRATEGIC LEISURE LTD,07612989,STRATEGIC LEISURE LIMITED,1.0,2,3900,,tier 4 fuzzy
John Martin Painting Contractors,JOHN MARTIN PAINTING CONTRACTORS,02838653,JOHN MARTIN PAINTING CONTRACTORS LIMITED,1.0,1,3888,,tier 4 fuzzy
Heaton Park Garden Centre,HEATON PARK GARDEN CENTRE,09959608,HEATON PARK GARDEN CENTRE LIMITED,1.0,1,3840,,tier 4 fuzzy
DCS Extreme Cleaning Services,DCS EXTREME CLEANING SERVICES,14473787,DCS EXTREME CLEANING SERVICES LTD,1.0,1,3825,,tier 4 fuzzy
Managed Security Solutions,MANAGED SECURITY SOLUTIONS,04318423,MANAGED SECURITY SOLUTIONS LIMITED,1.0,1,3791.15,,tier 4 fuzzy
Vivid Care,VIVID CARE,13441014,VIVID CARE LIMITED,1.0,1,3791,,tier 4 fuzzy
Sporting Chance Project,SPORTING CHANCE PROJECT,08264603,SPORTING CHANCE PROJECT LIMITED,1.0,1,3782.5,,tier 4 fuzzy
Property Made to Order,PROPERTY MADE TO ORDER,11520182,PROPERTY MADE TO ORDER LTD,1.0,1,3750,,tier 4 fuzzy
Callack Consulting,CALLACK CONSULTING,15143445,CALLACK CONSULTING LIMITED,1.0,1,3750,,tier 4 fuzzy
PAYPAL,PAYPAL,FC037891,PAYPAL LIMITED,1.0,2,3743.3,,tier 4 fuzzy
Low Carbon Exchange Limited,LOW CARBON EXCHANGE LTD,07433422,SURESERVE ENERGY SERVICES SOUTH WEST LIMITED,,1,3700,,tier 1 demoted: register name disagrees
Claimsmiths Law,CLAIMSMITHS LAW,OC443644,CLAIMSMITHS LAW LLP,1.0,1,3700,,tier 4 fuzzy
Chaos Created,CHAOS CREATED,08335221,CHAOS CREATED LIMITED,1.0,1,3695,,tier 4 fuzzy
A2I Transcription Services,A2I TRANSCRIPTION SERVICES,05391625,A2I TRANSCRIPTION SERVICES LIMITED,1.0,1,3685,,tier 4 fuzzy
Garden Court Chambers,GARDEN COURT CHAMBERS,04170245,GARDEN COURT CHAMBERS LIMITED,1.0,1,3662,,tier 4 fuzzy
Frog Flowers,FROG FLOWERS,09364660,FROG FLOWERS LTD,1.0,1,3634,,tier 4 fuzzy
Furniture Resource Centre,FURNITURE RESOURCE CENTRE,02296329,FURNITURE RESOURCE CENTRE LIMITED,,1,3615.76,,tier 1 demoted: register name disagrees
Furniture Resource Centre,FURNITURE RESOURCE CENTRE,02296329,FURNITURE RESOURCE CENTRE LIMITED,1.0,1,3615.76,,tier 4 fuzzy
REEDS RAINS,REEDS RAINS,02568254,REEDS RAINS LIMITED,1.0,1,3604.96,,tier 4 fuzzy
Frontier Therapeutics,FRONTIER THERAPEUTICS,02552048,FRONTIER THERAPEUTICS LIMITED,1.0,1,3593.7,,tier 4 fuzzy
Product Source Group Limited t/a The Souvenir Collection,PRODUCT SOURCE GROUP LTD,05888031,PRODUCT SOURCE GROUP LIMITED,1.0,1,3590,,tier 4 fuzzy
The Pet Crematorium,PET CREMATORIUM,03442460,THE PET CREMATORIUM LIMITED,1.0,1,3547.5,,tier 4 fuzzy
M A Education Limited,M A EDUCATION LTD,04200377,M M A EDUCATION LIMITED,1.0,1,3544,,tier 4 fuzzy
Shaw Technical Solutions,SHAW TECHNICAL SOLUTIONS,07210362,SHAW TECHNICAL SOLUTIONS LTD,1.0,1,3485,,tier 4 fuzzy
NEWSQUEST MEDIA GROUP,NEWSQUEST MEDIA GROUP,01676637,NEWSQUEST MEDIA GROUP LIMITED,,1,3480.21,,tier 1 demoted: register name disagrees
NEWSQUEST MEDIA GROUP,NEWSQUEST MEDIA GROUP,01676637,NEWSQUEST MEDIA GROUP LIMITED,1.0,1,3480.21,,tier 4 fuzzy
Andrew Webster,ANDREW WEBSTER,04460609,ANDREW WEBSTER LIMITED,1.0,1,3450,,tier 4 fuzzy
Cultural Fusion,CULTURAL FUSION,11011311,CULTURAL FUSION LTD,1.0,1,3420,,tier 4 fuzzy
Doves and Eagle,DOVES AND EAGLE,09404810,DOVES AND EAGLE LIMITED,1.0,1,3400,,tier 4 fuzzy
Ecomove Bristol Ltd,ECOMOVE BRISTOL LTD,12734803,ECOMOVE BRISTOL LTD,1.0,1,3369.99,,tier 4 fuzzy
Street Style Surgery,STREET STYLE SURGERY,09400171,STREET STYLE SURGERY LTD,1.0,1,3355,,tier 4 fuzzy
Optima Electrical Training,OPTIMA ELECTRICAL TRAINING,11602281,OPTIMA ELECTRICAL TRAINING LTD,1.0,1,3331.25,,tier 4 fuzzy
Sitekit Solutions Ltd,SITEKIT SOLUTIONS LTD,SC426248,SITEKIT SOLUTIONS LIMITED,1.0,1,3263,,tier 4 fuzzy
Eversheds Sutherland,EVERSHEDS SUTHERLAND,OC304065,EVERSHEDS SUTHERLAND (INTERNATIONAL) LLP,,1,3261,,tier 1 demoted: register name disagrees
Eversheds Sutherland,EVERSHEDS SUTHERLAND,10501301,EVERSHEDS SUTHERLAND LIMITED,1.0,1,3261,,tier 4 fuzzy
Minster Veterinary Practice,MINSTER VETERINARY PRACTICE,05872103,MINSTER VETERINARY PRACTICE LTD,1.0,1,3256.86,,tier 4 fuzzy
NSPCC,NSPCC,RC000374,NATIONAL SOCIETY FOR THE PREVENTION OF CRUELTY TO CHILDREN,,1,3250,,tier 1 demoted: register name disagrees
Yorkshire Pest Control,YORKSHIRE PEST CONTROL,06434349,YORKSHIRE PEST CONTROL LIMITED,1.0,1,3220,,tier 4 fuzzy
Workplace Resolutions,WORKPLACE RESOLUTIONS,12359653,WORKPLACE RESOLUTIONS LTD,1.0,1,3200,,tier 4 fuzzy
Jhoots Pharmacy Ltd,JHOOTS PHARMACY LTD,06455188,JHOOTS PHARMACY LIMITED,1.0,1,3127.95,,tier 4 fuzzy
Graybrook Property,GRAYBROOK PROPERTY,09903791,GRAYBROOK PROPERTY LIMITED,1.0,1,3105,,tier 4 fuzzy
MJV & Co Solicitors,MJV AND CO SOLICITORS,10042666,MJV & CO SOLICITORS LTD,1.0,1,3100,,tier 4 fuzzy
NEWEY & EYRE,NEWEY AND EYRE,00216596,NEWEY & EYRE LIMITED,1.0,1,3099,,tier 4 fuzzy
Radweb,RADWEB,06057546,RADWEB LTD,1.0,1,3080,,tier 4 fuzzy
Onward Homes,ONWARD HOMES,IP17186R,ONWARD HOMES LIMITED,1.0,1,3069.02,,tier 4 fuzzy
Texthelp Ltd,TEXTHELP LTD,NI031186,EVERWAY OPCO LIMITED,,1,3027,,tier 1 demoted: register name disagrees
Hot Bed Press ltd,HOT BED PRESS LTD,03704774,HOT BED PRESS,1.0,1,3010,,tier 4 fuzzy
Libraries Connected LTD,LIBRARIES CONNECTED LTD,07559747,LIBRARIES CONNECTED,1.0,1,3003.23,,tier 4 fuzzy
1St Attendance Ltd,1ST ATTENDANCE LTD,03718715,1ST ATTENDANCE LIMITED,1.0,1,2988,,tier 4 fuzzy
Costumes with Character,COSTUMES WITH CHARACTER,03798725,COSTUMES WITH CHARACTER LIMITED,1.0,1,2975,,tier 4 fuzzy
Spicerhaart Residential Lettings,SPICERHAART RESIDENTIAL LETTINGS,05304360,SPICERHAART RESIDENTIAL LETTINGS LIMITED,1.0,1,2950.56,,tier 4 fuzzy
York Survey Supply Centre,YORK SURVEY SUPPLY CENTRE,04865649,YORK SURVEY SUPPLY CENTRE LIMITED,1.0,1,2928.81,,tier 4 fuzzy
FRANK ROGERS BUILDING CONTRACTOR,FRANK ROGERS BUILDING CONTRACTOR,01324100,FRANK ROGERS (BUILDING CONTRACTOR) LIMITED,1.0,1,2925,,tier 4 fuzzy
Wardley t/a HOME Cafe Bar,WARDLEY,06701699,WARDLEY LTD,1.0,1,2915,,tier 4 fuzzy
Gainsborough Healthcare Group,GAINSBOROUGH HEALTHCARE GROUP,10433373,GAINSBOROUGH HEALTHCARE GROUP LTD,1.0,1,2882.09,,tier 4 fuzzy
BRE GROUP,BRE GROUP,02704081,BRE GROUP LIMITED,1.0,1,2880,,tier 4 fuzzy
BARTON HUXLEY MANAGEMENT,BARTON HUXLEY MANAGEMENT,12819064,BARTON HUXLEY MANAGEMENT LTD,1.0,1,2860,,tier 4 fuzzy
Broughton House,BROUGHTON HOUSE,10596930,BROUGHTON HOUSE LIMITED,1.0,1,2854.35,,tier 4 fuzzy
1919,1919,OC383420,1919 LLP,1.0,1,2803.8,,tier 4 fuzzy
Parsons Marshall Psychology,PARSONS MARSHALL PSYCHOLOGY,08990307,PARSONS MARSHALL PSYCHOLOGY LIMITED,1.0,1,2778.96,,tier 4 fuzzy
Salford Professional Development,SALFORD PROFESSIONAL DEVELOPMENT,08127329,SALFORD PROFESSIONAL DEVELOPMENT LIMITED,1.0,1,2750,,tier 4 fuzzy
Versalift Distributors (UK) Ltd,VERSALIFT DISTRIBUTORS UK LTD,02888311,VERSALIFT UNITED KINGDOM LIMITED,,1,2716.92,,tier 1 demoted: register name disagrees
Nurture Pest Control,NURTURE PEST CONTROL,14916380,NURTURE PEST CONTROL LTD,1.0,1,2696,,tier 4 fuzzy
DNA Legal,DNA LEGAL,05976135,DNA LEGAL LIMITED,1.0,1,2683.06,,tier 4 fuzzy
Unit Chambers,UNIT CHAMBERS,12692522,UNIT CHAMBERS LTD,1.0,1,2650,,tier 4 fuzzy
MT Property Consultancy,MT PROPERTY CONSULTANCY,10998773,MT PROPERTY CONSULTANCY LIMITED,1.0,1,2635,,tier 4 fuzzy
Centre for Assessment,CENTRE FOR ASSESSMENT,04089911,CENTRE FOR ASSESSMENT LIMITED,1.0,1,2606.25,,tier 4 fuzzy
Clarion Housing Group,CLARION HOUSING GROUP,IP28038R,CLARION HOUSING GROUP LIMITED,1.0,1,2600,,tier 4 fuzzy
Coram Children's Legal Centre,CORAM CHILDREN S LEGAL CENTRE,01520787,CORAM CHILDREN'S LEGAL CENTRE LIMITED,1.0,1,2591,,tier 4 fuzzy
FOUNTAIN HOUSE,FOUNTAIN HOUSE,11087627,FOUNTAIN HOUSE LIMITED,1.0,1,2581.15,,tier 4 fuzzy
THE PREMIUM ESTATES,PREMIUM ESTATES,11958360,PREMIUM ESTATES LTD,1.0,1,2563.07,,tier 4 fuzzy
Complete Machine Services,COMPLETE MACHINE SERVICES,08034121,COMPLETE MACHINE SERVICES LTD,1.0,1,2550,,tier 4 fuzzy
Michael Ward,MICHAEL WARD,01911215,MICHAEL WARD LIMITED,1.0,1,2530,,tier 4 fuzzy
Bristol Queer People of Colour C.I.C,BRISTOL QUEER PEOPLE OF COLOUR C I C,15047968,BRISTOL QUEER PEOPLE OF COLOUR SOCIALS C.I.C.,0.875,1,2500,,tier 4 fuzzy
Curae Solicitors,CURAE SOLICITORS,13924238,CURAE SOLICITORS LTD,1.0,1,2500,,tier 4 fuzzy
Taxshield,TAXSHIELD,02806971,TAXSHIELD LIMITED,1.0,1,2500,,tier 4 fuzzy
BNP Paribas Real Estate & Property Management Uk Ltd,BNP PARIBAS REAL ESTATE AND PROPERTY MANAGEMENT UK LTD,04176965,BNP PARIBAS REAL ESTATE ADVISORY & PROPERTY MANAGEMENT UK LIMITED,0.8889,1,2500,,tier 4 fuzzy
Oxford Professional Education Group,OXFORD PROFESSIONAL EDUCATION GROUP,03354327,OXFORD PROFESSIONAL EDUCATION GROUP LIMITED,1.0,1,2500,,tier 4 fuzzy
Clyde & Co,CLYDE AND CO,OC326539,CLYDE & CO LLP,1.0,1,2495,,tier 4 fuzzy
Puckator,PUCKATOR,03413131,PUCKATOR LIMITED,1.0,1,2465.18,,tier 4 fuzzy
Neurobox,NEUROBOX,10744571,NEUROBOX LIMITED,1.0,1,2456,,tier 4 fuzzy
Collaborate & Innovate t/a Cosy Direct,COLLABORATE AND INNOVATE,07483416,COLLABORATE & INNOVATE LTD,1.0,1,2442.8,,tier 4 fuzzy
Arc Locksmiths,ARC LOCKSMITHS,08772926,ARC LOCKSMITHS LTD,1.0,1,2410,,tier 4 fuzzy
MCR SEO,MCR SEO,13958094,MCR SEO LIMITED,1.0,1,2400,,tier 4 fuzzy
Light & Wall T/A Proximity,LIGHT AND WALL,13952731,LIGHT & WALL LIMITED,1.0,1,2400,,tier 4 fuzzy
The Hawthorn Hotel,HAWTHORN HOTEL,11209392,HAWTHORN HOTEL LIMITED,1.0,1,2366.67,,tier 4 fuzzy
Meaco Measurement and Control,MEACO MEASUREMENT AND CONTROL,06571701,MEACO MEASUREMENT & CONTROL LIMITED,1.0,1,2355.25,,tier 4 fuzzy
Cut By Design,CUT BY DESIGN,14079117,CUT BY DESIGN LTD,1.0,1,2340,,tier 4 fuzzy
The Care Team,CARE TEAM,03020297,THE CARE TEAM LIMITED,1.0,1,2305,,tier 4 fuzzy
Briggs & Forrester Building Services Maintenance Ltd,BRIGGS AND FORRESTER BUILDING SERVICES MAINTENANCE LTD,04371530,BGIS BUILDING SERVICES MAINTENANCE LIMITED,,1,2302.22,,tier 1 demoted: register name disagrees
LARKSPUR LODGE,LARKSPUR LODGE,09042920,LARKSPUR LODGE LTD.,1.0,1,2287.5,,tier 4 fuzzy
Impermanence Dance Theatre Ltd,IMPERMANENCE DANCE THEATRE LTD,08924635,IMPERMANENCE DANCE THEATRE,1.0,1,2250,,tier 4 fuzzy
Lawyers in Local Government Ltd,LAWYERS IN LOCAL GOVERNMENT LTD,08379439,LAWYERS IN LOCAL GOVERNMENT,1.0,1,2245,,tier 4 fuzzy
Vink UK t/a Sheet Plastics,VINK UK,01220776,VINK UK LIMITED,1.0,1,2244.27,,tier 4 fuzzy
LITTLE SPROUTS DAY NURSERY,LITTLE SPROUTS DAY NURSERY,10374191,LITTLE SPROUTS DAY NURSERY LIMITED,1.0,1,2217.2,,tier 4 fuzzy
True Solicitors,TRUE SOLICITORS,OC372714,TRUE SOLICITORS LLP,1.0,1,2189.77,,tier 4 fuzzy
Chambers & Perkins,CHAMBERS AND PERKINS,10544904,CHAMBERS AND PERKINS LIMITED,1.0,1,2182.27,,tier 4 fuzzy
Matrix Chambers,MATRIX CHAMBERS,03923287,MATRIX CHAMBERS LIMITED,1.0,1,2166.66,,tier 4 fuzzy
TVM Health Limited,TVM HEALTH LTD,10764531,TVM HEALTH LIMITED,1.0,1,2092.7,,tier 4 fuzzy
Everything Environmental ltd t/a Vent,EVERYTHING ENVIRONMENTAL LTD,05323887,EVERYTHING ENVIRONMENTAL LIMITED,1.0,1,2088.84,,tier 4 fuzzy
Little Years Nursery,LITTLE YEARS NURSERY,14019481,LITTLE YEARS NURSERY LTD,1.0,1,2080.98,,tier 4 fuzzy
Mainline Taxis,MAINLINE TAXIS,13933519,MAINLINE TAXIS LTD,1.0,1,2068,,tier 4 fuzzy
Molesworth Hotel,MOLESWORTH HOTEL,13139366,MOLESWORTH HOTEL LTD,1.0,1,2057,,tier 4 fuzzy
S J Engineering,S J ENGINEERING,04472451,S J ENGINEERING LIMITED,1.0,1,2054,,tier 4 fuzzy
Glenthorpe Homes,GLENTHORPE HOMES,09643368,GLENTHORPE HOMES LIMITED,1.0,1,2050,,tier 4 fuzzy
Whitcher Wildlife,WHITCHER WILDLIFE,04401613,WHITCHER WILDLIFE LIMITED,1.0,1,2050,,tier 4 fuzzy
Oculus Building Consultancy Ltd,OCULUS BUILDING CONSULTANCY LTD,03414863,OCULUS BUILDING CONSULTANCY LIMITED,1.0,1,2010,,tier 4 fuzzy
Halo Consultancy Services,HALO CONSULTANCY SERVICES,14222348,HALO CONSULTANCY SERVICES LTD,1.0,1,2006.65,,tier 4 fuzzy
Cheshire Woodlands,CHESHIRE WOODLANDS,08776536,CHESHIRE WOODLANDS LIMITED,1.0,1,2003.25,,tier 4 fuzzy
Townhouse lettings,TOWNHOUSE LETTINGS,06910393,TOWNHOUSE LETTINGS LIMITED,1.0,1,2000,,tier 4 fuzzy
Diggit,DIGGIT,09051546,DIGGIT LIMITED,1.0,1,2000,,tier 4 fuzzy
Bud Garden Centre,BUD GARDEN CENTRE,08883707,BUD GARDEN CENTRE LIMITED,1.0,1,2000,,tier 4 fuzzy
Paul Hilton Funeral Directors,PAUL HILTON FUNERAL DIRECTORS,11580015,PAUL HILTON FUNERAL DIRECTORS LIMITED,1.0,1,2000,,tier 4 fuzzy
Matrix Solicitors,MATRIX SOLICITORS,07470837,MATRIX SOLICITORS LIMITED,1.0,1,2000,,tier 4 fuzzy
Socitm Limited,SOCITM LTD,04396808,SOCITM,1.0,1,1995,,tier 4 fuzzy
Associated Security Services,ASSOCIATED SECURITY SERVICES,02453827,ASSOCIATED SECURITY SERVICES LIMITED,1.0,1,1985,,tier 4 fuzzy
Expert in Mind,EXPERT IN MIND,06563261,EXPERT IN MIND LIMITED,1.0,1,1959.1,,tier 4 fuzzy
Bristol It Company,BRISTOL IT COMPANY,06981921,BRISTOL IT COMPANY LTD,1.0,1,1952.08,,tier 4 fuzzy
Chorlton Community Land Trust,CHORLTON COMMUNITY LAND TRUST,RS008102,CHORLTON COMMUNITY LAND TRUST LIMITED,1.0,1,1950,,tier 4 fuzzy
Manchester Congolese Organisation,MANCHESTER CONGOLESE ORGANISATION,07564748,MANCHESTER CONGOLESE ORGANISATION LTD,1.0,1,1950,,tier 4 fuzzy
Wessex Pictures,WESSEX PICTURES,12341594,WESSEX PICTURES LIMITED,1.0,1,1914.15,,tier 4 fuzzy
Cooper Hall Solicitors,COOPER HALL SOLICITORS,10716468,COOPER HALL SOLICITORS LIMITED,1.0,1,1900,,tier 4 fuzzy
Frontline Training t/a Mental Health Training.co.uk,FRONTLINE TRAINING,13468221,FRONTLINE TRAINING LTD,1.0,1,1887,,tier 4 fuzzy
Hughes Removals,HUGHES REMOVALS,04378014,HUGHES REMOVALS LTD,1.0,1,1878.75,,tier 4 fuzzy
Outer Temple Chambers,OUTER TEMPLE CHAMBERS,04725709,THE OUTER TEMPLE CHAMBERS LIMITED,1.0,1,1866.7,,tier 4 fuzzy
Greenbank Lawyers,GREENBANK LAWYERS,07530496,GREENBANK LAWYERS LTD,1.0,1,1843.29,,tier 4 fuzzy
True Student Limited,TRUE STUDENT LTD,09864618,TRUE STUDENT LIMITED,1.0,1,1832,,tier 4 fuzzy
The Property Man,PROPERTY MAN,14540897,THE PROPERTY MAN LIMITED,1.0,1,1830,,tier 4 fuzzy
Eurofins Forensic Services,EUROFINS FORENSIC SERVICES,10715102,EUROFINS FORENSIC SERVICES LIMITED,,1,1820,,tier 1 demoted: register name disagrees
Eurofins Forensic Services,EUROFINS FORENSIC SERVICES,10715102,EUROFINS FORENSIC SERVICES LIMITED,1.0,1,1820,,tier 4 fuzzy
SOLACE Group,SOLACE GROUP,14545268,SOLACE GROUP LTD,1.0,1,1800,,tier 4 fuzzy
Literacy Planet,LITERACY PLANET,06197996,LITERACY PLANET LIMITED,1.0,1,1800,,tier 4 fuzzy
Nailsea Construction,NAILSEA CONSTRUCTION,05871898,NAILSEA CONSTRUCTION LIMITED,1.0,1,1789,,tier 4 fuzzy
Frontis Homes,FRONTIS HOMES,IP28841R,FRONTIS HOMES LIMITED,1.0,1,1781.99,,tier 4 fuzzy
The Production Guild,PRODUCTION GUILD,05883248,THE PRODUCTION GUILD LIMITED,1.0,1,1750,,tier 4 fuzzy
SUPREME CARPETS,SUPREME CARPETS,01649990,SUPREME CARPETS LIMITED,1.0,1,1739,,tier 4 fuzzy
Countrywide Residential Lettings,COUNTRYWIDE RESIDENTIAL LETTINGS,02995024,COUNTRYWIDE RESIDENTIAL LETTINGS LIMITED,1.0,1,1728,,tier 4 fuzzy
Amazing Grace,AMAZING GRACE,15893333,AMAZING GRACE LTD,1.0,1,1720,,tier 4 fuzzy
PSC Systems,PSC SYSTEMS,07448753,PSC SYSTEMS LIMITED,1.0,1,1710,,tier 4 fuzzy
LATCHKEY & VAULT,LATCHKEY AND VAULT,12599853,LATCHKEY & VAULT LIMITED,1.0,1,1700,,tier 4 fuzzy
Dunnell Estates,DUNNELL ESTATES,12457581,DUNNELL ESTATES LTD,1.0,1,1694.22,,tier 4 fuzzy
OMNI Support Group Ltd,OMNI SUPPORT GROUP LTD,13550438,OMNI SUPPORT GROUP LTD,1.0,1,1672.5,,tier 4 fuzzy
The University of Law,UNIVERSITY OF LAW,07933838,THE UNIVERSITY OF LAW LIMITED,1.0,1,1665,,tier 4 fuzzy
TOUGH FURNITURE,TOUGH FURNITURE,03333515,TOUGH FURNITURE LTD.,1.0,1,1664.4,,tier 4 fuzzy
Structural Solutions,STRUCTURAL SOLUTIONS,13069535,STRUCTURAL SOLUTIONS LTD,1.0,1,1650,,tier 4 fuzzy
Biffa Waste Services,BIFFA WASTE SERVICES,00946107,BIFFA WASTE SERVICES LIMITED,1.0,1,1625,,tier 4 fuzzy
Elizabeth House (Oldham),ELIZABETH HOUSE OLDHAM,04416439,ELIZABETH HOUSE (OLDHAM) LIMITED,1.0,1,1612,,tier 4 fuzzy
Lanes Group PLC,LANES GROUP PLC,03784486,LANES GROUP LIMITED,,1,1590,,tier 1 demoted: register name disagrees
SafeNet,SAFENET,03221595,SAFENET LIMITED,1.0,1,1586.11,,tier 4 fuzzy
School & Public Health Nurses Association (SAPHNA),SCHOOL AND PUBLIC HEALTH NURSES ASSOCIATION SAPHNA,CE003482,SCHOOL AND PUBLIC HEALTH NURSES ASSOCIATION,0.8571,1,1566.6,,tier 4 fuzzy
Linley & Simpson,LINLEY AND SIMPSON,03823391,LINLEY & SIMPSON LIMITED,1.0,1,1545,,tier 4 fuzzy
Gardeco Limited,GARDECO LTD,02881539,GARDECO LIMITED,1.0,1,1523,,tier 4 fuzzy
The SuperTalent Company,SUPERTALENT COMPANY,09484520,THE SUPERTALENT COMPANY LTD,1.0,1,1500,,tier 4 fuzzy
NATURE SIGN DESIGN,NATURE SIGN DESIGN,06146443,NATURE SIGN DESIGN LIMITED,1.0,1,1500,,tier 4 fuzzy
CHALK,CHALK,07564768,CHALK LIMITED,1.0,2,1500,,tier 4 fuzzy
Advantage Dyslexia,ADVANTAGE DYSLEXIA,13611033,ADVANTAGE DYSLEXIA LTD,1.0,1,1500,,tier 4 fuzzy
Dare 2 B Different,DARE 2 B DIFFERENT,04978684,DARE 2 B DIFFERENT LIMITED,1.0,1,1500,,tier 4 fuzzy
Symbol Family Support Services,SYMBOL FAMILY SUPPORT SERVICES,04408770,SYMBOL FAMILY SUPPORT SERVICES LIMITED,1.0,1,1490,,tier 4 fuzzy
Mark Johnson T/A Remarkable AV & Events,MARK JOHNSON,05499057,MARK JOHNSON LIMITED,1.0,1,1484,,tier 4 fuzzy
Wise Water Solutions,WISE WATER SOLUTIONS,04593499,WISE WATER SOLUTIONS LIMITED,1.0,1,1467.11,,tier 4 fuzzy
Rentokil Initial t/a Ambius UK,RENTOKIL INITIAL,00301044,RENTOKIL INITIAL UK LTD,,1,1452.52,,tier 1 demoted: register name disagrees
Rentokil Initial t/a Ambius UK,RENTOKIL INITIAL,05393279,RENTOKIL INITIAL PLC,1.0,1,1452.52,,tier 4 fuzzy
Progress Housing Association,PROGRESS HOUSING ASSOCIATION,IP27792R,PROGRESS HOUSING ASSOCIATION LIMITED,1.0,1,1450.54,,tier 4 fuzzy
Pixel Financial Management,PIXEL FINANCIAL MANAGEMENT,08161694,PIXEL FINANCIAL MANAGEMENT LTD,1.0,1,1450,,tier 4 fuzzy
M & S Property Services,M AND S PROPERTY SERVICES,13823975,M & S PROPERTY SERVICES LTD,1.0,1,1450,,tier 4 fuzzy
Treepartner,TREEPARTNER,SC482498,TREEPARTNER LTD.,1.0,1,1425,,tier 4 fuzzy
CIWM,CIWM,15426446,CIWM LTD,1.0,1,1418.93,,tier 4 fuzzy
Brain In Hand,BRAIN IN HAND,06971006,BRAIN-IN-HAND LIMITED,,1,1395,,tier 1 demoted: register name disagrees
Safetyflex Barriers,SAFETYFLEX BARRIERS,07187542,SAFETYFLEX BARRIERS LIMITED,1.0,1,1390,,tier 4 fuzzy
AJL Repair Services,AJL REPAIR SERVICES,15327923,AJL REPAIR SERVICES LTD,1.0,1,1388.98,,tier 4 fuzzy
CARPET HOUSE,CARPET HOUSE,14340075,CARPET HOUSE LTD,1.0,1,1380,,tier 4 fuzzy
Shared Lives Plus,SHARED LIVES PLUS,04511426,SHARED LIVES PLUS LIMITED,1.0,1,1379.17,,tier 4 fuzzy
GEORGE HILL OLDHAM OLDHAM,GEORGE HILL OLDHAM OLDHAM,00440308,GEORGE HILL (OLDHAM) LIMITED,1.0,1,1363.97,,tier 4 fuzzy
Total Training UK,TOTAL TRAINING UK,08372197,TOTAL TRAINING (UK) LTD,1.0,2,1320,,tier 4 fuzzy
W H Darby Ltd T/A Vaughtons,W H DARBY LTD,05337453,W H DARBY LIMITED,1.0,1,1317.63,,tier 4 fuzzy
SYKES COTTAGES,SYKES COTTAGES,04469189,SYKES COTTAGES LTD,1.0,1,1310,,tier 4 fuzzy
Civic Engineers,CIVIC ENGINEERS,06824088,CIVIC ENGINEERS LIMITED,1.0,1,1300,,tier 4 fuzzy
National Youth Advocacy Service Ltd,NATIONAL YOUTH ADVOCACY SERVICE LTD,02722134,THE NATIONAL YOUTH ADVOCACY SERVICE,1.0,1,1300,,tier 4 fuzzy
Blind Image,BLIND IMAGE,12357628,BLIND IMAGE LIMITED,1.0,1,1300,,tier 4 fuzzy
Community Furniture Store Selby,COMMUNITY FURNITURE STORE SELBY,05748655,COMMUNITY FURNITURE STORE (SELBY) LTD,1.0,1,1284.17,,tier 4 fuzzy
Emotion Coaching UK,EMOTION COACHING UK,09980744,EMOTION COACHING UK LIMITED,1.0,1,1280,,tier 4 fuzzy
St Johns Buildings,ST JOHNS BUILDINGS,03058225,ST. JOHNS BUILDINGS LIMITED,1.0,1,1262.5,,tier 4 fuzzy
OPODO,OPODO,04051797,OPODO LIMITED,1.0,1,1254.52,,tier 4 fuzzy
Contour Homes,CONTOUR HOMES,IP23607R,CONTOUR HOMES LIMITED,1.0,1,1253.35,,tier 4 fuzzy
Driscoll Kingston Solicitors,DRISCOLL KINGSTON SOLICITORS,11306253,DRISCOLL KINGSTON SOLICITORS LIMITED,1.0,1,1250,,tier 4 fuzzy
Stapleton Waterhouse,STAPLETON WATERHOUSE,04992409,STAPLETON WATERHOUSE LTD,1.0,1,1250,,tier 4 fuzzy
Carter Brown,CARTER BROWN,13697581,THE CARTER-BROWN GROUP LIMITED,,1,1245.32,,tier 1 demoted: register name disagrees
Castings Services,CASTINGS SERVICES,09631508,CASTINGS SERVICES LIMITED,1.0,1,1240,,tier 4 fuzzy
CIRIA,CIRIA,03821362,CIRIA SERVICES LIMITED,,1,1235,,tier 1 demoted: register name disagrees
Institute of Licensing Limited,INSTITUTE OF LICENSING LTD,04884548,THE INSTITUTE OF LICENSING,1.0,1,1230,,tier 4 fuzzy
Sedgemoor Publicity,SEDGEMOOR PUBLICITY,07184862,SEDGEMOOR PUBLICITY LTD,1.0,1,1230,,tier 4 fuzzy
GLO Security,GLO SECURITY,10413698,GLO SECURITY LTD,1.0,1,1202.68,,tier 4 fuzzy
Future Leap Es Ltd,FUTURE LEAP ES LTD,14874540,FUTURE LEAP ES LIMITED,1.0,1,1200,,tier 4 fuzzy
Acaster Malbis Community Events,ACASTER MALBIS COMMUNITY EVENTS,12392700,ACASTER MALBIS COMMUNITY EVENTS LTD,1.0,1,1200,,tier 4 fuzzy
Batchable Enterprises t/a Pharmaco,BATCHABLE ENTERPRISES,02855120,BATCHABLE ENTERPRISES LIMITED,1.0,1,1165.65,,tier 4 fuzzy
Immigration Social Work Services,IMMIGRATION SOCIAL WORK SERVICES,12989336,IMMIGRATION SOCIAL WORK SERVICES LIMITED,1.0,1,1160,,tier 4 fuzzy
GIFTCARDS GROUP,GIFTCARDS GROUP,14477867,GIFTCARDS GROUP LTD,1.0,1,1157.95,,tier 4 fuzzy
Arcus Consulting,ARCUS CONSULTING,07027105,ARCUS CONSULTING LIMITED,1.0,2,1150,,tier 4 fuzzy
Professional Association for Childcare and Early Years (PACEY),PROFESSIONAL ASSOCIATION FOR CHILDCARE AND EARLY YEARS PACEY,02060964,PROFESSIONAL ASSOCIATION FOR CHILDCARE AND EARLY YEARS,0.875,1,1145.63,,tier 4 fuzzy
STUDIO TWWO,STUDIO TWWO,09913080,STUDIO TWWO LIMITED,1.0,1,1140,,tier 4 fuzzy
Ethitec,ETHITEC,04298748,ETHITEC LIMITED,1.0,1,1134,,tier 4 fuzzy
Foresight Clinical Services,FORESIGHT CLINICAL SERVICES,06354163,FORESIGHT CLINICAL SERVICES LIMITED,1.0,1,1133.5,,tier 4 fuzzy
Everything Branded,EVERYTHING BRANDED,07216411,EVERYTHING BRANDED LIMITED,1.0,1,1129.75,,tier 4 fuzzy
Nisbets,NISBETS,01693112,NISBETS LIMITED,1.0,1,1128.1,,tier 4 fuzzy
Bidfood Foodservice,BIDFOOD FOODSERVICE,03694611,BIDFOOD FOODSERVICE LIMITED,1.0,1,1097.88,,tier 4 fuzzy
CONCAT Tech,CONCAT TECH,12730844,CONCAT TECH LTD,1.0,1,1095,,tier 4 fuzzy
Royce Furniture,ROYCE FURNITURE,12508015,ROYCE FURNITURE LTD,1.0,1,1060,,tier 4 fuzzy
Belle Vue Manchester,BELLE VUE MANCHESTER,03272014,BELLE VUE (MANCHESTER) LIMITED,1.0,1,1060,,tier 4 fuzzy
MANCHESTER APPLIANCES,MANCHESTER APPLIANCES,12210405,MANCHESTER APPLIANCES LIMITED,1.0,1,1050,,tier 4 fuzzy
Child in Mind,CHILD IN MIND,08303586,CHILD IN MIND LIMITED,1.0,1,1040,,tier 4 fuzzy
Creative Community,CREATIVE COMMUNITY,10949128,CREATIVE COMMUNITY LIMITED,1.0,1,1040,,tier 4 fuzzy
M & H PROPERTY MANAGEMENT,M AND H PROPERTY MANAGEMENT,09601962,M & H PROPERTY MANAGEMENT LIMITED,1.0,1,1013.4,,tier 4 fuzzy
Portland Nurseries,PORTLAND NURSERIES,07538309,PORTLAND NURSERIES LIMITED,1.0,1,1005.52,,tier 4 fuzzy
Blossoms Day Nursery,BLOSSOMS DAY NURSERY,05184063,BLOSSOMS DAY NURSERY LIMITED,1.0,1,1000,,tier 4 fuzzy
Farrer & Co,FARRER AND CO,OC323570,FARRER & CO LLP,1.0,1,1000,,tier 4 fuzzy
Combined Electrical Services Ltd,COMBINED ELECTRICAL SERVICES LTD,10680164,COMBINED ELECTRICAL SERVICES LIMITED,1.0,1,1000,,tier 4 fuzzy
Gas Safe Bristol,GAS SAFE BRISTOL,06128525,GAS SAFE BRISTOL LTD,1.0,1,1000,,tier 4 fuzzy
MIDAS,MIDAS,OE016371,MIDAS LIMITED,1.0,3,1000,,tier 4 fuzzy
Recolight,RECOLIGHT,05496729,RECOLIGHT LIMITED,1.0,1,995,,tier 4 fuzzy
WHICH?,WHICH,00677665,WHICH? LIMITED,1.0,1,994,,tier 4 fuzzy
Jeremy Dixon,JEREMY DIXON,04827403,JEREMY DIXON LIMITED,1.0,1,990,,tier 4 fuzzy
URBAN SPLASH WORK,URBAN SPLASH WORK,02076610,URBAN SPLASH WORK LIMITED,1.0,1,979.4,,tier 4 fuzzy
Association of Adult Education and Training Organisations (AAETO),ASSOCIATION OF ADULT EDUCATION AND TRAINING ORGANISATIONS AAETO,07230542,ASSOCIATION OF ADULT EDUCATION AND TRAINING ORGANISATIONS,0.875,1,975,,tier 4 fuzzy
Avon Commercial Recovery,AVON COMMERCIAL RECOVERY,08945190,AVON COMMERCIAL RECOVERY LIMITED,1.0,1,972,,tier 4 fuzzy
Kingsbrook Residents Association,KINGSBROOK RESIDENTS ASSOCIATION,10974189,KINGSBROOK RESIDENTS ASSOCIATION LIMITED,1.0,1,970,,tier 4 fuzzy
Rainbow Behavioural Therapies,RAINBOW BEHAVIOURAL THERAPIES,13641113,RAINBOW BEHAVIOURAL THERAPIES LIMITED,1.0,1,963.9,,tier 4 fuzzy
Interpreting Solutions 2UK,INTERPRETING SOLUTIONS 2UK,12404280,INTERPRETING SOLUTIONS (2UK) LTD,1.0,1,960,,tier 4 fuzzy
Kellen Homes,KELLEN HOMES,12807501,KELLEN HOMES LIMITED,1.0,1,955.16,,tier 4 fuzzy
Compass Services Uk & Ireland,COMPASS SERVICES UK AND IRELAND,00535338,"COMPASS SERVICES, UK AND IRELAND LIMITED",1.0,1,946,,tier 4 fuzzy
Texthelp Systems Ltd,TEXTHELP SYSTEMS LTD,NI031186,EVERWAY OPCO LIMITED,,1,946,,tier 1 demoted: register name disagrees
The Art File,ART FILE,05006340,THE ART FILE LIMITED,1.0,1,935.48,,tier 4 fuzzy
Let Me Manchester,LET ME MANCHESTER,09537000,LET ME MANCHESTER LIMITED,1.0,1,925,,tier 4 fuzzy
Kelcey & Hall,KELCEY AND HALL,11140242,KELCEY AND HALL LIMITED,1.0,1,922.94,,tier 4 fuzzy
Proforma Arts,PROFORMA ARTS,12277616,PROFORMA ARTS LTD,1.0,1,916.59,,tier 4 fuzzy
Stephensons Solicitors,STEPHENSONS SOLICITORS,OC322962,STEPHENSONS SOLICITORS LLP,1.0,1,912,,tier 4 fuzzy
Octopus Energy,OCTOPUS ENERGY,09263424,OCTOPUS ENERGY LIMITED,1.0,1,908.25,,tier 4 fuzzy
SAFELINCS,SAFELINCS,04715788,SAFELINCS LIMITED,1.0,1,886.79,,tier 4 fuzzy
I Drew This,I DREW THIS,10202910,I DREW THIS LTD.,1.0,1,880,,tier 4 fuzzy
Jon Ward,JON WARD,07228389,JON WARD LIMITED,1.0,1,870,,tier 4 fuzzy
Ezy Travel And Tours,EZY TRAVEL AND TOURS,13095040,EZY TRAVEL AND TOURS LTD,1.0,1,860,,tier 4 fuzzy
CH&I Associates,CH AND I ASSOCIATES,07526331,CH&I ASSOCIATES LTD,1.0,1,858.5,,tier 4 fuzzy
Whistle Punks UK Ltd,WHISTLE PUNKS UK LTD,08876383,WHISTLE PUNKS UK LTD.,1.0,1,853.33,,tier 4 fuzzy
CENTER PARCS,CENTER PARCS,01908230,CENTER PARCS LIMITED,1.0,1,849,,tier 4 fuzzy
R & R Pulleyn Developments,R AND R PULLEYN DEVELOPMENTS,05324072,R & R PULLEYN DEVELOPMENTS LTD,1.0,1,848,,tier 4 fuzzy
Rtech Carpets,RTECH CARPETS,14509503,RTECH CARPETS LTD,1.0,1,845,,tier 4 fuzzy
Automobile Association Developments,AUTOMOBILE ASSOCIATION DEVELOPMENTS,01878835,AUTOMOBILE ASSOCIATION DEVELOPMENTS LIMITED,1.0,1,844.2,,tier 4 fuzzy
BROADSWORD EVENT HOUSE,BROADSWORD EVENT HOUSE,05893488,BROADSWORD EVENT HOUSE LIMITED,1.0,1,840.48,,tier 4 fuzzy
SILVERDALE SOLICITORS,SILVERDALE SOLICITORS,07654380,SILVERDALE SOLICITORS LIMITED,1.0,1,840,,tier 4 fuzzy
Contour Property Services,CONTOUR PROPERTY SERVICES,IP23975R,CONTOUR PROPERTY SERVICES LIMITED,1.0,1,835.37,,tier 4 fuzzy
Pluck Andrew Solicitors,PLUCK ANDREW SOLICITORS,06827406,PLUCK ANDREW SOLICITORS LIMITED,1.0,1,831.4,,tier 4 fuzzy
VIEW,VIEW,07735056,THE VIEW LIMITED,1.0,1,825,,tier 4 fuzzy
PPS Environmental,PPS ENVIRONMENTAL,12807863,PPS ENVIRONMENTAL LTD,1.0,1,825,,tier 4 fuzzy
Letts-Stay,LETTS-STAY,12307074,LETTS-STAY LTD,1.0,1,800,,tier 4 fuzzy
Dance like a mother,DANCE LIKE A MOTHER,13940036,DANCE LIKE A MOTHER LTD,1.0,1,800,,tier 4 fuzzy
Hart Psychological Consulting,HART PSYCHOLOGICAL CONSULTING,09776517,HART PSYCHOLOGICAL CONSULTING LIMITED,1.0,1,798.13,,tier 4 fuzzy
FLEXPRESS,FLEXPRESS,03838202,FLEXPRESS LIMITED,1.0,1,797.6,,tier 4 fuzzy
Complete Tuition,COMPLETE TUITION,10239321,COMPLETE TUITION LTD,1.0,1,789.98,,tier 4 fuzzy
The Essential Information Group,ESSENTIAL INFORMATION GROUP,02972048,ESSENTIAL INFORMATION GROUP LIMITED,1.0,1,775,,tier 4 fuzzy
WALKING TOGETHER,WALKING TOGETHER,12560888,WALKING TOGETHER LTD,1.0,1,770,,tier 4 fuzzy
Executive Property Management,EXECUTIVE PROPERTY MANAGEMENT,SC233891,EXECUTIVE PROPERTY MANAGEMENT LIMITED,1.0,1,757.83,,tier 4 fuzzy
Signs Direct,SIGNS DIRECT,04600303,SIGNS DIRECT LTD,1.0,1,750.95,,tier 4 fuzzy
Quest Media Network Ltd,QUEST MEDIA NETWORK LTD,05098603,QUEST MEDIA NETWORK LIMITED,1.0,1,750,,tier 4 fuzzy
York City Football Club,YORK CITY FOOTBALL CLUB,04689338,YORK CITY FOOTBALL CLUB LIMITED,1.0,1,750,,tier 4 fuzzy
Online Ergonomics,ONLINE ERGONOMICS,05642546,ONLINE ERGONOMICS LIMITED,1.0,1,749.75,,tier 4 fuzzy
Magic Cleaning Solutions,MAGIC CLEANING SOLUTIONS,11179328,MAGIC CLEANING SOLUTIONS LIMITED,1.0,1,746.42,,tier 4 fuzzy
Met Engineers LTD,MET ENGINEERS LTD,07572046,MET ENGINEERS LTD,1.0,1,745,,tier 4 fuzzy
Information & Records Management Society,INFORMATION AND RECORDS MANAGEMENT SOCIETY,12914034,INFORMATION AND RECORDS MANAGEMENT SOCIETY LIMITED,1.0,1,744.17,,tier 4 fuzzy
G & B Cash Registers,G AND B CASH REGISTERS,05947407,G & B CASH REGISTERS LIMITED,1.0,1,739.5,,tier 4 fuzzy
Central and North West London NHS Foundation Trust,CENTRAL AND NORTH WEST LONDON NHS FOUNDATION TRUST,OC419167,QUALITY TRUSTED SOLUTIONS LLP,,1,730,,tier 1 demoted: register name disagrees
Perspective,PERSPECTIVE,05775742,PERSPECTIVE LIMITED,1.0,1,720.7,,tier 4 fuzzy
MARTINS CRAFT BAKERY,MARTINS CRAFT BAKERY,00505826,MARTINS CRAFT BAKERY LIMITED,1.0,1,720,,tier 4 fuzzy
Project Buzz Ltd,PROJECT BUZZ LTD,07404833,PROJECT BUZZ,1.0,1,720,,tier 4 fuzzy
ABILITY SMART,ABILITY SMART,10875477,ABILITY SMART LTD,1.0,1,720,,tier 4 fuzzy
CIVIL SERVICE COLLEGE,CIVIL SERVICE COLLEGE,07835721,CIVIL SERVICE COLLEGE LIMITED,1.0,1,714,,tier 4 fuzzy
Interpreting Solutions Ltd,INTERPRETING SOLUTIONS LTD,07243504,INTERPRETING SOLUTIONS LIMITED,1.0,1,697.91,,tier 4 fuzzy
Rosetta Landscape Design,ROSETTA LANDSCAPE DESIGN,08366706,ROSETTA LANDSCAPE DESIGN LIMITED,1.0,1,695,,tier 4 fuzzy
Wildlife and Birdcare Nature Recovery Project CIC,WILDLIFE AND BIRDCARE NATURE RECOVERY PROJECT CIC,14179237,WILDLIFE AND BIRDCARE NATURE RECOVERY PROJECT CIC,1.0,1,679.7,,tier 4 fuzzy
THE KEY,KEY,15047717,KEY LIMITED,1.0,1,676.97,,tier 4 fuzzy
Bunzl UK t/a National Safety Supplies/Guardsman,BUNZL UK,02902454,BUNZL UK LIMITED,1.0,1,644.62,,tier 4 fuzzy
ETILLS,ETILLS,06006123,ETILLS LIMITED,1.0,1,642.18,,tier 4 fuzzy
Manchester Professional Services,MANCHESTER PROFESSIONAL SERVICES,01997391,MANCHESTER PROFESSIONAL SERVICES LIMITED,1.0,1,640,,tier 4 fuzzy
Cull Paperless Solutions Ltd,CULL PAPERLESS SOLUTIONS LTD,08336744,CULL PAPERLESS SOLUTIONS LTD,1.0,1,639.7,,tier 4 fuzzy
IRISH TOWN MANCHESTER,IRISH TOWN MANCHESTER,13781331,IRISH TOWN MANCHESTER LIMITED,1.0,1,616.2,,tier 4 fuzzy
Russell & Russell Solicitors,RUSSELL AND RUSSELL SOLICITORS,OC420972,RUSSELL & RUSSELL SOLICITORS LLP,1.0,1,616,,tier 4 fuzzy
PRESTIGE TRAINING,PRESTIGE TRAINING,08015511,PRESTIGE TRAINING LTD,1.0,1,612,,tier 4 fuzzy
Community Revival UK,COMMUNITY REVIVAL UK,05674292,COMMUNITY REVIVAL (UK) LIMITED,1.0,1,600,,tier 4 fuzzy
Imagination Gaming,IMAGINATION GAMING,07636109,IMAGINATION GAMING LTD,1.0,1,600,,tier 4 fuzzy
COPPA,COPPA,09446776,COPPA LIMITED,1.0,1,600,,tier 4 fuzzy
Seca,SECA,01430864,SECA LIMITED,1.0,1,597,,tier 4 fuzzy
MEMS Power Generation,MEMS POWER GENERATION,02028435,MEMS POWER GENERATION LIMITED,1.0,1,595,,tier 4 fuzzy
Campbell Court Residents Association,CAMPBELL COURT RESIDENTS ASSOCIATION,01728964,CAMPBELL COURT RESIDENTS ASSOCIATION LIMITED,1.0,1,590,,tier 4 fuzzy
Maxaura,MAXAURA,02589748,MAXAURA LIMITED,1.0,1,586,,tier 4 fuzzy
Paragon Psychological Services,PARAGON PSYCHOLOGICAL SERVICES,06931712,PARAGON PSYCHOLOGICAL SERVICES LTD,1.0,1,585,,tier 4 fuzzy
Yorkshire Psychologists,YORKSHIRE PSYCHOLOGISTS,11350332,YORKSHIRE PSYCHOLOGISTS LTD,1.0,1,584.95,,tier 4 fuzzy
Ymestyn Ltd,YMESTYN LTD,15529684,YMESTYN,1.0,1,581.9,,tier 4 fuzzy
Focus 4 Print,FOCUS 4 PRINT,06613271,FOCUS 4 PRINT LIMITED,1.0,1,577,,tier 4 fuzzy
Skills For Care Solutions,SKILLS FOR CARE SOLUTIONS,07938138,SKILLS FOR CARE SOLUTIONS LIMITED,1.0,1,575,,tier 4 fuzzy
Harpercollins Publishers,HARPERCOLLINS PUBLISHERS,SC027389,HARPERCOLLINS PUBLISHERS LIMITED,1.0,1,573,,tier 4 fuzzy
Sherwood Training,SHERWOOD TRAINING,08922359,SHERWOOD TRAINING LIMITED,1.0,1,572,,tier 4 fuzzy
KARCHER CENTER MCC,KARCHER CENTER MCC,01918592,KARCHER CENTER MCC LTD,1.0,1,560,,tier 4 fuzzy
PsychRep UK,PSYCHREP UK,12071467,PSYCHREP UK LIMITED,1.0,1,551.44,,tier 4 fuzzy
Pitney Bowes Purchase Power,PITNEY BOWES PURCHASE POWER,00182037,PITNEY BOWES LIMITED,,1,550.71,,tier 1 demoted: register name disagrees
William Roche,WILLIAM ROCHE,10348666,WILLIAM ROCHE LTD,1.0,1,550,,tier 4 fuzzy
HOE GRANGE HOLIDAYS,HOE GRANGE HOLIDAYS,11445920,HOE GRANGE HOLIDAYS LIMITED,1.0,1,549,,tier 4 fuzzy
WADSWORTH SECURITY PRODUCTS,WADSWORTH SECURITY PRODUCTS,01520203,WADSWORTH SECURITY PRODUCTS LIMITED,1.0,1,547.25,,tier 4 fuzzy
Evidence Matters,EVIDENCE MATTERS,03232047,EVIDENCE MATTERS LTD,1.0,1,540,,tier 4 fuzzy
JJ Property Services,JJ PROPERTY SERVICES,13338041,JJ PROPERTY SERVICES LIMITED,1.0,1,538,,tier 4 fuzzy
The Road Surface Treatments Association,ROAD SURFACE TREATMENTS ASSOCIATION,00375993,THE ROAD SURFACE TREATMENTS ASSOCIATION LIMITED,1.0,1,530,,tier 4 fuzzy
Cafe des Amis,CAFE DES AMIS,14236479,CAFÉ DES AMIS LIMITED,1.0,1,528,,tier 4 fuzzy
John Whittlestone Associates,JOHN WHITTLESTONE ASSOCIATES,06329345,JOHN WHITTLESTONE ASSOCIATES LIMITED,1.0,1,525,,tier 4 fuzzy
Baker Street Bakers,BAKER STREET BAKERS,13392077,BAKER STREET BAKERS LTD,1.0,1,517.5,,tier 4 fuzzy
House Of Marbles,HOUSE OF MARBLES,01994465,HOUSE OF MARBLES LIMITED,1.0,1,502.4,,tier 4 fuzzy
Theatre@41,THEATRE 41,03940894,THEATRE@41 LTD.,1.0,1,500,,tier 4 fuzzy
Signs4Life,SIGNS4LIFE,11184892,SIGNS4LIFE LIMITED,1.0,1,500,,tier 4 fuzzy
Early Education,EARLY EDUCATION,09912389,EARLY EDUCATION LIMITED,1.0,1,500,,tier 4 fuzzy
Lexis Nexis,LEXIS NEXIS,07416642,LEXISNEXIS RISK SOLUTIONS UK LIMITED,,1,500,,tier 1 demoted: register name disagrees
WF Education Group Ltd,WF EDUCATION GROUP LTD,02285483,COMMERCIAL SERVICES EDUCATION LTD,,1,486,,tier 1 demoted: register name disagrees
Cimex Lectularius T/A British Bird Control,CIMEX LECTULARIUS,08437150,CIMEX LECTULARIUS LIMITED,1.0,1,480,,tier 4 fuzzy
Alpine Property Group Limited,ALPINE PROPERTY GROUP LTD,08018186,ALPINE PROPERTY GROUP LIMITED,1.0,1,475,,tier 4 fuzzy
Covergold,COVERGOLD,02765148,COVERGOLD LIMITED,1.0,1,460,,tier 4 fuzzy
Turn Back Time,TURN BACK TIME,08726143,TURN BACK TIME LIMITED,1.0,1,460,,tier 4 fuzzy
Historic England,HISTORIC ENGLAND,09325413,HISTORIC ENGLAND LIMITED,1.0,1,450,,tier 4 fuzzy
Dalby Activity Centre,DALBY ACTIVITY CENTRE,10884493,DALBY ACTIVITY CENTRE LTD,1.0,1,450,,tier 4 fuzzy
Innova T/A Aquadapt,INNOVA,04052391,INNOVA LIMITED,1.0,1,445,,tier 4 fuzzy
Novotel,NOVOTEL,05396515,NOVOTEL LIMITED,1.0,1,437.5,,tier 4 fuzzy
Hortec,HORTEC,SC252944,HORTEC LIMITED,1.0,1,428.85,,tier 4 fuzzy
York St John Students Union Ltd,YORK ST JOHN STUDENTS UNION LTD,07250320,YORK ST JOHN STUDENTS' UNION,1.0,1,412,,tier 4 fuzzy
Rethink Mental Illness Ltd,RETHINK MENTAL ILLNESS LTD,01227970,RETHINK MENTAL ILLNESS,1.0,1,409.03,,tier 4 fuzzy
Cameo Engraving Co,CAMEO ENGRAVING CO,07924660,CAMEO ENGRAVING CO. LIMITED,1.0,1,391.77,,tier 4 fuzzy
Municipal Mutual Insurance Ltd,MUNICIPAL MUTUAL INSURANCE LTD,00076678,MUNICIPAL MUTUAL INSURANCE LIMITED,1.0,2,374.33,,tier 4 fuzzy
Jacobs,JACOBS,02594504,JACOBS U.K. LIMITED,,1,365,,tier 1 demoted: register name disagrees
Jordan Smith,JORDAN SMITH,11250057,JORDAN SMITH LTD,1.0,1,360,,tier 4 fuzzy
Kabir Family Law,KABIR FAMILY LAW,11738640,KABIR FAMILY LAW LIMITED,1.0,1,350,,tier 4 fuzzy
Living 4 Moments,LIVING 4 MOMENTS,12407129,LIVING 4 MOMENTS LTD,1.0,1,350,,tier 4 fuzzy
Banner,BANNER,07464584,BANNER LIMITED,1.0,1,307.92,,tier 4 fuzzy
Artventurers,ARTVENTURERS,07643933,ARTVENTURERS LIMITED,1.0,1,290,,tier 4 fuzzy
Leeds Environmental Design Associates,LEEDS ENVIRONMENTAL DESIGN ASSOCIATES,04112852,LEEDS ENVIRONMENTAL DESIGN ASSOCIATES LIMITED,1.0,1,275,,tier 4 fuzzy
Friends Of New Earswick Swimming Pool Cic,FRIENDS OF NEW EARSWICK SWIMMING POOL CIC,CE020809,FRIENDS OF NEW EARSWICK SWIMMING POOL,0.8571,1,270,,tier 4 fuzzy
The Plough Inn,PLOUGH INN,10757724,THE PLOUGH INN LIMITED,1.0,1,265,,tier 4 fuzzy
Home Group,HOME GROUP,IP22981R,HOME GROUP LIMITED,1.0,1,259.91,,tier 4 fuzzy
HBA Design,HBA DESIGN,11565705,HBA DESIGN LIMITED,1.0,1,250,,tier 4 fuzzy
Durham Care Line,DURHAM CARE LINE,02051987,DURHAM CARE LINE LIMITED,1.0,1,250,,tier 4 fuzzy
CYFOR,CYFOR,05495897,CYFOR LIMITED,1.0,1,0,,tier 4 fuzzy
Ashlea Landscaping,ASHLEA LANDSCAPING,01646393,ASHLEA LANDSCAPING LIMITED,1.0,1,0,,tier 4 fuzzy
Cartwright King Solicitors,CARTWRIGHT KING SOLICITORS,12450173,CARTWRIGHT KING SOLICITORS LTD,1.0,1,0,,tier 4 fuzzy
Torch Beam Training & Development,TORCH BEAM TRAINING AND DEVELOPMENT,13574777,TORCH BEAM TRAINING AND DEVELOPMENT LTD,1.0,1,-500,,tier 4 fuzzy
BEST4SYSTEMS,BEST4SYSTEMS,05251583,BEST4SYSTEMS LIMITED,1.0,1,-540,,tier 4 fuzzy
Nelson Transport,NELSON TRANSPORT,NI618189,NELSON TRANSPORT LTD,1.0,1,-2040,,tier 4 fuzzy
Solutions In Service,SOLUTIONS IN SERVICE,08824873,SOLUTIONS IN SERVICE LTD,1.0,1,-6480,,tier 4 fuzzy
Solutions In Service,SOLUTIONS IN SERVICE,08824873,SOLUTIONS IN SERVICE LTD,,1,-6480,,tier 1 demoted: register name disagrees
Gorsey Clough Nursing Home,GORSEY CLOUGH NURSING HOME,02055081,GORSEY CLOUGH NURSING HOME LIMITED,1.0,1,-18835.43,,tier 4 fuzzy
Sapphire Utility Solutions,SAPPHIRE UTILITY SOLUTIONS,08368213,SAPPHIRE UTILITY SOLUTIONS LIMITED,1.0,1,-85052.72,,tier 4 fuzzy
